name,cls,src,group,split,orig_split,w,h,out_name
11713547914_dd11630b77_o.jpg,fire,flickr,flickr_s17,train,train,4000,3000,11713547914_dd11630b77_o.jpg
11826515394_7959916eff_o.jpg,fire,flickr,flickr_s18,train,train,2816,2112,11826515394_7959916eff_o.jpg
11875858055_b291d73a36_o.jpg,fire,flickr,flickr_s19,train,train,2048,1536,11875858055_b291d73a36_o.jpg
11876298944_d12f714d39_o.jpg,fire,flickr,flickr_s20,train,train,2048,1536,11876298944_d12f714d39_o.jpg
11876299854_f22f787159_o.jpg,fire,flickr,flickr_s20,train,train,2048,1536,11876299854_f22f787159_o.jpg
18983401442_9023bb668c_o.jpg,fire,flickr,flickr_s22,val,train,3264,2448,18983401442_9023bb668c_o.jpg
19197957859_cb989ed680_o.jpg,fire,flickr,flickr_s24,train,train,5184,3456,19197957859_cb989ed680_o.jpg
20419875863_40d4dbbea0_o.jpg,fire,flickr,flickr_s25,train,train,3264,2448,20419875863_40d4dbbea0_o.jpg
20475688001_740a054dc2_o.jpg,fire,flickr,flickr_s26,train,train,2064,1161,20475688001_740a054dc2_o.jpg
20766695979_328dc0d014_o.jpg,fire,flickr,flickr_s30,test,train,4000,2248,20766695979_328dc0d014_o.jpg
20852908138_6197e27db6_o.jpg,fire,flickr,flickr_s31,train,train,1024,768,20852908138_6197e27db6_o.jpg
21034703142_ff5b7a78a9_o.jpg,fire,flickr,flickr_s34,train,train,1280,960,21034703142_ff5b7a78a9_o.jpg
21114883420_0cf47eb43a_o.jpg,fire,flickr,flickr_s36,val,train,4128,2322,21114883420_0cf47eb43a_o.jpg
21195497870_9865f62d8b_o.jpg,fire,flickr,flickr_s37,train,train,8844,5008,21195497870_9865f62d8b_o.jpg
21195499370_69227bf392_o.jpg,fire,flickr,flickr_s37,train,train,3789,5683,21195499370_69227bf392_o.jpg
21195741668_17c1281e9c_o.jpg,fire,flickr,flickr_s38,val,train,9599,5327,21195741668_17c1281e9c_o.jpg
21253785740_22d7735335_o.jpg,fire,flickr,flickr_s39,train,train,5041,3361,21253785740_22d7735335_o.jpg
21292365472_7045d2f1bc_o.jpg,fire,flickr,flickr_s40,train,train,4128,2322,21292365472_7045d2f1bc_o.jpg
21302983615_746b31213b_o.jpg,fire,flickr,flickr_s41,train,train,4128,2322,21302983615_746b31213b_o.jpg
21338590626_bcb81e24eb_o.jpg,fire,flickr,flickr_s42,train,train,4128,3096,21338590626_bcb81e24eb_o.jpg
21373170891_b45a5cfd52_o.jpg,fire,flickr,flickr_s43,train,train,4128,3096,21373170891_b45a5cfd52_o.jpg
21420066145_eef9273782_o.jpg,fire,flickr,flickr_s44,val,train,8427,2088,21420066145_eef9273782_o.jpg
21421381505_d553b92779_o.jpg,fire,flickr,flickr_s45,train,train,2576,1716,21421381505_d553b92779_o.jpg
21429820471_b637dc46de_o.jpg,fire,flickr,flickr_s46,test,train,2576,1716,21429820471_b637dc46de_o.jpg
21430901462_34c777a3b0_o.jpg,fire,flickr,flickr_s47,train,train,5739,3826,21430901462_34c777a3b0_o.jpg
21445932255_5c5391fcc5_o.jpg,fire,flickr,flickr_s48,train,train,4320,3240,21445932255_5c5391fcc5_o.jpg
21450338211_5e5932e711_o.jpg,fire,flickr,flickr_s49,train,train,5599,3733,21450338211_5e5932e711_o.jpg
23520595608_990735d4cb_o.jpg,fire,flickr,flickr_s52,train,train,3264,2448,23520595608_990735d4cb_o.jpg
23862985278_40828912c5_o.jpg,fire,flickr,flickr_s61,train,train,5562,3120,23862985278_40828912c5_o.jpg
25268092618_d42532a7db_o.jpg,fire,flickr,flickr_s70,train,train,5472,3648,25268092618_d42532a7db_o.jpg
26072333151_58603327f0_o.jpg,fire,flickr,flickr_s74,train,train,3264,2448,26072333151_58603327f0_o.jpg
26522932166_35e042ca06_o.jpg,fire,flickr,flickr_s77,train,train,8724,4500,26522932166_35e042ca06_o.jpg
26943699047_f37536c99a_o.jpg,fire,flickr,flickr_s79,train,train,6000,4000,26943699047_f37536c99a_o.jpg
26943713307_03bc33d56f_o.jpg,fire,flickr,flickr_s79,train,train,6000,4000,26943713307_03bc33d56f_o.jpg
26943717707_d2f58089f8_o.jpg,fire,flickr,flickr_s79,train,train,6000,4000,26943717707_d2f58089f8_o.jpg
26943722567_2e81b7882d_o.jpg,fire,flickr,flickr_s79,train,train,6000,4000,26943722567_2e81b7882d_o.jpg
27002907153_c817ac6558_o.jpg,fire,flickr,flickr_s81,train,train,3264,2448,27002907153_c817ac6558_o.jpg
27389369134_99b5b0da54_o.jpg,fire,flickr,flickr_s85,train,train,2592,1936,27389369134_99b5b0da54_o.jpg
27389369204_5f76e1e3f1_o.jpg,fire,flickr,flickr_s85,train,train,1632,1224,27389369204_5f76e1e3f1_o.jpg
27539093561_c89709c6c0_o.jpg,fire,flickr,flickr_s86,train,train,5312,2988,27539093561_c89709c6c0_o.jpg
27866316047_a4b6968d59_o.jpg,fire,flickr,flickr_s87,train,train,2048,1365,27866316047_a4b6968d59_o.jpg
27900338542_810a1ba4be_o.jpg,fire,flickr,flickr_s88,train,train,3000,2250,27900338542_810a1ba4be_o.jpg
27949942844_6a9d195535_o.jpg,fire,flickr,flickr_s89,train,train,2000,1501,27949942844_6a9d195535_o.jpg
27951203483_b40a9b0aa5_o.jpg,fire,flickr,flickr_s90,test,train,2086,1536,27951203483_b40a9b0aa5_o.jpg
27978266643_95de6efafa_o.jpg,fire,flickr,flickr_s92,train,train,5312,2988,27978266643_95de6efafa_o.jpg
27978279043_c8e3467021_o.jpg,fire,flickr,flickr_s92,train,train,5312,2988,27978279043_c8e3467021_o.jpg
28015042694_dcc7244bfd_o.jpg,fire,flickr,flickr_s93,train,train,1224,1632,28015042694_dcc7244bfd_o.jpg
28072622597_f789e0f490_o.jpg,fire,flickr,flickr_s95,train,train,5068,3379,28072622597_f789e0f490_o.jpg
28368363193_a86b925901_o.jpg,fire,flickr,flickr_s98,test,train,2814,3752,28368363193_a86b925901_o.jpg
28431966447_1533de1d5f_o.jpg,fire,flickr,flickr_s99,train,train,5178,3452,28431966447_1533de1d5f_o.jpg
28431966937_30ca6f9f2e_o.jpg,fire,flickr,flickr_s99,train,train,5472,3648,28431966937_30ca6f9f2e_o.jpg
28431967897_9feb07ecd5_o.jpg,fire,flickr,flickr_s99,train,train,3648,5472,28431967897_9feb07ecd5_o.jpg
28431968257_796522ea52_o.jpg,fire,flickr,flickr_s99,train,train,5472,3648,28431968257_796522ea52_o.jpg
28431969527_cc48b18b05_o.jpg,fire,flickr,flickr_s99,train,train,5472,3648,28431969527_cc48b18b05_o.jpg
28431969917_c7ae8874e7_o.jpg,fire,flickr,flickr_s99,train,train,3648,5472,28431969917_c7ae8874e7_o.jpg
28431970167_11c406b50f_o.jpg,fire,flickr,flickr_s99,train,train,3648,5472,28431970167_11c406b50f_o.jpg
28431971297_d7b1c5383a_o.jpg,fire,flickr,flickr_s99,train,train,5472,3648,28431971297_d7b1c5383a_o.jpg
28431972557_7b9a741b18_o.jpg,fire,flickr,flickr_s99,train,train,5472,3648,28431972557_7b9a741b18_o.jpg
28431975197_d6415bdce5_o.jpg,fire,flickr,flickr_s99,train,train,5472,3648,28431975197_d6415bdce5_o.jpg
28431976157_b75441158f_o.jpg,fire,flickr,flickr_s99,train,train,3648,5472,28431976157_b75441158f_o.jpg
28431976667_00d38c095d_o.jpg,fire,flickr,flickr_s99,train,train,5472,3648,28431976667_00d38c095d_o.jpg
28459940212_0009f6b02b_o.jpg,fire,flickr,flickr_s100,train,train,3024,3024,28459940212_0009f6b02b_o.jpg
28459976202_11d097d569_o.jpg,fire,flickr,flickr_s100,train,train,4752,3168,28459976202_11d097d569_o.jpg
28460392672_b45947296a_o.jpg,fire,flickr,flickr_s101,test,train,3072,4608,28460392672_b45947296a_o.jpg
28460392742_954d8b5806_o.jpg,fire,flickr,flickr_s101,test,train,2988,5312,28460392742_954d8b5806_o.jpg
28460392812_9697a4061b_o.jpg,fire,flickr,flickr_s101,test,train,2988,5312,28460392812_9697a4061b_o.jpg
28460392862_87e7994f28_o.jpg,fire,flickr,flickr_s101,test,train,5312,2988,28460392862_87e7994f28_o.jpg
28460392932_8f8f418376_o.jpg,fire,flickr,flickr_s101,test,train,2048,1536,28460392932_8f8f418376_o.jpg
28460393002_6997371aa6_o.jpg,fire,flickr,flickr_s101,test,train,768,1024,28460393002_6997371aa6_o.jpg
28515641211_84eba008bd_o.jpg,fire,flickr,flickr_s102,val,train,2988,5312,28515641211_84eba008bd_o.jpg
28534641454_6e250001b1_o.jpg,fire,flickr,flickr_s104,train,train,1632,1224,28534641454_6e250001b1_o.jpg
28534678716_d2721e1f16_o.jpg,fire,flickr,flickr_s104,train,train,1152,768,28534678716_d2721e1f16_o.jpg
28537729283_1d2daeaf5f_o.jpg,fire,flickr,flickr_s105,train,train,2080,1560,28537729283_1d2daeaf5f_o.jpg
28736630711_0e5dfc16db_o.jpg,fire,flickr,flickr_s107,train,train,4032,3024,28736630711_0e5dfc16db_o.jpg
28743621984_dde9e64c11_o.jpg,fire,flickr,flickr_s108,train,train,3648,5472,28743621984_dde9e64c11_o.jpg
28743622414_9982dcd3e0_o.jpg,fire,flickr,flickr_s108,train,train,3648,5472,28743622414_9982dcd3e0_o.jpg
28752190796_96d6b5ed3a_o.jpg,fire,flickr,flickr_s109,train,train,3264,2448,28752190796_96d6b5ed3a_o.jpg
28757337722_68a87d1f68_o.jpg,fire,flickr,flickr_s110,train,train,3264,1836,28757337722_68a87d1f68_o.jpg
28786217271_4051825d50_o.jpg,fire,flickr,flickr_s112,train,train,2560,1440,28786217271_4051825d50_o.jpg
28790160057_7f620b0f0e_o.jpg,fire,flickr,flickr_s113,val,train,1200,900,28790160057_7f620b0f0e_o.jpg
28809483774_95e628c956_o.jpg,fire,flickr,flickr_s114,train,train,5760,3840,28809483774_95e628c956_o.jpg
28811874523_557bd5d653_o.jpg,fire,flickr,flickr_s115,train,train,3840,5760,28811874523_557bd5d653_o.jpg
28812298933_d2076951cd_o.jpg,fire,flickr,flickr_s116,train,train,5472,3648,28812298933_d2076951cd_o.jpg
28861884925_bdfb4316a2_o.jpg,fire,flickr,flickr_s118,train,train,2560,1440,28861884925_bdfb4316a2_o.jpg
28884029841_1c482d5cea_o.jpg,fire,flickr,flickr_s120,train,train,2048,1152,28884029841_1c482d5cea_o.jpg
28884030381_30546358a6_o.jpg,fire,flickr,flickr_s120,train,train,2048,1152,28884030381_30546358a6_o.jpg
28884030621_a460cbd512_o.jpg,fire,flickr,flickr_s120,train,train,2048,1152,28884030621_a460cbd512_o.jpg
28938988265_c0f1b478ce_o.jpg,fire,flickr,flickr_s121,test,train,730,487,28938988265_c0f1b478ce_o.jpg
28963795860_47a7439e21_o.jpg,fire,flickr,flickr_s122,train,train,3413,1920,28963795860_47a7439e21_o.jpg
29012886626_b81f04e597_o.jpg,fire,flickr,flickr_s123,train,train,2448,3264,29012886626_b81f04e597_o.jpg
29039280892_0be96308bd_o.jpg,fire,flickr,flickr_s124,train,train,3000,1326,29039280892_0be96308bd_o.jpg
29050868782_35d8ca6835_o.jpg,fire,flickr,flickr_s126,train,train,1080,720,29050868782_35d8ca6835_o.jpg
29050919492_af920985de_o.jpg,fire,flickr,flickr_s126,train,train,5472,3648,29050919492_af920985de_o.jpg
29050921152_a962e3e84f_o.jpg,fire,flickr,flickr_s126,train,train,768,1024,29050921152_a962e3e84f_o.jpg
29051042712_4e90da02eb_o.jpg,fire,flickr,flickr_s127,train,train,2964,2037,29051042712_4e90da02eb_o.jpg
29051042872_3c7a0a50a6_o.jpg,fire,flickr,flickr_s127,train,train,720,1080,29051042872_3c7a0a50a6_o.jpg
29053748132_7a1d89ea91_o.jpg,fire,flickr,flickr_s128,train,train,7360,4912,29053748132_7a1d89ea91_o.jpg
29079516630_d726213e54_o.jpg,fire,flickr,flickr_s130,train,train,5472,3648,29079516630_d726213e54_o.jpg
29079517220_5146896fc8_o.jpg,fire,flickr,flickr_s130,train,train,6000,4000,29079517220_5146896fc8_o.jpg
29130251788_bf65aa8530_o.jpg,fire,flickr,flickr_s133,train,train,4288,2848,29130251788_bf65aa8530_o.jpg
29156511165_7f0a1cf263_o.jpg,fire,flickr,flickr_s134,test,train,1500,1125,29156511165_7f0a1cf263_o.jpg
29156511225_78225ab62c_o.jpg,fire,flickr,flickr_s134,test,train,560,560,29156511225_78225ab62c_o.jpg
29156511375_4c6bdfcc17_o.jpg,fire,flickr,flickr_s134,test,train,2448,3264,29156511375_4c6bdfcc17_o.jpg
29156511535_6c37844879_o.jpg,fire,flickr,flickr_s134,test,train,1500,1125,29156511535_6c37844879_o.jpg
29156511655_b5a7073d55_o.jpg,fire,flickr,flickr_s134,test,train,1080,741,29156511655_b5a7073d55_o.jpg
29156511905_354ebebd35_o.jpg,fire,flickr,flickr_s134,test,train,1560,2080,29156511905_354ebebd35_o.jpg
29193406884_e425662e76_o.jpg,fire,flickr,flickr_s135,val,train,2448,3264,29193406884_e425662e76_o.jpg
29217069592_e139451645_o.jpg,fire,flickr,flickr_s136,train,train,4997,3456,29217069592_e139451645_o.jpg
29217081572_916011567e_o.jpg,fire,flickr,flickr_s136,train,train,5184,3456,29217081572_916011567e_o.jpg
29291581436_f8f73e28cd_o.jpg,fire,flickr,flickr_s138,train,train,5472,3648,29291581436_f8f73e28cd_o.jpg
29325398052_e2e665bfca_o.jpg,fire,flickr,flickr_s139,train,train,5490,3660,29325398052_e2e665bfca_o.jpg
29325831982_e5743845e0_o.jpg,fire,flickr,flickr_s140,train,train,5472,3648,29325831982_e5743845e0_o.jpg
29333324226_cf4d807cd4_o.jpg,fire,flickr,flickr_s141,val,train,1500,1125,29333324226_cf4d807cd4_o.jpg
29369955805_f0a93ac77e_o.jpg,fire,flickr,flickr_s142,train,train,2784,1945,29369955805_f0a93ac77e_o.jpg
29369957265_4873339791_o.jpg,fire,flickr,flickr_s142,train,train,3306,2432,29369957265_4873339791_o.jpg
29431349738_46e59567ea_o.jpg,fire,flickr,flickr_s143,train,train,5472,3648,29431349738_46e59567ea_o.jpg
29434256445_0fb01747a6_o.jpg,fire,flickr,flickr_s144,train,train,5724,3816,29434256445_0fb01747a6_o.jpg
29738293001_f2830b44bf_o.jpg,fire,flickr,flickr_s147,train,train,8432,2348,29738293001_f2830b44bf_o.jpg
29741635257_93de7a3830_o.jpg,fire,flickr,flickr_s148,val,train,6205,4137,29741635257_93de7a3830_o.jpg
29813751658_b7a76805cc_o.jpg,fire,flickr,flickr_s149,train,train,4032,3024,29813751658_b7a76805cc_o.jpg
29920980588_680c4fac49_o.jpg,fire,flickr,flickr_s150,train,train,387,303,29920980588_680c4fac49_o.jpg
29942433238_47496555ca_o.jpg,fire,flickr,flickr_s151,train,train,621,388,29942433238_47496555ca_o.jpg
30071151131_f1d7306553_o.jpg,fire,flickr,flickr_s152,train,train,3264,2448,30071151131_f1d7306553_o.jpg
30146885628_91cb57f5e9_o.jpg,fire,flickr,flickr_s153,train,train,6240,4160,30146885628_91cb57f5e9_o.jpg
30227791868_e72b72e0c3_o.jpg,fire,flickr,flickr_s154,train,train,4628,3084,30227791868_e72b72e0c3_o.jpg
30227794198_1bde9f94aa_o.jpg,fire,flickr,flickr_s154,train,train,6000,4000,30227794198_1bde9f94aa_o.jpg
30227796028_4e2866cd30_o.jpg,fire,flickr,flickr_s154,train,train,4564,3043,30227796028_4e2866cd30_o.jpg
30291241988_abd1397d0e_o.jpg,fire,flickr,flickr_s155,test,train,4240,2832,30291241988_abd1397d0e_o.jpg
30465240868_fed7cbb366_o.jpg,fire,flickr,flickr_s156,train,train,4160,6240,30465240868_fed7cbb366_o.jpg
30581369867_cc70426796_o.jpg,fire,flickr,flickr_s157,val,train,3264,1836,30581369867_cc70426796_o.jpg
30874319678_b44a05f558_o.jpg,fire,flickr,flickr_s160,train,train,4032,3024,30874319678_b44a05f558_o.jpg
31779181068_48e3660d32_o.jpg,fire,flickr,flickr_s163,val,train,3916,2211,31779181068_48e3660d32_o.jpg
32175874454_a929b41edf_o.jpg,fire,flickr,flickr_s164,train,train,960,542,32175874454_a929b41edf_o.jpg
32333431933_1ef83b3a4f_o.jpg,fire,flickr,flickr_s165,test,train,1280,720,32333431933_1ef83b3a4f_o.jpg
32894104394_bfe4bf3c79_o.jpg,fire,flickr,flickr_s166,train,train,4272,2848,32894104394_bfe4bf3c79_o.jpg
32894125434_2ce366b021_o.jpg,fire,flickr,flickr_s166,train,train,4272,2848,32894125434_2ce366b021_o.jpg
32918982992_f824f8a63d_o.jpg,fire,flickr,flickr_s167,train,train,600,400,32918982992_f824f8a63d_o.jpg
32923762953_0a7618d118_o.jpg,fire,flickr,flickr_s168,train,train,4272,2848,32923762953_0a7618d118_o.jpg
32923776623_06c59b5d7f_o.jpg,fire,flickr,flickr_s168,train,train,4272,2848,32923776623_06c59b5d7f_o.jpg
32939733596_6bed2927a5_o.jpg,fire,flickr,flickr_s169,val,train,3110,2014,32939733596_6bed2927a5_o.jpg
32979370456_aa15ee0a1a_o.jpg,fire,flickr,flickr_s170,train,train,960,496,32979370456_aa15ee0a1a_o.jpg
32979370576_393c40093f_o.jpg,fire,flickr,flickr_s170,train,train,960,508,32979370576_393c40093f_o.jpg
32979370606_a69c59f01c_o.jpg,fire,flickr,flickr_s170,train,train,960,544,32979370606_a69c59f01c_o.jpg
32979370756_f3df57684a_o.jpg,fire,flickr,flickr_s170,train,train,960,542,32979370756_f3df57684a_o.jpg
33100052051_4ed0ea664c_o.jpg,fire,flickr,flickr_s171,train,train,480,640,33100052051_4ed0ea664c_o.jpg
33115892694_a10f83b10f_o.jpg,fire,flickr,flickr_s172,train,train,1280,720,33115892694_a10f83b10f_o.jpg
33115893844_01d61f013e_o.jpg,fire,flickr,flickr_s172,train,train,1334,750,33115893844_01d61f013e_o.jpg
33115894144_bf615304ef_o.jpg,fire,flickr,flickr_s172,train,train,720,394,33115894144_bf615304ef_o.jpg
33146397673_46a304cb53_o.jpg,fire,flickr,flickr_s174,val,train,1334,750,33146397673_46a304cb53_o.jpg
33148836015_80a90c9ec3_o.jpg,fire,flickr,flickr_s175,train,train,1280,720,33148836015_80a90c9ec3_o.jpg
33352514763_954de88ae0_o.jpg,fire,flickr,flickr_s178,train,train,1952,1464,33352514763_954de88ae0_o.jpg
33574524210_89fdc7420a_o.jpg,fire,flickr,flickr_s179,train,train,1334,750,33574524210_89fdc7420a_o.jpg
33580463112_6589084e17_o.jpg,fire,flickr,flickr_s180,train,train,4272,2848,33580463112_6589084e17_o.jpg
33584185233_ec01986a56_o.jpg,fire,flickr,flickr_s181,test,train,3264,1836,33584185233_ec01986a56_o.jpg
33607866281_93d41bf0f4_o.jpg,fire,flickr,flickr_s182,val,train,4272,2848,33607866281_93d41bf0f4_o.jpg
33607913731_c8b97c23f7_o.jpg,fire,flickr,flickr_s182,val,train,4272,2848,33607913731_c8b97c23f7_o.jpg
33607918741_a2418c5ed5_o.jpg,fire,flickr,flickr_s182,val,train,4272,2848,33607918741_a2418c5ed5_o.jpg
33696300466_5cb38a1047_o.jpg,fire,flickr,flickr_s183,train,train,4272,2848,33696300466_5cb38a1047_o.jpg
33696310426_a0db391e64_o.jpg,fire,flickr,flickr_s183,train,train,4272,2848,33696310426_a0db391e64_o.jpg
33696315496_53c4e83863_o.jpg,fire,flickr,flickr_s183,train,train,4272,2848,33696315496_53c4e83863_o.jpg
33696329906_0577f32153_o.jpg,fire,flickr,flickr_s183,train,train,4272,2848,33696329906_0577f32153_o.jpg
33737027855_f74f71b6a1_o.jpg,fire,flickr,flickr_s184,train,train,4272,2848,33737027855_f74f71b6a1_o.jpg
33991421334_b8834e87ee_o.jpg,fire,flickr,flickr_s186,train,train,14658,5705,33991421334_b8834e87ee_o.jpg
34025005952_b1246f3b14_o.jpg,fire,flickr,flickr_s187,val,train,3024,4032,34025005952_b1246f3b14_o.jpg
34025008392_34f74c12ba_o.jpg,fire,flickr,flickr_s187,val,train,1977,1483,34025008392_34f74c12ba_o.jpg
34094010334_b62e68ea40_o.jpg,fire,flickr,flickr_s188,val,train,3024,4032,34094010334_b62e68ea40_o.jpg
34163415785_8355d7da30_o.jpg,fire,flickr,flickr_s189,train,train,3000,1312,34163415785_8355d7da30_o.jpg
34163416695_fd80717cd0_o.jpg,fire,flickr,flickr_s189,train,train,4032,3024,34163416695_fd80717cd0_o.jpg
34182396555_ed36d0170c_o.jpg,fire,flickr,flickr_s190,test,train,3024,4032,34182396555_ed36d0170c_o.jpg
34182400905_4c7fd1bc9d_o.jpg,fire,flickr,flickr_s190,test,train,1568,2091,34182400905_4c7fd1bc9d_o.jpg
34182401245_908ac4708b_o.jpg,fire,flickr,flickr_s190,test,train,2690,1183,34182401245_908ac4708b_o.jpg
34182404375_3aa8385db4_o.jpg,fire,flickr,flickr_s190,test,train,1887,1415,34182404375_3aa8385db4_o.jpg
34182404715_6454a87316_o.jpg,fire,flickr,flickr_s190,test,train,1811,1358,34182404715_6454a87316_o.jpg
34300723214_3e649f65dd_o.jpg,fire,flickr,flickr_s191,train,train,2484,1397,34300723214_3e649f65dd_o.jpg
34567852580_4b31f089e7_o.jpg,fire,flickr,flickr_s193,train,train,3000,2250,34567852580_4b31f089e7_o.jpg
34631783560_a93cbe6cf1_o.jpg,fire,flickr,flickr_s194,train,train,3264,1836,34631783560_a93cbe6cf1_o.jpg
34658106483_c0ed99d215_o.jpg,fire,flickr,flickr_s195,train,train,1624,1712,34658106483_c0ed99d215_o.jpg
34658119843_27994604c3_o.jpg,fire,flickr,flickr_s195,train,train,2896,3336,34658119843_27994604c3_o.jpg
34773677392_0eb5cb6c56_o.jpg,fire,flickr,flickr_s197,val,train,3024,4032,34773677392_0eb5cb6c56_o.jpg
34791620042_c6f1cc789d_o.jpg,fire,flickr,flickr_s198,train,train,2250,3000,34791620042_c6f1cc789d_o.jpg
34805106991_533fcc2bb7_o.jpg,fire,flickr,flickr_s199,test,train,3024,4032,34805106991_533fcc2bb7_o.jpg
34896789386_b524350749_o.jpg,fire,flickr,flickr_s201,train,train,4032,3024,34896789386_b524350749_o.jpg
34914713666_37fd3222f6_o.jpg,fire,flickr,flickr_s202,train,train,2048,1536,34914713666_37fd3222f6_o.jpg
34914714076_92bbdf68dc_o.jpg,fire,flickr,flickr_s202,train,train,3000,2250,34914714076_92bbdf68dc_o.jpg
34914716246_b84b6ce74c_o.jpg,fire,flickr,flickr_s202,train,train,2250,3000,34914716246_b84b6ce74c_o.jpg
34914717816_73bd740b6a_o.jpg,fire,flickr,flickr_s202,train,train,2048,1536,34914717816_73bd740b6a_o.jpg
34914718456_2660385319_o.jpg,fire,flickr,flickr_s202,train,train,2048,1536,34914718456_2660385319_o.jpg
34937366285_1698fc409d_o.jpg,fire,flickr,flickr_s203,train,train,4032,3024,34937366285_1698fc409d_o.jpg
34979352386_d7f84d688b_o.jpg,fire,flickr,flickr_s205,train,train,4032,3024,34979352386_d7f84d688b_o.jpg
35015020213_ef676ae49d_o.jpg,fire,flickr,flickr_s208,train,train,680,510,35015020213_ef676ae49d_o.jpg
35015020293_6565c8e6ee_o.jpg,fire,flickr,flickr_s208,train,train,960,720,35015020293_6565c8e6ee_o.jpg
35015020413_1578907ebe_o.jpg,fire,flickr,flickr_s208,train,train,680,510,35015020413_1578907ebe_o.jpg
35015020853_ec3403308b_o.jpg,fire,flickr,flickr_s208,train,train,680,510,35015020853_ec3403308b_o.jpg
35015021703_8dde144ac5_o.jpg,fire,flickr,flickr_s208,train,train,1400,880,35015021703_8dde144ac5_o.jpg
35015022573_1fcbb7c4fa_o.jpg,fire,flickr,flickr_s208,train,train,1200,716,35015022573_1fcbb7c4fa_o.jpg
35015025393_12cb0e3852_o.jpg,fire,flickr,flickr_s208,train,train,680,510,35015025393_12cb0e3852_o.jpg
35015025503_e9062876f7_o.jpg,fire,flickr,flickr_s208,train,train,680,510,35015025503_e9062876f7_o.jpg
35015071423_a6c8c2dfbe_o.jpg,fire,flickr,flickr_s208,train,train,1296,1080,35015071423_a6c8c2dfbe_o.jpg
35408981930_f7c118f308_o.jpg,fire,flickr,flickr_s209,train,train,640,480,35408981930_f7c118f308_o.jpg
35410025110_b70f64a6f4_o.jpg,fire,flickr,flickr_s210,train,train,5312,2988,35410025110_b70f64a6f4_o.jpg
35410487110_e7776351d8_o.jpg,fire,flickr,flickr_s211,train,train,3264,2448,35410487110_e7776351d8_o.jpg
35436551630_83ff810464_o.jpg,fire,flickr,flickr_s213,train,train,680,510,35436551630_83ff810464_o.jpg
35436558590_7317a3ea78_o.jpg,fire,flickr,flickr_s213,train,train,1200,731,35436558590_7317a3ea78_o.jpg
35436560230_e7630efe22_o.jpg,fire,flickr,flickr_s213,train,train,1200,742,35436560230_e7630efe22_o.jpg
35504733704_177275e7b4_o.jpg,fire,flickr,flickr_s214,train,train,5360,3588,35504733704_177275e7b4_o.jpg
35505051124_d96e15ca3c_o.jpg,fire,flickr,flickr_s215,test,train,5360,3580,35505051124_d96e15ca3c_o.jpg
35531859453_a75fb19cce_o.jpg,fire,flickr,flickr_s216,val,train,5344,3596,35531859453_a75fb19cce_o.jpg
35531863303_6e619eba6b_o.jpg,fire,flickr,flickr_s216,val,train,5360,3580,35531863303_6e619eba6b_o.jpg
35531874233_8d14e0c7ba_o.jpg,fire,flickr,flickr_s216,val,train,5360,3584,35531874233_8d14e0c7ba_o.jpg
35531874733_fe5136e087_o.jpg,fire,flickr,flickr_s216,val,train,5360,3584,35531874733_fe5136e087_o.jpg
35531879493_9d0edc5cf2_o.jpg,fire,flickr,flickr_s216,val,train,5360,3588,35531879493_9d0edc5cf2_o.jpg
35531880393_6e069a4320_o.jpg,fire,flickr,flickr_s216,val,train,5356,3584,35531880393_6e069a4320_o.jpg
35532185633_2477844982_o.jpg,fire,flickr,flickr_s218,train,train,5344,3584,35532185633_2477844982_o.jpg
35628850832_ef90c1e9be_o.jpg,fire,flickr,flickr_s221,train,train,640,480,35628850832_ef90c1e9be_o.jpg
35629885502_2956fb858e_o.jpg,fire,flickr,flickr_s222,train,train,3264,2448,35629885502_2956fb858e_o.jpg
35666721801_35f05dbd5f_o.jpg,fire,flickr,flickr_s223,train,train,4000,3000,35666721801_35f05dbd5f_o.jpg
35666924341_c69ea99ee3_o.jpg,fire,flickr,flickr_s224,train,train,5248,2297,35666924341_c69ea99ee3_o.jpg
35692760711_fc7a9de658_o.jpg,fire,flickr,flickr_s226,train,train,680,510,35692760711_fc7a9de658_o.jpg
35751271762_db47281eee_o.jpg,fire,flickr,flickr_s227,train,train,6746,3136,35751271762_db47281eee_o.jpg
35784578156_7ffd28578f_o.jpg,fire,flickr,flickr_s229,test,train,703,473,35784578156_7ffd28578f_o.jpg
35784582596_c3d413a0ba_o.jpg,fire,flickr,flickr_s229,test,train,1100,619,35784582596_c3d413a0ba_o.jpg
35798753325_5150318f95_o.jpg,fire,flickr,flickr_s230,train,train,4928,3264,35798753325_5150318f95_o.jpg
35824969685_ac6e45e024_o.jpg,fire,flickr,flickr_s232,train,train,2858,1867,35824969685_ac6e45e024_o.jpg
35883375265_c23cbece87_o.jpg,fire,flickr,flickr_s233,val,train,3486,2478,35883375265_c23cbece87_o.jpg
35943831620_2f3e25830c_o.jpg,fire,flickr,flickr_s235,train,train,5360,3584,35943831620_2f3e25830c_o.jpg
35943845740_086971ac89_o.jpg,fire,flickr,flickr_s235,train,train,5360,3584,35943845740_086971ac89_o.jpg
35943850740_63e2d0c036_o.jpg,fire,flickr,flickr_s235,train,train,5348,3576,35943850740_63e2d0c036_o.jpg
35944098020_cd1134dc54_o.jpg,fire,flickr,flickr_s236,train,train,5348,3580,35944098020_cd1134dc54_o.jpg
36114718993_02a17ebac8_o.jpg,fire,flickr,flickr_s237,val,train,5760,3840,36114718993_02a17ebac8_o.jpg
36171926842_09c60c4c31_o.jpg,fire,flickr,flickr_s238,test,train,5480,3684,36171926842_09c60c4c31_o.jpg
36171927572_ec3c2e0716_o.jpg,fire,flickr,flickr_s238,test,train,5328,3580,36171927572_ec3c2e0716_o.jpg
36171930962_755dabb02f_o.jpg,fire,flickr,flickr_s238,test,train,3592,5360,36171930962_755dabb02f_o.jpg
36171932072_630ac67274_o.jpg,fire,flickr,flickr_s238,test,train,5360,3580,36171932072_630ac67274_o.jpg
36171935652_889b2ea0f5_o.jpg,fire,flickr,flickr_s238,test,train,5360,3584,36171935652_889b2ea0f5_o.jpg
36171949262_9c948221bc_o.jpg,fire,flickr,flickr_s238,test,train,5360,3584,36171949262_9c948221bc_o.jpg
36204004331_9d7b73eae8_o.jpg,fire,flickr,flickr_s240,train,train,5360,3584,36204004331_9d7b73eae8_o.jpg
36204017671_a8a87f9efe_o.jpg,fire,flickr,flickr_s240,train,train,5336,3568,36204017671_a8a87f9efe_o.jpg
36296103976_8159204986_o.jpg,fire,flickr,flickr_s244,train,train,5352,3536,36296103976_8159204986_o.jpg
36296142916_d3f3bb36fc_o.jpg,fire,flickr,flickr_s244,train,train,5360,3580,36296142916_d3f3bb36fc_o.jpg
36296147916_c7385539eb_o.jpg,fire,flickr,flickr_s244,train,train,5360,3584,36296147916_c7385539eb_o.jpg
36340658435_4c5de984de_o.jpg,fire,flickr,flickr_s247,train,train,5580,3768,36340658435_4c5de984de_o.jpg
36340658665_3da07413ed_o.jpg,fire,flickr,flickr_s247,train,train,5340,3544,36340658665_3da07413ed_o.jpg
36340904035_5ecfe76717_o.jpg,fire,flickr,flickr_s248,test,train,5344,3572,36340904035_5ecfe76717_o.jpg
36451362154_bc062d5909_o.jpg,fire,flickr,flickr_s251,train,train,5760,3840,36451362154_bc062d5909_o.jpg
36533908230_1d6294d4af_o.jpg,fire,flickr,flickr_s254,test,train,3024,2072,36533908230_1d6294d4af_o.jpg
36583423933_01030ea8f5_o.jpg,fire,flickr,flickr_s255,test,train,4032,3024,36583423933_01030ea8f5_o.jpg
36610208784_c4cde0d404_o.jpg,fire,flickr,flickr_s256,test,train,2250,3000,36610208784_c4cde0d404_o.jpg
36663923064_69ef7931fe_o.jpg,fire,flickr,flickr_s258,test,train,3264,2448,36663923064_69ef7931fe_o.jpg
36702521533_5c00df89aa_o.jpg,fire,flickr,flickr_s262,train,train,620,463,36702521533_5c00df89aa_o.jpg
36792334002_e6c4ae2ac4_o.jpg,fire,flickr,flickr_s263,train,train,6016,4000,36792334002_e6c4ae2ac4_o.jpg
36823539121_e7c9664f0c_o.jpg,fire,flickr,flickr_s264,train,train,4000,6016,36823539121_e7c9664f0c_o.jpg
37116013080_b07925b7bc_o.jpg,fire,flickr,flickr_s270,test,train,1452,1936,37116013080_b07925b7bc_o.jpg
37116014660_643e6c286c_o.jpg,fire,flickr,flickr_s270,test,train,465,620,37116014660_643e6c286c_o.jpg
37116025350_36526c8548_o.jpg,fire,flickr,flickr_s270,test,train,4032,3024,37116025350_36526c8548_o.jpg
37116026440_336e415059_o.jpg,fire,flickr,flickr_s270,test,train,620,465,37116026440_336e415059_o.jpg
37116027540_e3df539e6e_o.jpg,fire,flickr,flickr_s270,test,train,1600,1200,37116027540_e3df539e6e_o.jpg
37116436092_15b77407fb_o.jpg,fire,flickr,flickr_s271,train,train,5760,3840,37116436092_15b77407fb_o.jpg
37116444652_2f0b5056e2_o.jpg,fire,flickr,flickr_s271,train,train,5760,3840,37116444652_2f0b5056e2_o.jpg
37289047155_6d38810664_o.jpg,fire,flickr,flickr_s273,val,train,5760,3840,37289047155_6d38810664_o.jpg
37325108406_e1f5e87e80_o.jpg,fire,flickr,flickr_s274,train,train,620,465,37325108406_e1f5e87e80_o.jpg
37325120996_c0c698ae0f_o.jpg,fire,flickr,flickr_s274,train,train,3264,2448,37325120996_c0c698ae0f_o.jpg
37325129916_d1c3000b17_o.jpg,fire,flickr,flickr_s274,train,train,600,800,37325129916_d1c3000b17_o.jpg
37325130876_c369e561ac_o.jpg,fire,flickr,flickr_s274,train,train,1137,640,37325130876_c369e561ac_o.jpg
37325134636_6828e71d1f_o.jpg,fire,flickr,flickr_s274,train,train,1920,1281,37325134636_6828e71d1f_o.jpg
37325145206_39f19f37c7_o.jpg,fire,flickr,flickr_s274,train,train,3264,2448,37325145206_39f19f37c7_o.jpg
37325148676_48253c6cb3_o.jpg,fire,flickr,flickr_s274,train,train,3264,2448,37325148676_48253c6cb3_o.jpg
37325150326_d09f23d3eb_o.jpg,fire,flickr,flickr_s274,train,train,3264,2448,37325150326_d09f23d3eb_o.jpg
37342469162_b93c91c05a_o.jpg,fire,flickr,flickr_s275,val,train,900,1200,37342469162_b93c91c05a_o.jpg
37342469622_5986183000_o.jpg,fire,flickr,flickr_s275,val,train,960,540,37342469622_5986183000_o.jpg
37342469732_6d6aa633b3_o.jpg,fire,flickr,flickr_s275,val,train,960,540,37342469732_6d6aa633b3_o.jpg
37342471232_fc3070ea8d_o.jpg,fire,flickr,flickr_s275,val,train,7974,2936,37342471232_fc3070ea8d_o.jpg
37342472242_0f006f3cae_o.jpg,fire,flickr,flickr_s275,val,train,1536,2048,37342472242_0f006f3cae_o.jpg
37342472282_d5c232501a_o.jpg,fire,flickr,flickr_s275,val,train,1280,359,37342472282_d5c232501a_o.jpg
37342480522_2dfdd4f170_o.jpg,fire,flickr,flickr_s275,val,train,300,225,37342480522_2dfdd4f170_o.jpg
37342493372_8b4a11c08e_o.jpg,fire,flickr,flickr_s275,val,train,620,468,37342493372_8b4a11c08e_o.jpg
37342493552_f1f4f5333a_o.jpg,fire,flickr,flickr_s275,val,train,620,465,37342493552_f1f4f5333a_o.jpg
37342498742_cb3edac833_o.jpg,fire,flickr,flickr_s275,val,train,576,591,37342498742_cb3edac833_o.jpg
37342504922_ed222fb8fa_o.jpg,fire,flickr,flickr_s275,val,train,3264,2448,37342504922_ed222fb8fa_o.jpg
37458838600_32e2465813_o.jpg,fire,flickr,flickr_s279,train,train,3974,3321,37458838600_32e2465813_o.jpg
37508627322_34fc6e85c2_o.jpg,fire,flickr,flickr_s280,train,train,6048,2532,37508627322_34fc6e85c2_o.jpg
37667872706_da4148fb77_o.jpg,fire,flickr,flickr_s281,val,train,5568,3712,37667872706_da4148fb77_o.jpg
37684207942_35259ab320_o.jpg,fire,flickr,flickr_s282,train,train,5568,3712,37684207942_35259ab320_o.jpg
38088823072_aa623aa8cd_o.jpg,fire,flickr,flickr_s283,train,train,1600,1069,38088823072_aa623aa8cd_o.jpg
38200838015_70f9a4b30a_o.jpg,fire,flickr,flickr_s285,test,train,4736,3157,38200838015_70f9a4b30a_o.jpg
38252965765_fa7e58f3fd_o.jpg,fire,flickr,flickr_s286,train,train,3648,5472,38252965765_fa7e58f3fd_o.jpg
38425122874_20fd4958cc_o.jpg,fire,flickr,flickr_s288,train,train,5472,3648,38425122874_20fd4958cc_o.jpg
39003231882_43dcdde8ae_o.jpg,fire,flickr,flickr_s289,train,train,3199,2031,39003231882_43dcdde8ae_o.jpg
40004175350_530d2896ac_o.jpg,fire,flickr,flickr_s293,train,train,6000,4000,40004175350_530d2896ac_o.jpg
40004278270_4178386118_o.jpg,fire,flickr,flickr_s294,train,train,7826,3000,40004278270_4178386118_o.jpg
40052135590_ff281a560c_o.jpg,fire,flickr,flickr_s295,train,train,6016,4000,40052135590_ff281a560c_o.jpg
40912833465_f0fd2c70a1_o.jpg,fire,flickr,flickr_s297,val,train,6000,4000,40912833465_f0fd2c70a1_o.jpg
4112276037_5a00123f8c_o.jpg,fire,flickr,flickr_s0,train,train,1902,2920,4112276037_5a00123f8c_o.jpg
4113043354_d5446423ee_o.jpg,fire,flickr,flickr_s1,train,train,3872,2592,4113043354_d5446423ee_o.jpg
4113045752_7f692b09c6_o.jpg,fire,flickr,flickr_s1,train,train,3888,2592,4113045752_7f692b09c6_o.jpg
41131066340_37d96db25d_o.jpg,fire,flickr,flickr_s301,test,train,6720,3780,41131066340_37d96db25d_o.jpg
41491769920_862cfdf03e_o.jpg,fire,flickr,flickr_s303,train,train,5361,3574,41491769920_862cfdf03e_o.jpg
41492172160_cc226fccd0_o.jpg,fire,flickr,flickr_s304,test,train,5472,3648,41492172160_cc226fccd0_o.jpg
41769492782_06198c8e66_o.jpg,fire,flickr,flickr_s306,train,train,6000,4000,41769492782_06198c8e66_o.jpg
41811331711_3953d331f3_o.jpg,fire,flickr,flickr_s307,train,train,5650,3767,41811331711_3953d331f3_o.jpg
41811387601_af923b9f7c_o.jpg,fire,flickr,flickr_s307,train,train,6000,4000,41811387601_af923b9f7c_o.jpg
41913479340_2269e4e70b_o.jpg,fire,flickr,flickr_s310,train,train,4867,3245,41913479340_2269e4e70b_o.jpg
42021016560_27fccb9b6f_o.jpg,fire,flickr,flickr_s311,train,train,615,354,42021016560_27fccb9b6f_o.jpg
42039899765_7bd38dc79e_o.jpg,fire,flickr,flickr_s312,train,train,6720,4480,42039899765_7bd38dc79e_o.jpg
42143488610_90fc11906c_o.jpg,fire,flickr,flickr_s313,train,train,6240,4160,42143488610_90fc11906c_o.jpg
42206136870_fbd39b5bc9_o.jpg,fire,flickr,flickr_s314,train,train,6067,4045,42206136870_fbd39b5bc9_o.jpg
42210814850_eb0d174856_o.jpg,fire,flickr,flickr_s315,train,train,6587,4391,42210814850_eb0d174856_o.jpg
42210817340_16e219716e_o.jpg,fire,flickr,flickr_s315,train,train,4437,6655,42210817340_16e219716e_o.jpg
42582899664_cca07c91b8_o.jpg,fire,flickr,flickr_s321,train,train,5472,3648,42582899664_cca07c91b8_o.jpg
42582908464_3c761ea37c_o.jpg,fire,flickr,flickr_s321,train,train,5472,3648,42582908464_3c761ea37c_o.jpg
42770631260_9553b47f0e_o.jpg,fire,flickr,flickr_s322,test,train,3264,2061,42770631260_9553b47f0e_o.jpg
42796501615_19845a0d0c_o.jpg,fire,flickr,flickr_s323,train,train,5184,3456,42796501615_19845a0d0c_o.jpg
42797043485_8cbd6ec10d_o.jpg,fire,flickr,flickr_s324,train,train,3024,4032,42797043485_8cbd6ec10d_o.jpg
42848957940_cc5924c5ba_o.jpg,fire,flickr,flickr_s326,train,train,3264,2448,42848957940_cc5924c5ba_o.jpg
42885999045_e2eb372c54_o.jpg,fire,flickr,flickr_s327,test,train,6144,4608,42885999045_e2eb372c54_o.jpg
42966886204_edcdeaf7f6_o.jpg,fire,flickr,flickr_s328,train,train,4032,3024,42966886204_edcdeaf7f6_o.jpg
42983576304_1e385a0831_o.jpg,fire,flickr,flickr_s329,val,train,4776,3184,42983576304_1e385a0831_o.jpg
43006225214_dac245102a_o.jpg,fire,flickr,flickr_s330,test,train,5184,3456,43006225214_dac245102a_o.jpg
43177865901_2ec1d82910_o.jpg,fire,flickr,flickr_s334,train,train,1600,1069,43177865901_2ec1d82910_o.jpg
43188959405_96cb576c77_o.jpg,fire,flickr,flickr_s335,val,train,6000,4000,43188959405_96cb576c77_o.jpg
43188982195_f6ee695bb7_o.jpg,fire,flickr,flickr_s335,val,train,6000,4000,43188982195_f6ee695bb7_o.jpg
43188992025_7a89e96477_o.jpg,fire,flickr,flickr_s335,val,train,5783,3855,43188992025_7a89e96477_o.jpg
43188998035_2b34926d13_o.jpg,fire,flickr,flickr_s335,val,train,6000,4000,43188998035_2b34926d13_o.jpg
43251219902_c9b58045f8_o.jpg,fire,flickr,flickr_s336,train,train,5472,3648,43251219902_c9b58045f8_o.jpg
43251220702_671d03f40b_o.jpg,fire,flickr,flickr_s336,train,train,5472,3648,43251220702_671d03f40b_o.jpg
43251632962_0a4d318bba_o.jpg,fire,flickr,flickr_s337,train,train,5472,3648,43251632962_0a4d318bba_o.jpg
43251633862_c4da756e5f_o.jpg,fire,flickr,flickr_s337,train,train,5472,3648,43251633862_c4da756e5f_o.jpg
43301439861_2d519d129a_o.jpg,fire,flickr,flickr_s338,train,train,5472,3648,43301439861_2d519d129a_o.jpg
43377037494_ea2f1a5605_o.jpg,fire,flickr,flickr_s339,train,train,6000,4000,43377037494_ea2f1a5605_o.jpg
43410505321_31a739fb64_o.jpg,fire,flickr,flickr_s340,train,train,4664,3202,43410505321_31a739fb64_o.jpg
43615020704_0b05413897_o.jpg,fire,flickr,flickr_s341,train,train,6240,4160,43615020704_0b05413897_o.jpg
43705414030_90d1a37a1a_o.jpg,fire,flickr,flickr_s342,train,train,3557,1879,43705414030_90d1a37a1a_o.jpg
43825007480_381db74ae8_o.jpg,fire,flickr,flickr_s344,train,train,4373,3376,43825007480_381db74ae8_o.jpg
43851607591_66484a20ec_o.jpg,fire,flickr,flickr_s345,train,train,2786,1576,43851607591_66484a20ec_o.jpg
43874926204_2a187404a2_o.jpg,fire,flickr,flickr_s346,val,train,3888,2592,43874926204_2a187404a2_o.jpg
43960398324_d7412ec013_o.jpg,fire,flickr,flickr_s347,train,train,6143,4095,43960398324_d7412ec013_o.jpg
43966660721_2fe5f5b199_o.jpg,fire,flickr,flickr_s348,train,train,6240,4160,43966660721_2fe5f5b199_o.jpg
44678766291_7bdf899e71_o.jpg,fire,flickr,flickr_s353,test,train,6240,4160,44678766291_7bdf899e71_o.jpg
44797217694_dbd11e2f30_o.jpg,fire,flickr,flickr_s354,test,train,6440,3234,44797217694_dbd11e2f30_o.jpg
44797461414_1478194b30_o.jpg,fire,flickr,flickr_s355,train,train,1600,900,44797461414_1478194b30_o.jpg
44918086364_fa8fe454d8_o.jpg,fire,flickr,flickr_s357,test,train,3376,6000,44918086364_fa8fe454d8_o.jpg
45016006222_9e7be65091_o.jpg,fire,flickr,flickr_s358,train,train,1052,1870,45016006222_9e7be65091_o.jpg
45059296945_0fa9acdddd_o.jpg,fire,flickr,flickr_s360,train,train,3269,1839,45059296945_0fa9acdddd_o.jpg
45471863472_e1d0ef9ab8_o.jpg,fire,flickr,flickr_s362,train,train,2268,3266,45471863472_e1d0ef9ab8_o.jpg
45600718572_9a9d934a92_o.jpg,fire,flickr,flickr_s363,train,train,4032,3024,45600718572_9a9d934a92_o.jpg
45923164272_8228e319f5_o.jpg,fire,flickr,flickr_s367,train,train,5760,3840,45923164272_8228e319f5_o.jpg
46900144012_84ce2e381c_o.jpg,fire,flickr,flickr_s371,train,train,4160,6240,46900144012_84ce2e381c_o.jpg
48250059486_c704921b5d_o.jpg,fire,flickr,flickr_s372,train,train,4272,2848,48250059486_c704921b5d_o.jpg
48250131842_a7c57629ed_o.jpg,fire,flickr,flickr_s372,train,train,800,533,48250131842_a7c57629ed_o.jpg
48250131857_9aa1552ea7_o.jpg,fire,flickr,flickr_s372,train,train,800,328,48250131857_9aa1552ea7_o.jpg
48472397992_74e30b024c_o.jpg,fire,flickr,flickr_s373,train,train,3264,2448,48472397992_74e30b024c_o.jpg
48472398187_d02c871a2e_o.jpg,fire,flickr,flickr_s373,train,train,3264,2448,48472398187_d02c871a2e_o.jpg
48490650006_669df22cf5_o.jpg,fire,flickr,flickr_s374,train,train,5472,3648,48490650006_669df22cf5_o.jpg
48531298001_17a4f2628b_o.jpg,fire,flickr,flickr_s375,test,train,800,532,48531298001_17a4f2628b_o.jpg
48536810256_e600ee55d8_o.jpg,fire,flickr,flickr_s376,train,train,2016,1512,48536810256_e600ee55d8_o.jpg
48579551262_b5963116c0_o.jpg,fire,flickr,flickr_s377,train,train,3264,2448,48579551262_b5963116c0_o.jpg
48937621673_940560ccbd_o.jpg,fire,flickr,flickr_s380,val,train,3797,2061,48937621673_940560ccbd_o.jpg
49785368728_0babc970df_o.jpg,fire,flickr,flickr_s389,train,train,4272,2848,49785368728_0babc970df_o.jpg
49785369068_ba10973d11_o.jpg,fire,flickr,flickr_s389,train,train,4272,2848,49785369068_ba10973d11_o.jpg
50138928937_240d314aa7_o.jpg,fire,flickr,flickr_s392,train,train,686,515,50138928937_240d314aa7_o.jpg
50163494266_c04244c4f3_o.jpg,fire,flickr,flickr_s393,val,train,3264,2448,50163494266_c04244c4f3_o.jpg
50163583211_0e4782cefe_o.jpg,fire,flickr,flickr_s393,val,train,3225,2419,50163583211_0e4782cefe_o.jpg
50163809252_54b7daedd2_o.jpg,fire,flickr,flickr_s394,train,train,4032,3024,50163809252_54b7daedd2_o.jpg
50180524588_981143b27d_o.jpg,fire,flickr,flickr_s395,train,train,8182,5455,50180524588_981143b27d_o.jpg
50181288522_70349fde7a_o.jpg,fire,flickr,flickr_s396,train,train,8101,5401,50181288522_70349fde7a_o.jpg
50184745623_0677d4ef81_o.jpg,fire,flickr,flickr_s397,train,train,2048,1367,50184745623_0677d4ef81_o.jpg
50185290881_62f8e56f35_o.jpg,fire,flickr,flickr_s398,train,train,2048,1366,50185290881_62f8e56f35_o.jpg
50225115988_91ee5e54e0_o.jpg,fire,flickr,flickr_s399,train,train,4032,3024,50225115988_91ee5e54e0_o.jpg
50229096501_da58951923_o.jpg,fire,flickr,flickr_s400,train,train,4972,3415,50229096501_da58951923_o.jpg
50229121426_9b22179db9_o.jpg,fire,flickr,flickr_s400,train,train,6720,4480,50229121426_9b22179db9_o.jpg
50229276113_5261a9a86c_o.jpg,fire,flickr,flickr_s401,train,train,3000,2250,50229276113_5261a9a86c_o.jpg
50229294722_b60e820a16_o.jpg,fire,flickr,flickr_s401,train,train,1616,1080,50229294722_b60e820a16_o.jpg
50229925311_ba849239ac_o.jpg,fire,flickr,flickr_s402,train,train,1244,2560,50229925311_ba849239ac_o.jpg
50229931036_fb45e41dcb_o.jpg,fire,flickr,flickr_s402,train,train,2048,1536,50229931036_fb45e41dcb_o.jpg
50230975677_c9cf065951_o.jpg,fire,flickr,flickr_s404,train,train,3758,5637,50230975677_c9cf065951_o.jpg
50237582976_83c13214ef_o.jpg,fire,flickr,flickr_s406,test,train,3000,968,50237582976_83c13214ef_o.jpg
50237929906_32fcef2170_o.jpg,fire,flickr,flickr_s407,val,train,4027,3017,50237929906_32fcef2170_o.jpg
50238157442_3c68dd1dbb_o.jpg,fire,flickr,flickr_s408,test,train,3016,2263,50238157442_3c68dd1dbb_o.jpg
50246118707_cfe8f84230_o.jpg,fire,flickr,flickr_s412,val,train,640,480,50246118707_cfe8f84230_o.jpg
50246254476_9197044114_o.jpg,fire,flickr,flickr_s413,train,train,4032,3024,50246254476_9197044114_o.jpg
50294329538_0d0eb0db94_o.jpg,fire,flickr,flickr_s417,train,train,6000,4000,50294329538_0d0eb0db94_o.jpg
50294332953_43e31a15bd_o.jpg,fire,flickr,flickr_s417,train,train,6000,4000,50294332953_43e31a15bd_o.jpg
50295008751_5b436a2f39_o.jpg,fire,flickr,flickr_s418,train,train,6000,4000,50295008751_5b436a2f39_o.jpg
50295161202_1860d562af_o.jpg,fire,flickr,flickr_s419,test,train,6000,4000,50295161202_1860d562af_o.jpg
50303149397_6ccef9a4f5_o.jpg,fire,flickr,flickr_s420,train,train,4032,3024,50303149397_6ccef9a4f5_o.jpg
50305839298_c5c8027429_o.jpg,fire,flickr,flickr_s421,test,train,2651,1988,50305839298_c5c8027429_o.jpg
50320042972_4b360e7903_o.jpg,fire,flickr,flickr_s422,train,train,5760,3840,50320042972_4b360e7903_o.jpg
50320947931_0e9aaf72d9_o.jpg,fire,flickr,flickr_s424,train,train,6927,4618,50320947931_0e9aaf72d9_o.jpg
50321112037_cb345fdbf3_o.jpg,fire,flickr,flickr_s425,train,train,8256,5504,50321112037_cb345fdbf3_o.jpg
50322959518_6b8991eacc_o.jpg,fire,flickr,flickr_s426,val,train,1440,919,50322959518_6b8991eacc_o.jpg
50322961488_4b774b7c3f_o.jpg,fire,flickr,flickr_s426,val,train,3264,2448,50322961488_4b774b7c3f_o.jpg
50323628016_b80b3c7a3e_o.jpg,fire,flickr,flickr_s427,train,train,3264,2448,50323628016_b80b3c7a3e_o.jpg
50323801727_aa1f463c63_o.jpg,fire,flickr,flickr_s428,train,train,1440,923,50323801727_aa1f463c63_o.jpg
50323805947_9ab063c02c_o.jpg,fire,flickr,flickr_s428,train,train,1440,809,50323805947_9ab063c02c_o.jpg
50338173282_414e2dfde9_o.jpg,fire,flickr,flickr_s430,train,train,5760,3840,50338173282_414e2dfde9_o.jpg
50343191921_f29318dbce_o.jpg,fire,flickr,flickr_s431,test,train,2250,3000,50343191921_f29318dbce_o.jpg
50343192331_144aeae558_o.jpg,fire,flickr,flickr_s431,test,train,5604,3900,50343192331_144aeae558_o.jpg
50356690687_f7c9058f01_o.jpg,fire,flickr,flickr_s432,val,train,4032,3024,50356690687_f7c9058f01_o.jpg
50379878213_080c48c308_o.jpg,fire,flickr,flickr_s433,train,train,1600,1066,50379878213_080c48c308_o.jpg
50379969133_97eb4b3e97_o.jpg,fire,flickr,flickr_s433,train,train,1536,2048,50379969133_97eb4b3e97_o.jpg
50380519696_3b4716c55c_o.jpg,fire,flickr,flickr_s434,train,train,1024,768,50380519696_3b4716c55c_o.jpg
50380592206_fa0cb90891_o.jpg,fire,flickr,flickr_s434,train,train,4032,2268,50380592206_fa0cb90891_o.jpg
50380756207_597721f58b_o.jpg,fire,flickr,flickr_s435,test,train,1200,1600,50380756207_597721f58b_o.jpg
50381618553_0b4920f961_o.jpg,fire,flickr,flickr_s436,train,train,5402,3174,50381618553_0b4920f961_o.jpg
50408444033_78cf8f5a76_o.jpg,fire,flickr,flickr_s437,val,train,1024,1024,50408444033_78cf8f5a76_o.jpg
50408482218_33be340324_o.jpg,fire,flickr,flickr_s437,val,train,1280,960,50408482218_33be340324_o.jpg
50408484648_6765265361_o.jpg,fire,flickr,flickr_s437,val,train,1024,768,50408484648_6765265361_o.jpg
50409179996_c9211fa826_o.jpg,fire,flickr,flickr_s438,train,train,3264,2448,50409179996_c9211fa826_o.jpg
50409184221_d299e2ba44_o.jpg,fire,flickr,flickr_s438,train,train,972,1296,50409184221_d299e2ba44_o.jpg
50409242091_d6286eb253_o.jpg,fire,flickr,flickr_s438,train,train,1008,756,50409242091_d6286eb253_o.jpg
50409254336_39dcaecc84_o.jpg,fire,flickr,flickr_s438,train,train,1200,1600,50409254336_39dcaecc84_o.jpg
50409260341_db7c6f37ed_o.jpg,fire,flickr,flickr_s438,train,train,864,648,50409260341_db7c6f37ed_o.jpg
50409279911_ecbd2ffc8f_o.jpg,fire,flickr,flickr_s438,train,train,640,480,50409279911_ecbd2ffc8f_o.jpg
50409394257_d883b12e16_o.jpg,fire,flickr,flickr_s439,val,train,1008,756,50409394257_d883b12e16_o.jpg
50516943398_0291669a23_o.jpg,fire,flickr,flickr_s440,train,train,4032,3024,50516943398_0291669a23_o.jpg
50517661351_3f89fc2101_o.jpg,fire,flickr,flickr_s441,train,train,7636,3900,50517661351_3f89fc2101_o.jpg
50576832732_6b3f8a8253_o.jpg,fire,flickr,flickr_s445,train,train,1280,960,50576832732_6b3f8a8253_o.jpg
50622038578_8fa57355ba_o.jpg,fire,flickr,flickr_s448,train,train,1280,1280,50622038578_8fa57355ba_o.jpg
50622099878_5461945502_o.jpg,fire,flickr,flickr_s448,train,train,1280,960,50622099878_5461945502_o.jpg
50622213948_0a26906622_o.jpg,fire,flickr,flickr_s449,train,train,796,488,50622213948_0a26906622_o.jpg
50622760386_ca8ecf40cc_o.jpg,fire,flickr,flickr_s450,train,train,5472,3648,50622760386_ca8ecf40cc_o.jpg
50622842921_74c0c9bf16_o.jpg,fire,flickr,flickr_s450,train,train,4032,3024,50622842921_74c0c9bf16_o.jpg
50622941702_2700870b47_o.jpg,fire,flickr,flickr_s450,train,train,4032,3024,50622941702_2700870b47_o.jpg
50622956461_36b6d5a368_o.jpg,fire,flickr,flickr_s450,train,train,4032,3024,50622956461_36b6d5a368_o.jpg
50622956796_c2778f635e_o.jpg,fire,flickr,flickr_s450,train,train,2016,1512,50622956796_c2778f635e_o.jpg
50623038182_c2752178f2_o.jpg,fire,flickr,flickr_s450,train,train,2272,1704,50623038182_c2752178f2_o.jpg
50623056657_2e848b0caa_o.jpg,fire,flickr,flickr_s450,train,train,4032,3024,50623056657_2e848b0caa_o.jpg
50623060397_1a1006da33_o.jpg,fire,flickr,flickr_s450,train,train,5755,3147,50623060397_1a1006da33_o.jpg
50623063192_ec4f7f56b2_o.jpg,fire,flickr,flickr_s450,train,train,4032,3024,50623063192_ec4f7f56b2_o.jpg
50623067652_6e52f46dac_o.jpg,fire,flickr,flickr_s450,train,train,3000,2000,50623067652_6e52f46dac_o.jpg
51182603157_bd5b0a1f46_o.jpg,fire,flickr,flickr_s456,train,train,7985,5323,51182603157_bd5b0a1f46_o.jpg
51182615912_99e81d78c1_o.jpg,fire,flickr,flickr_s456,train,train,7954,5303,51182615912_99e81d78c1_o.jpg
51183274846_75d95f2d7e_o.jpg,fire,flickr,flickr_s457,val,train,5741,3827,51183274846_75d95f2d7e_o.jpg
51183300781_6787a2c123_o.jpg,fire,flickr,flickr_s457,val,train,8256,5504,51183300781_6787a2c123_o.jpg
51184375575_e852de66c1_o.jpg,fire,flickr,flickr_s458,train,train,8256,5504,51184375575_e852de66c1_o.jpg
51192044867_963be5476d_o.jpg,fire,flickr,flickr_s459,train,train,8256,5504,51192044867_963be5476d_o.jpg
51192743366_3a39ab4750_o.jpg,fire,flickr,flickr_s460,test,train,7979,5319,51192743366_3a39ab4750_o.jpg
51192750856_e95734c066_o.jpg,fire,flickr,flickr_s460,test,train,2560,1707,51192750856_e95734c066_o.jpg
51192954503_3ee2a51c30_o.jpg,fire,flickr,flickr_s461,train,train,8256,5504,51192954503_3ee2a51c30_o.jpg
51192965828_d83ab2d831_o.jpg,fire,flickr,flickr_s461,train,train,2560,1707,51192965828_d83ab2d831_o.jpg
51193509174_808602e29f_o.jpg,fire,flickr,flickr_s462,train,train,8256,5504,51193509174_808602e29f_o.jpg
51193517864_61dd8fa201_o.jpg,fire,flickr,flickr_s462,train,train,2560,1707,51193517864_61dd8fa201_o.jpg
51193811890_4e5c8e91e0_o.jpg,fire,flickr,flickr_s463,train,train,2523,1682,51193811890_4e5c8e91e0_o.jpg
51193812575_6e7ce2f793_o.jpg,fire,flickr,flickr_s463,train,train,2560,1707,51193812575_6e7ce2f793_o.jpg
51193816410_a17a14ce07_o.jpg,fire,flickr,flickr_s463,train,train,8256,5504,51193816410_a17a14ce07_o.jpg
51224876521_c9544921af_o.jpg,fire,flickr,flickr_s464,train,train,600,800,51224876521_c9544921af_o.jpg
51233236409_c8d76eb111_o.jpg,fire,flickr,flickr_s465,train,train,2825,2119,51233236409_c8d76eb111_o.jpg
51233424362_786d10dc76_o.jpg,fire,flickr,flickr_s466,train,train,960,640,51233424362_786d10dc76_o.jpg
51233547662_fe872453f2_o.jpg,fire,flickr,flickr_s467,train,train,528,397,51233547662_fe872453f2_o.jpg
51234131611_f593a97b57_o.jpg,fire,flickr,flickr_s468,train,train,4032,3024,51234131611_f593a97b57_o.jpg
51234251701_5b8d0a89cf_o.jpg,fire,flickr,flickr_s469,val,train,960,1280,51234251701_5b8d0a89cf_o.jpg
51234326078_df61af625d_o.jpg,fire,flickr,flickr_s469,val,train,538,403,51234326078_df61af625d_o.jpg
51234462958_62dd13810c_o.jpg,fire,flickr,flickr_s470,train,train,1600,1200,51234462958_62dd13810c_o.jpg
51235180183_3721f18e63_o.jpg,fire,flickr,flickr_s471,train,train,4608,3456,51235180183_3721f18e63_o.jpg
51235316460_8279cd1316_o.jpg,fire,flickr,flickr_s472,train,train,1557,2076,51235316460_8279cd1316_o.jpg
51236035780_0b9a3f47fb_o.jpg,fire,flickr,flickr_s473,train,train,4608,3456,51236035780_0b9a3f47fb_o.jpg
51238558141_753e7807be_o.jpg,fire,flickr,flickr_s474,train,train,2304,1536,51238558141_753e7807be_o.jpg
51248360089_e7ea1fac21_o.jpg,fire,flickr,flickr_s475,train,train,5568,3712,51248360089_e7ea1fac21_o.jpg
51249533208_e0d2dbd593_o.jpg,fire,flickr,flickr_s476,train,train,720,540,51249533208_e0d2dbd593_o.jpg
51249539503_8ffc6571ce_o.jpg,fire,flickr,flickr_s476,train,train,960,1280,51249539503_8ffc6571ce_o.jpg
51263178215_d8db6bf777_o.jpg,fire,flickr,flickr_s477,train,train,4800,3000,51263178215_d8db6bf777_o.jpg
51276833581_ee92c55466_o.jpg,fire,flickr,flickr_s478,train,train,2714,1810,51276833581_ee92c55466_o.jpg
51283057621_de5d4e5bed_o.jpg,fire,flickr,flickr_s479,train,train,4032,3024,51283057621_de5d4e5bed_o.jpg
51284079330_305a79897b_o.jpg,fire,flickr,flickr_s480,test,train,5702,3807,51284079330_305a79897b_o.jpg
51285187151_1dd566f7f7_o.jpg,fire,flickr,flickr_s481,train,train,4032,3024,51285187151_1dd566f7f7_o.jpg
51285909189_01a4b610af_o.jpg,fire,flickr,flickr_s482,val,train,2897,2250,51285909189_01a4b610af_o.jpg
51285917069_5af3c24da9_o.jpg,fire,flickr,flickr_s482,val,train,4032,3024,51285917069_5af3c24da9_o.jpg
51286207225_dce2d3fee0_o.jpg,fire,flickr,flickr_s483,train,train,2016,1512,51286207225_dce2d3fee0_o.jpg
51298755366_12ae31316b_o.jpg,fire,flickr,flickr_s484,train,train,1920,1080,51298755366_12ae31316b_o.jpg
51299010911_26aaf74757_o.jpg,fire,flickr,flickr_s485,train,train,2016,1512,51299010911_26aaf74757_o.jpg
51299053281_e87ae6ec37_o.png,fire,flickr,flickr_s485,train,train,383,510,51299053281_e87ae6ec37_o.jpg
51310213455_e482232126_o.jpg,fire,flickr,flickr_s487,train,train,4032,3024,51310213455_e482232126_o.jpg
51320603897_d8b7036c7c_o.png,fire,flickr,flickr_s488,val,train,1320,1020,51320603897_d8b7036c7c_o.jpg
51321384616_c003a46eea_o.jpg,fire,flickr,flickr_s489,train,train,828,608,51321384616_c003a46eea_o.jpg
51321384666_c7b3e91be4_o.jpg,fire,flickr,flickr_s489,train,train,6000,4000,51321384666_c7b3e91be4_o.jpg
51341756029_4e29bba961_o.jpg,fire,flickr,flickr_s491,train,train,153,206,51341756029_4e29bba961_o.jpg
51342001385_ceaf784e25_o.jpg,fire,flickr,flickr_s492,train,train,1125,1923,51342001385_ceaf784e25_o.jpg
51353777180_ac4a44d7ee_o.jpg,fire,flickr,flickr_s494,train,train,4032,3024,51353777180_ac4a44d7ee_o.jpg
51404400098_fd7857958c_o.jpg,fire,flickr,flickr_s495,train,train,1816,2420,51404400098_fd7857958c_o.jpg
51404702784_7ca9c6e9c5_o.jpg,fire,flickr,flickr_s496,train,train,3024,4032,51404702784_7ca9c6e9c5_o.jpg
51404893549_96cbc566d5_o.jpg,fire,flickr,flickr_s497,train,train,800,600,51404893549_96cbc566d5_o.jpg
51405698152_895397de08_o.jpg,fire,flickr,flickr_s498,test,train,6000,4000,51405698152_895397de08_o.jpg
51475856852_0b60982b08_o.jpg,fire,flickr,flickr_s499,train,train,1120,840,51475856852_0b60982b08_o.jpg
51483678321_204e9a3567_o.jpg,fire,flickr,flickr_s500,val,train,4176,2784,51483678321_204e9a3567_o.jpg
51592667486_0cdd5ea63f_o.jpg,fire,flickr,flickr_s501,train,train,1284,2100,51592667486_0cdd5ea63f_o.jpg
51592886998_f6f34cf4fa_o.jpg,fire,flickr,flickr_s502,train,train,2048,1536,51592886998_f6f34cf4fa_o.jpg
51684323387_561da59dba_o.jpg,fire,flickr,flickr_s503,train,train,7360,4912,51684323387_561da59dba_o.jpg
51685102696_1b5260aa0a_o.jpg,fire,flickr,flickr_s504,train,train,980,1583,51685102696_1b5260aa0a_o.jpg
51685109951_f689a3da08_o.jpg,fire,flickr,flickr_s504,train,train,1280,960,51685109951_f689a3da08_o.jpg
51685971750_f491a480d3_o.jpg,fire,flickr,flickr_s507,train,train,1280,960,51685971750_f491a480d3_o.jpg
51685997425_ace18b01d6_o.jpg,fire,flickr,flickr_s507,train,train,1200,1600,51685997425_ace18b01d6_o.jpg
51686010835_ed65977bde_o.jpg,fire,flickr,flickr_s507,train,train,5472,3648,51686010835_ed65977bde_o.jpg
51700279846_b5cc4583de_o.jpg,fire,flickr,flickr_s508,train,train,4032,3024,51700279846_b5cc4583de_o.jpg
51700562473_3351488ed6_o.jpg,fire,flickr,flickr_s509,train,train,1280,960,51700562473_3351488ed6_o.jpg
51784868232_ee8d187496_o.jpg,fire,flickr,flickr_s510,train,train,5472,3648,51784868232_ee8d187496_o.jpg
51785683196_5d9e6e5b45_o.jpg,fire,flickr,flickr_s511,train,train,5472,3648,51785683196_5d9e6e5b45_o.jpg
51785936528_fc23e68ca1_o.jpg,fire,flickr,flickr_s512,train,train,5472,3648,51785936528_fc23e68ca1_o.jpg
51785936903_bc061a80b3_o.jpg,fire,flickr,flickr_s512,train,train,5472,3648,51785936903_bc061a80b3_o.jpg
51786302469_8793cda1f4_o.jpg,fire,flickr,flickr_s513,train,train,5472,3648,51786302469_8793cda1f4_o.jpg
51820296693_9ba629927f_o.jpg,fire,flickr,flickr_s514,train,train,4032,3024,51820296693_9ba629927f_o.jpg
51829087853_36bd588ba8_o.jpg,fire,flickr,flickr_s515,val,train,1296,1728,51829087853_36bd588ba8_o.jpg
51839429297_23e725a318_o.jpg,fire,flickr,flickr_s516,train,train,5472,3648,51839429297_23e725a318_o.jpg
51839432672_fa7e11f132_o.jpg,fire,flickr,flickr_s516,train,train,3264,2448,51839432672_fa7e11f132_o.jpg
51839436817_64da9116eb_o.jpg,fire,flickr,flickr_s516,train,train,5472,3648,51839436817_64da9116eb_o.jpg
51840334886_3207ecd073_o.jpg,fire,flickr,flickr_s517,test,train,5472,3648,51840334886_3207ecd073_o.jpg
51840372636_9258eb8261_o.jpg,fire,flickr,flickr_s517,test,train,2560,1920,51840372636_9258eb8261_o.jpg
51840373396_006b231bcc_o.jpg,fire,flickr,flickr_s517,test,train,1440,1799,51840373396_006b231bcc_o.jpg
51840427968_3d28b2dba6_o.jpg,fire,flickr,flickr_s517,test,train,2560,1920,51840427968_3d28b2dba6_o.jpg
51840497418_331b8005ec_o.jpg,fire,flickr,flickr_s517,test,train,4032,3024,51840497418_331b8005ec_o.jpg
51840699904_8fd60b5e83_o.jpg,fire,flickr,flickr_s518,test,train,4721,3147,51840699904_8fd60b5e83_o.jpg
51841108070_99931a7a81_o.jpg,fire,flickr,flickr_s519,train,train,1600,1200,51841108070_99931a7a81_o.jpg
51999850387_4ab939a7c0_o.jpg,fire,flickr,flickr_s521,train,train,667,1000,51999850387_4ab939a7c0_o.jpg
51999850677_3f462fc4d4_o.jpg,fire,flickr,flickr_s521,train,train,1000,667,51999850677_3f462fc4d4_o.jpg
51999850752_3a2abfb7e6_o.jpg,fire,flickr,flickr_s521,train,train,1000,750,51999850752_3a2abfb7e6_o.jpg
51999850907_d3a193223f_o.jpg,fire,flickr,flickr_s521,train,train,667,1000,51999850907_d3a193223f_o.jpg
52001122274_ceb0c16266_o.jpg,fire,flickr,flickr_s523,val,train,1000,667,52001122274_ceb0c16266_o.jpg
52001122849_0dc4cf6099_o.jpg,fire,flickr,flickr_s523,val,train,667,1000,52001122849_0dc4cf6099_o.jpg
52001399795_786038b87e_o.jpg,fire,flickr,flickr_s524,val,train,1000,667,52001399795_786038b87e_o.jpg
52001399950_16641739f2_o.jpg,fire,flickr,flickr_s524,val,train,667,1000,52001399950_16641739f2_o.jpg
52004693524_a7b9c1090d_o.jpg,fire,flickr,flickr_s525,train,train,1814,882,52004693524_a7b9c1090d_o.jpg
52020507769_3163130645_o.jpg,fire,flickr,flickr_s526,train,train,1280,960,52020507769_3163130645_o.jpg
52021777686_398d72c8f2_o.jpg,fire,flickr,flickr_s528,test,train,2365,1330,52021777686_398d72c8f2_o.jpg
52021777756_9b103c39b3_o.jpg,fire,flickr,flickr_s528,test,train,1706,960,52021777756_9b103c39b3_o.jpg
52036933592_0d94515c89_o.jpg,fire,flickr,flickr_s529,train,train,667,1000,52036933592_0d94515c89_o.jpg
52037975646_5f3beb0224_o.jpg,fire,flickr,flickr_s530,train,train,5472,3648,52037975646_5f3beb0224_o.jpg
52038223744_f643056f8c_o.jpg,fire,flickr,flickr_s531,train,train,5472,3648,52038223744_f643056f8c_o.jpg
52038492590_afc85eb409_o.jpg,fire,flickr,flickr_s532,train,train,1000,667,52038492590_afc85eb409_o.jpg
52038492755_cb909d2e08_o.jpg,fire,flickr,flickr_s532,train,train,5472,3648,52038492755_cb909d2e08_o.jpg
52045079187_89b2ea03ae_o.jpg,fire,flickr,flickr_s533,train,train,5472,3648,52045079187_89b2ea03ae_o.jpg
52046172443_a5da9c381b_o.jpg,fire,flickr,flickr_s534,val,train,3024,4032,52046172443_a5da9c381b_o.jpg
52046173993_0642fb0592_o.jpg,fire,flickr,flickr_s534,val,train,1672,1254,52046173993_0642fb0592_o.jpg
52078042281_49a46a89ec_o.jpg,fire,flickr,flickr_s535,train,train,1024,498,52078042281_49a46a89ec_o.jpg
52094235714_cd5c534086_o.jpg,fire,flickr,flickr_s536,train,train,280,280,52094235714_cd5c534086_o.jpg
52104987842_dc55d3abf0_o.jpg,fire,flickr,flickr_s537,train,train,7360,4912,52104987842_dc55d3abf0_o.jpg
52106522515_f03becf09c_o.jpg,fire,flickr,flickr_s539,train,train,6540,4365,52106522515_f03becf09c_o.jpg
52148619336_a5616a7a72_o.jpg,fire,flickr,flickr_s540,train,train,1080,810,52148619336_a5616a7a72_o.jpg
52149116460_a76bf7aaf8_o.jpg,fire,flickr,flickr_s541,train,train,4500,3375,52149116460_a76bf7aaf8_o.jpg
52225749001_ff620d0377_o.jpg,fire,flickr,flickr_s545,train,train,4032,3024,52225749001_ff620d0377_o.jpg
52225764993_1432285e60_o.jpg,fire,flickr,flickr_s545,train,train,2448,3264,52225764993_1432285e60_o.jpg
52226021084_624a8793b9_o.jpg,fire,flickr,flickr_s546,train,train,4032,3024,52226021084_624a8793b9_o.jpg
52226051534_d67a854c7f_o.jpg,fire,flickr,flickr_s546,train,train,2048,1536,52226051534_d67a854c7f_o.jpg
52226765042_660cffda0a_o.jpg,fire,flickr,flickr_s547,train,train,4392,3294,52226765042_660cffda0a_o.jpg
52226767292_d3a8dbe20d_o.jpg,fire,flickr,flickr_s547,train,train,4608,3456,52226767292_d3a8dbe20d_o.jpg
52229129077_018c10b246_o.jpg,fire,flickr,flickr_s549,val,train,4000,2252,52229129077_018c10b246_o.jpg
52229219776_9c44453320_o.jpg,fire,flickr,flickr_s549,val,train,622,280,52229219776_9c44453320_o.jpg
52229224318_9c44453320_o.jpg,fire,flickr,flickr_s549,val,train,622,280,52229224318_9c44453320_o.jpg
52229699510_028b5cc57d_o.jpg,fire,flickr,flickr_s550,train,train,622,280,52229699510_028b5cc57d_o.jpg
52231251857_edbea0a952_o.jpg,fire,flickr,flickr_s553,test,train,4090,3117,52231251857_edbea0a952_o.jpg
52231281737_dd64306712_o.jpg,fire,flickr,flickr_s553,test,train,4313,3235,52231281737_dd64306712_o.jpg
52232274786_3847f71eb8_o.jpg,fire,flickr,flickr_s554,train,train,4518,3389,52232274786_3847f71eb8_o.jpg
52232276831_2e8c11bcd5_o.jpg,fire,flickr,flickr_s554,train,train,4109,2929,52232276831_2e8c11bcd5_o.jpg
52232757565_40c11d1454_o.jpg,fire,flickr,flickr_s556,train,train,4608,3456,52232757565_40c11d1454_o.jpg
52232762500_1b1b8dd6ff_o.jpg,fire,flickr,flickr_s556,train,train,4608,3456,52232762500_1b1b8dd6ff_o.jpg
52234310776_961fb9a8b2_o.jpg,fire,flickr,flickr_s557,test,train,4032,3024,52234310776_961fb9a8b2_o.jpg
52234791505_88b83b699a_o.jpg,fire,flickr,flickr_s558,train,train,4032,1816,52234791505_88b83b699a_o.jpg
52258839831_ac734240b5_o.jpg,fire,flickr,flickr_s559,train,train,1280,716,52258839831_ac734240b5_o.jpg
52259119614_2746343258_o.jpg,fire,flickr,flickr_s560,test,train,4032,3024,52259119614_2746343258_o.jpg
52286820132_715b85c221_o.jpg,fire,flickr,flickr_s561,train,train,1777,1000,52286820132_715b85c221_o.jpg
52287794676_15e4f903e4_o.jpg,fire,flickr,flickr_s562,train,train,960,720,52287794676_15e4f903e4_o.jpg
52289825067_27c65b8212_o.jpg,fire,flickr,flickr_s563,train,train,620,465,52289825067_27c65b8212_o.jpg
52290047062_cee9b5f91c_o.jpg,fire,flickr,flickr_s564,train,train,620,465,52290047062_cee9b5f91c_o.jpg
52290526786_15ae9f7fde_o.jpg,fire,flickr,flickr_s565,train,train,624,468,52290526786_15ae9f7fde_o.jpg
52290796284_8b465b94d2_o.jpg,fire,flickr,flickr_s566,val,train,624,468,52290796284_8b465b94d2_o.jpg
52290796329_65591e8836_o.jpg,fire,flickr,flickr_s566,val,train,624,468,52290796329_65591e8836_o.jpg
52290796394_7df634d823_o.jpg,fire,flickr,flickr_s566,val,train,624,468,52290796394_7df634d823_o.jpg
52291020450_6b03781280_o.jpg,fire,flickr,flickr_s567,test,train,624,468,52291020450_6b03781280_o.jpg
52291287089_b51541b36d_o.jpg,fire,flickr,flickr_s568,val,train,388,400,52291287089_b51541b36d_o.jpg
52292033047_2eb7c9ed3f_o.jpg,fire,flickr,flickr_s569,train,train,620,277,52292033047_2eb7c9ed3f_o.jpg
52293031756_b9a007cb51_o.jpg,fire,flickr,flickr_s570,train,train,4032,3024,52293031756_b9a007cb51_o.jpg
52293032031_c8141b0af9_o.jpg,fire,flickr,flickr_s570,train,train,3024,4032,52293032031_c8141b0af9_o.jpg
52293501815_005ce3f140_o.jpg,fire,flickr,flickr_s572,val,train,620,465,52293501815_005ce3f140_o.jpg
52293501885_e4213de0c7_o.jpg,fire,flickr,flickr_s572,val,train,512,471,52293501885_e4213de0c7_o.jpg
52293501940_9123f95de7_o.jpg,fire,flickr,flickr_s572,val,train,620,465,52293501940_9123f95de7_o.jpg
52293502120_21e154b716_o.jpg,fire,flickr,flickr_s572,val,train,620,465,52293502120_21e154b716_o.jpg
52294132422_481d13b7de_o.jpg,fire,flickr,flickr_s573,val,train,620,465,52294132422_481d13b7de_o.jpg
52294132892_ec8e776355_o.jpg,fire,flickr,flickr_s573,val,train,620,349,52294132892_ec8e776355_o.jpg
52295377874_5ab7a0e536_o.jpg,fire,flickr,flickr_s574,train,train,1440,1078,52295377874_5ab7a0e536_o.jpg
52295379594_6a513ec0eb_o.jpg,fire,flickr,flickr_s574,train,train,620,465,52295379594_6a513ec0eb_o.jpg
52295601315_39ff342311_o.jpg,fire,flickr,flickr_s575,test,train,721,960,52295601315_39ff342311_o.jpg
52295601435_0b6de119f2_o.jpg,fire,flickr,flickr_s575,test,train,1024,768,52295601435_0b6de119f2_o.jpg
52295601495_68db394281_o.jpg,fire,flickr,flickr_s575,test,train,620,465,52295601495_68db394281_o.jpg
52297297853_33cd39c46e_o.jpg,fire,flickr,flickr_s576,train,train,620,465,52297297853_33cd39c46e_o.jpg
52304532663_667f304143_o.png,fire,flickr,flickr_s577,test,train,2142,1428,52304532663_667f304143_o.jpg
52339277155_f76bf2874a_o.jpg,fire,flickr,flickr_s578,train,train,2450,1633,52339277155_f76bf2874a_o.jpg
52353642668_551b9fb7a5_o.jpg,fire,flickr,flickr_s581,train,train,2016,1512,52353642668_551b9fb7a5_o.jpg
52353720239_c4de45cb4b_o.jpg,fire,flickr,flickr_s581,train,train,1536,2048,52353720239_c4de45cb4b_o.jpg
52353826360_d08690bb4e_o.jpg,fire,flickr,flickr_s582,test,train,3024,4032,52353826360_d08690bb4e_o.jpg
52353826615_7896d4f0f8_o.jpg,fire,flickr,flickr_s582,test,train,4032,3024,52353826615_7896d4f0f8_o.jpg
52355484724_b8cb1c7bb1_o.jpg,fire,flickr,flickr_s583,train,train,1125,844,52355484724_b8cb1c7bb1_o.jpg
52357657147_4f64a395e8_o.jpg,fire,flickr,flickr_s584,train,train,3780,3168,52357657147_4f64a395e8_o.jpg
52367222322_49daaa3dcd_o.jpg,fire,flickr,flickr_s587,test,train,2444,1833,52367222322_49daaa3dcd_o.jpg
52368147701_292d2a7dd5_o.jpg,fire,flickr,flickr_s588,train,train,1125,844,52368147701_292d2a7dd5_o.jpg
52368158446_429a153b04_o.jpg,fire,flickr,flickr_s588,train,train,4032,3024,52368158446_429a153b04_o.jpg
52368161826_5d36464167_o.jpg,fire,flickr,flickr_s588,train,train,4032,3024,52368161826_5d36464167_o.jpg
52368589530_d8448a40b3_o.jpg,fire,flickr,flickr_s590,train,train,1000,750,52368589530_d8448a40b3_o.jpg
52390705491_bdce74ba62_o.jpg,fire,flickr,flickr_s593,train,train,2000,1500,52390705491_bdce74ba62_o.jpg
52442598865_d9bdf1b0b5_o.jpg,fire,flickr,flickr_s597,train,train,6000,4000,52442598865_d9bdf1b0b5_o.jpg
52442599185_acbdaa7d4b_o.jpg,fire,flickr,flickr_s597,train,train,6000,4000,52442599185_acbdaa7d4b_o.jpg
52442672018_58ee104bdf_o.jpg,fire,flickr,flickr_s597,train,train,4032,1816,52442672018_58ee104bdf_o.jpg
52451391443_189567b636_o.jpg,fire,flickr,flickr_s599,train,train,2691,3856,52451391443_189567b636_o.jpg
52464402647_50615af1d0_o.png,fire,flickr,flickr_s603,train,train,3024,4032,52464402647_50615af1d0_o.jpg
52464696672_7224ba08b9_o.png,fire,flickr,flickr_s604,val,train,3024,4032,52464696672_7224ba08b9_o.jpg
52464903896_e395aa8fb8_o.png,fire,flickr,flickr_s605,train,train,3024,2268,52464903896_e395aa8fb8_o.jpg
52465134334_ef86f31730_o.jpg,fire,flickr,flickr_s606,train,train,4032,3024,52465134334_ef86f31730_o.jpg
52465190131_8e994c0137_o.jpg,fire,flickr,flickr_s606,train,train,4032,3024,52465190131_8e994c0137_o.jpg
52465417924_1f76432309_o.jpg,fire,flickr,flickr_s607,train,train,4032,3024,52465417924_1f76432309_o.jpg
52465662020_3fb295fc5a_o.png,fire,flickr,flickr_s608,train,train,3024,4032,52465662020_3fb295fc5a_o.jpg
52465687283_c62bf70daa_o.jpg,fire,flickr,flickr_s608,train,train,1280,960,52465687283_c62bf70daa_o.jpg
52466170371_980f089a16_o.jpg,fire,flickr,flickr_s610,train,train,4032,3024,52466170371_980f089a16_o.jpg
52466779730_a33b9db9e8_o.jpg,fire,flickr,flickr_s612,val,train,640,480,52466779730_a33b9db9e8_o.jpg
52466868808_c06d05c0a3_o.jpg,fire,flickr,flickr_s612,val,train,3024,4032,52466868808_c06d05c0a3_o.jpg
52467005948_9daf973ccf_o.jpg,fire,flickr,flickr_s613,train,train,4032,3024,52467005948_9daf973ccf_o.jpg
52467005953_deb99c1919_o.jpg,fire,flickr,flickr_s613,train,train,640,480,52467005953_deb99c1919_o.jpg
52467006093_20eaac2f92_o.jpg,fire,flickr,flickr_s613,train,train,800,600,52467006093_20eaac2f92_o.jpg
52467006943_6f3427729f_o.jpg,fire,flickr,flickr_s613,train,train,4032,3024,52467006943_6f3427729f_o.jpg
52468411501_3df86e9835_o.jpg,fire,flickr,flickr_s614,train,train,2048,1536,52468411501_3df86e9835_o.jpg
52527681727_3b1f9e8cb6_o.jpg,fire,flickr,flickr_s615,val,train,2434,1671,52527681727_3b1f9e8cb6_o.jpg
52528146446_8df1330497_o.jpg,fire,flickr,flickr_s616,test,train,4032,3024,52528146446_8df1330497_o.jpg
52528146551_f40ec75730_o.jpg,fire,flickr,flickr_s616,test,train,2016,1512,52528146551_f40ec75730_o.jpg
52528603574_c4306b169a_o.jpg,fire,flickr,flickr_s617,val,train,1024,768,52528603574_c4306b169a_o.jpg
52530227011_7a5d297889_o.jpg,fire,flickr,flickr_s618,val,train,4032,3024,52530227011_7a5d297889_o.jpg
52530251251_af8b68b64e_o.jpg,fire,flickr,flickr_s618,val,train,3024,4032,52530251251_af8b68b64e_o.jpg
52530251376_6fb7f0edc1_o.jpg,fire,flickr,flickr_s618,val,train,960,1280,52530251376_6fb7f0edc1_o.jpg
52530251491_1f884e89f7_o.jpg,fire,flickr,flickr_s618,val,train,3024,4032,52530251491_1f884e89f7_o.jpg
52530251581_7c0a9e15f2_o.jpg,fire,flickr,flickr_s618,val,train,1280,960,52530251581_7c0a9e15f2_o.jpg
52530684530_26c6809974_o.jpg,fire,flickr,flickr_s620,train,train,3601,2400,52530684530_26c6809974_o.jpg
52530727100_85c15724f7_o.jpg,fire,flickr,flickr_s620,train,train,4032,3024,52530727100_85c15724f7_o.jpg
52530727340_ed07f21da3_o.jpg,fire,flickr,flickr_s620,train,train,3251,2438,52530727340_ed07f21da3_o.jpg
52530728420_ff45da0e52_o.jpg,fire,flickr,flickr_s620,train,train,4032,3024,52530728420_ff45da0e52_o.jpg
52530796548_e83fdef4b3_o.jpg,fire,flickr,flickr_s620,train,train,7200,2184,52530796548_e83fdef4b3_o.jpg
52572898012_b390d523b1_o.jpg,fire,flickr,flickr_s623,train,train,1280,960,52572898012_b390d523b1_o.jpg
52572947117_ab9522cf34_o.jpg,fire,flickr,flickr_s623,train,train,1280,960,52572947117_ab9522cf34_o.jpg
52573687769_7e5a3a15e6_o.jpg,fire,flickr,flickr_s624,val,train,1080,810,52573687769_7e5a3a15e6_o.jpg
52573687979_e057e7f331_o.jpg,fire,flickr,flickr_s624,val,train,1280,1030,52573687979_e057e7f331_o.jpg
52573724604_2fd3a8ea42_o.jpg,fire,flickr,flickr_s624,val,train,1280,960,52573724604_2fd3a8ea42_o.jpg
52573945163_b9b10b149a_o.jpg,fire,flickr,flickr_s625,train,train,4032,3024,52573945163_b9b10b149a_o.jpg
52635039726_1ca5c67535_o.jpg,fire,flickr,flickr_s626,train,train,5184,3456,52635039726_1ca5c67535_o.jpg
52635521463_6135c0bc03_o.jpg,fire,flickr,flickr_s627,train,train,5184,3456,52635521463_6135c0bc03_o.jpg
52797625157_8123a34888_o.jpg,fire,flickr,flickr_s628,train,train,1536,2048,52797625157_8123a34888_o.jpg
52797625907_756bd8b176_o.jpg,fire,flickr,flickr_s628,train,train,2048,1536,52797625907_756bd8b176_o.jpg
52798194816_c955dea4bb_o.jpg,fire,flickr,flickr_s629,train,train,1536,2048,52798194816_c955dea4bb_o.jpg
52798433734_c71719f77f_o.jpg,fire,flickr,flickr_s630,train,train,2048,1536,52798433734_c71719f77f_o.jpg
52798639193_b4c94df0be_o.jpg,fire,flickr,flickr_s631,val,train,1536,2048,52798639193_b4c94df0be_o.jpg
52883322347_02f1d720f8_o.jpg,fire,flickr,flickr_s633,train,train,2048,1140,52883322347_02f1d720f8_o.jpg
52884277035_c7bc8ebede_o.jpg,fire,flickr,flickr_s634,train,train,2048,1365,52884277035_c7bc8ebede_o.jpg
52925332026_9e900a8f14_o.jpg,fire,flickr,flickr_s636,train,train,4032,3024,52925332026_9e900a8f14_o.jpg
52925719910_cc0de9e099_o.jpg,fire,flickr,flickr_s637,train,train,4032,3024,52925719910_cc0de9e099_o.jpg
52925781633_c00a95f181_o.jpg,fire,flickr,flickr_s637,train,train,4032,3024,52925781633_c00a95f181_o.jpg
52940453661_fae39b2bb3_o.jpg,fire,flickr,flickr_s639,train,train,1080,1616,52940453661_fae39b2bb3_o.jpg
52941093813_0efff95a2f_o.jpg,fire,flickr,flickr_s640,train,train,642,960,52941093813_0efff95a2f_o.jpg
52946373664_344bd3bd15_o.jpg,fire,flickr,flickr_s641,train,train,1024,768,52946373664_344bd3bd15_o.jpg
52946617295_1cdf75dd62_o.jpg,fire,flickr,flickr_s642,train,train,768,1024,52946617295_1cdf75dd62_o.jpg
52952509547_cc234e4e2f_o.jpg,fire,flickr,flickr_s643,test,train,2600,1950,52952509547_cc234e4e2f_o.jpg
53079506416_d1691921da_o.jpg,fire,flickr,flickr_s646,train,train,2048,1536,53079506416_d1691921da_o.jpg
53079708914_067444e197_o.jpg,fire,flickr,flickr_s647,test,train,1440,1920,53079708914_067444e197_o.jpg
53080010438_c3b6973476_o.jpg,fire,flickr,flickr_s648,val,train,4032,3024,53080010438_c3b6973476_o.jpg
7562428594_157fbcbb4c_o.jpg,fire,flickr,flickr_s3,train,train,3000,1936,7562428594_157fbcbb4c_o.jpg
7562430032_1ac3067d62_o.jpg,fire,flickr,flickr_s3,train,train,3000,1774,7562430032_1ac3067d62_o.jpg
7866653824_b0569ba0a0_o.jpg,fire,flickr,flickr_s4,train,train,1536,2048,7866653824_b0569ba0a0_o.jpg
8468567405_d5e7b0bf86_o.jpg,fire,flickr,flickr_s5,train,train,3320,2192,8468567405_d5e7b0bf86_o.jpg
8468567409_4227539d23_o.jpg,fire,flickr,flickr_s5,train,train,3404,2248,8468567409_4227539d23_o.jpg
8468567433_7c80dc32e4_o.jpg,fire,flickr,flickr_s5,train,train,3380,2188,8468567433_7c80dc32e4_o.jpg
8469662486_333883dee1_o.jpg,fire,flickr,flickr_s6,test,train,3456,2116,8469662486_333883dee1_o.jpg
8469662902_cbea4ca7de_o.jpg,fire,flickr,flickr_s6,test,train,3088,2060,8469662902_cbea4ca7de_o.jpg
9570750563_5eed034f27_o.jpg,fire,flickr,flickr_s10,train,train,4128,2322,9570750563_5eed034f27_o.jpg
9570754421_0abd220137_o.jpg,fire,flickr,flickr_s10,train,train,4128,2322,9570754421_0abd220137_o.jpg
9570755289_879dc42ecb_o.jpg,fire,flickr,flickr_s10,train,train,4128,2322,9570755289_879dc42ecb_o.jpg
9570758963_0e23770a7a_o.jpg,fire,flickr,flickr_s10,train,train,4128,2322,9570758963_0e23770a7a_o.jpg
9570767551_c9ec5f7076_o.jpg,fire,flickr,flickr_s10,train,train,4128,2322,9570767551_c9ec5f7076_o.jpg
9570771389_92a0929ef1_o.jpg,fire,flickr,flickr_s10,train,train,2322,4128,9570771389_92a0929ef1_o.jpg
9573547024_db3666510c_o.jpg,fire,flickr,flickr_s11,train,train,4128,2322,9573547024_db3666510c_o.jpg
9573551152_f21299aed8_o.jpg,fire,flickr,flickr_s11,train,train,4128,2322,9573551152_f21299aed8_o.jpg
9573552122_3d4c47851f_o.jpg,fire,flickr,flickr_s11,train,train,4128,2322,9573552122_3d4c47851f_o.jpg
9573554458_47e3bbb2ec_o.jpg,fire,flickr,flickr_s11,train,train,4128,2322,9573554458_47e3bbb2ec_o.jpg
9573555526_ca9322b143_o.jpg,fire,flickr,flickr_s11,train,train,4128,2322,9573555526_ca9322b143_o.jpg
9573557018_b9cde6f9b4_o.jpg,fire,flickr,flickr_s11,train,train,4128,2322,9573557018_b9cde6f9b4_o.jpg
9573562938_bd50b7584a_o.jpg,fire,flickr,flickr_s11,train,train,4128,2322,9573562938_bd50b7584a_o.jpg
9573563670_d102c41a9c_o.jpg,fire,flickr,flickr_s11,train,train,2322,4128,9573563670_d102c41a9c_o.jpg
9573564548_e2795e2c89_o.jpg,fire,flickr,flickr_s11,train,train,4128,2322,9573564548_e2795e2c89_o.jpg
9573567356_ab949eeaa8_o.jpg,fire,flickr,flickr_s11,train,train,4128,2322,9573567356_ab949eeaa8_o.jpg
9573568730_b69479f3f6_o.jpg,fire,flickr,flickr_s11,train,train,4128,2322,9573568730_b69479f3f6_o.jpg
9573569588_c404fd4894_o.jpg,fire,flickr,flickr_s11,train,train,4128,2322,9573569588_c404fd4894_o.jpg
9598060845_af2261514e_o.jpg,fire,flickr,flickr_s12,train,train,4128,2322,9598060845_af2261514e_o.jpg
9598076793_f83b3e76bb_o.jpg,fire,flickr,flickr_s12,train,train,2322,4128,9598076793_f83b3e76bb_o.jpg
9600848878_2b94b23858_o.jpg,fire,flickr,flickr_s14,train,train,4128,2322,9600848878_2b94b23858_o.jpg
9600871536_b7627d5d44_o.jpg,fire,flickr,flickr_s14,train,train,4128,2322,9600871536_b7627d5d44_o.jpg
9605227949_2a91f8f64b_o.jpg,fire,flickr,flickr_s15,train,train,2896,1944,9605227949_2a91f8f64b_o.jpg
9608452854_9bd706e5a2_o.jpg,fire,flickr,flickr_s16,train,train,2896,1944,9608452854_9bd706e5a2_o.jpg
alex-widmer-Kw-S5Jt2lHU-unsplash.jpg,fire,unsplash,unsplash_alex-widmer,val,train,5000,2394,alex-widmer-Kw-S5Jt2lHU-unsplash.jpg
caitlin-wynne-4D953R0aRUo-unsplash.jpg,fire,unsplash,unsplash_caitlin-wynne,train,train,3456,5184,caitlin-wynne-4D953R0aRUo-unsplash.jpg
christian-buehner-Rxk3qy7SJtg-unsplash.jpg,fire,unsplash,unsplash_christian-buehner,train,train,7952,5304,christian-buehner-Rxk3qy7SJtg-unsplash.jpg
christian-buehner-U8bqDvBcZRE-unsplash.jpg,fire,unsplash,unsplash_christian-buehner,train,train,5304,7952,christian-buehner-U8bqDvBcZRE-unsplash.jpg
christian-buehner-x_4_624S6Ow-unsplash.jpg,fire,unsplash,unsplash_christian-buehner,train,train,4498,3000,christian-buehner-x_4_624S6Ow-unsplash.jpg
dave-hoefler-IVOJMKUQgeg-unsplash.jpg,fire,unsplash,unsplash_dave-hoefler,train,train,4480,6272,dave-hoefler-IVOJMKUQgeg-unsplash.jpg
frederick-bartels-cwWCXWKoUgU-unsplash.jpg,fire,unsplash,unsplash_frederick-bartels,train,train,5472,3648,frederick-bartels-cwWCXWKoUgU-unsplash.jpg
guille-pozzi-_yqE9pwh-bs-unsplash.jpg,fire,unsplash,unsplash_guille-pozzi,train,train,1500,2250,guille-pozzi-_yqE9pwh-bs-unsplash.jpg
kerry-rawlinson-SzWSiYzBQZE-unsplash.jpg,fire,unsplash,unsplash_kerry-rawlinson,test,train,4288,2848,kerry-rawlinson-SzWSiYzBQZE-unsplash.jpg
kyle-glenn-SrASYZZpyjw-unsplash.jpg,fire,unsplash,unsplash_kyle-glenn,train,train,4735,3157,kyle-glenn-SrASYZZpyjw-unsplash.jpg
landon-parenteau-E2JSLOhVQ_U-unsplash.jpg,fire,unsplash,unsplash_landon-parenteau,val,train,4160,3120,landon-parenteau-E2JSLOhVQ_U-unsplash.jpg
luke-flynt-9jErXqFwAYs-unsplash.jpg,fire,unsplash,unsplash_luke-flynt,test,train,4375,2917,luke-flynt-9jErXqFwAYs-unsplash.jpg
malachi-brooks--uXv14QydSM-unsplash.jpg,fire,unsplash,unsplash_malachi-brooks,val,train,2892,4335,malachi-brooks--uXv14QydSM-unsplash.jpg
malachi-brooks-1h98xDAIRwA-unsplash.jpg,fire,unsplash,unsplash_malachi-brooks,val,train,3064,4592,malachi-brooks-1h98xDAIRwA-unsplash.jpg
malachi-brooks-2_KDuz00yUQ-unsplash.jpg,fire,unsplash,unsplash_malachi-brooks,val,train,4592,3064,malachi-brooks-2_KDuz00yUQ-unsplash.jpg
malachi-brooks-6axIayVqRs8-unsplash.jpg,fire,unsplash,unsplash_malachi-brooks,val,train,4592,3064,malachi-brooks-6axIayVqRs8-unsplash.jpg
malachi-brooks-A4KBMjkxV3k-unsplash.jpg,fire,unsplash,unsplash_malachi-brooks,val,train,4592,3064,malachi-brooks-A4KBMjkxV3k-unsplash.jpg
malachi-brooks-DCEt3WFPres-unsplash.jpg,fire,unsplash,unsplash_malachi-brooks,val,train,4592,3064,malachi-brooks-DCEt3WFPres-unsplash.jpg
malachi-brooks-EvJhJ75NwAc-unsplash.jpg,fire,unsplash,unsplash_malachi-brooks,val,train,4592,3064,malachi-brooks-EvJhJ75NwAc-unsplash.jpg
malachi-brooks-LTeuOVKtr5Q-unsplash.jpg,fire,unsplash,unsplash_malachi-brooks,val,train,4592,3064,malachi-brooks-LTeuOVKtr5Q-unsplash.jpg
malachi-brooks-YxyYrYXmnbs-unsplash.jpg,fire,unsplash,unsplash_malachi-brooks,val,train,4592,3064,malachi-brooks-YxyYrYXmnbs-unsplash.jpg
malachi-brooks-co0q1GKx6xw-unsplash.jpg,fire,unsplash,unsplash_malachi-brooks,val,train,4592,3064,malachi-brooks-co0q1GKx6xw-unsplash.jpg
malachi-brooks-h7U5-PGa_70-unsplash.jpg,fire,unsplash,unsplash_malachi-brooks,val,train,3064,4592,malachi-brooks-h7U5-PGa_70-unsplash.jpg
malachi-brooks-jqv8MC2amsw-unsplash.jpg,fire,unsplash,unsplash_malachi-brooks,val,train,4592,3064,malachi-brooks-jqv8MC2amsw-unsplash.jpg
malachi-brooks-utCa3lcWQxg-unsplash.jpg,fire,unsplash,unsplash_malachi-brooks,val,train,4592,3064,malachi-brooks-utCa3lcWQxg-unsplash.jpg
marc-obiols-Sdpo0jaMfQI-unsplash.jpg,fire,unsplash,unsplash_marc-obiols,train,train,7952,5304,marc-obiols-Sdpo0jaMfQI-unsplash.jpg
marc-szeglat-BsAzhHIIwxg-unsplash.jpg,fire,unsplash,unsplash_marc-szeglat,val,train,4608,3456,marc-szeglat-BsAzhHIIwxg-unsplash.jpg
marc-szeglat-I1MGVZ42wnU-unsplash.jpg,fire,unsplash,unsplash_marc-szeglat,val,train,4608,3456,marc-szeglat-I1MGVZ42wnU-unsplash.jpg
matt-howard-eAKDzK4lo4o-unsplash.jpg,fire,unsplash,unsplash_matt-howard,train,train,6000,3376,matt-howard-eAKDzK4lo4o-unsplash.jpg
matt-palmer-AuEVJLpb96k-unsplash.jpg,fire,unsplash,unsplash_matt-palmer,train,train,7952,5304,matt-palmer-AuEVJLpb96k-unsplash.jpg
matt-palmer-BmDR21JiXhc-unsplash.jpg,fire,unsplash,unsplash_matt-palmer,train,train,7905,5273,matt-palmer-BmDR21JiXhc-unsplash.jpg
matt-palmer-Ihsi88KpQkE-unsplash.jpg,fire,unsplash,unsplash_matt-palmer,train,train,7952,5304,matt-palmer-Ihsi88KpQkE-unsplash.jpg
michael-chacon-Pnkk0wRr018-unsplash.jpg,fire,unsplash,unsplash_michael-chacon,train,train,2848,4288,michael-chacon-Pnkk0wRr018-unsplash.jpg
michael-held-Of-NXuECJbE-unsplash.jpg,fire,unsplash,unsplash_michael-held,test,train,4581,2607,michael-held-Of-NXuECJbE-unsplash.jpg
mike-newbry-DwtX9mMHBJ0-unsplash.jpg,fire,unsplash,unsplash_mike-newbry,train,train,6000,4000,mike-newbry-DwtX9mMHBJ0-unsplash.jpg
ross-stone-KWYTn9_QKRE-unsplash.jpg,fire,unsplash,unsplash_ross-stone,train,train,6000,4000,ross-stone-KWYTn9_QKRE-unsplash.jpg
ruedi-haberli-ZoMRgiwTejc-unsplash.jpg,fire,unsplash,unsplash_ruedi-haberli,test,train,5307,2985,ruedi-haberli-ZoMRgiwTejc-unsplash.jpg
sippakorn-yamkasikorn-nVYEechGqqM-unsplash.jpg,fire,unsplash,unsplash_sippakorn-yamkasikorn,test,train,6720,4480,sippakorn-yamkasikorn-nVYEechGqqM-unsplash.jpg
tim-mossholder-MFgEgKrhIN8-unsplash.jpg,fire,unsplash,unsplash_tim-mossholder,train,train,5504,8256,tim-mossholder-MFgEgKrhIN8-unsplash.jpg
tim-mossholder-qmk3g1MpqiA-unsplash.jpg,fire,unsplash,unsplash_tim-mossholder,train,train,8256,5504,tim-mossholder-qmk3g1MpqiA-unsplash.jpg
toby-elliott-UU74ubymJz8-unsplash.jpg,fire,unsplash,unsplash_toby-elliott,train,train,6720,4480,toby-elliott-UU74ubymJz8-unsplash.jpg
walther-nunez-WSoPzcX_K3k-unsplash.jpg,fire,unsplash,unsplash_walther-nunez,train,train,6000,4000,walther-nunez-WSoPzcX_K3k-unsplash.jpg
wolf-schram-l0hLF3mtkX8-unsplash.jpg,fire,unsplash,unsplash_wolf-schram,train,train,8688,5792,wolf-schram-l0hLF3mtkX8-unsplash.jpg
20502420833_84d68911a7_o.jpg,nofire,flickr,flickr_s27,test,train,1728,2304,20502420833_84d68911a7_o.jpg
21097296846_bf7cb1c942_o.jpg,nofire,flickr,flickr_s35,test,train,1728,2304,21097296846_bf7cb1c942_o.jpg
23300790324_7820f527a3_o.jpg,nofire,flickr,flickr_s51,val,train,1600,1067,23300790324_7820f527a3_o.jpg
23563965829_fa45dbe338_o.jpg,nofire,flickr,flickr_s53,test,train,4368,2912,23563965829_fa45dbe338_o.jpg
23600945150_c54c946fc5_o.jpg,nofire,flickr,flickr_s55,val,train,1600,1060,23600945150_c54c946fc5_o.jpg
23628779058_66302e4afc_o.jpg,nofire,flickr,flickr_s56,test,train,6694,4463,23628779058_66302e4afc_o.jpg
23849051021_256b51ba06_o.jpg,nofire,flickr,flickr_s57,test,train,1260,945,23849051021_256b51ba06_o.jpg
23851865091_29e7484aa0_o.jpg,nofire,flickr,flickr_s59,test,train,4156,2715,23851865091_29e7484aa0_o.jpg
23862743953_9107eb402a_o.png,nofire,flickr,flickr_s60,val,train,5184,2912,23862743953_9107eb402a_o.jpg
23904765996_2b8611bf08_o.jpg,nofire,flickr,flickr_s62,val,train,1200,818,23904765996_2b8611bf08_o.jpg
23905687626_75ac1e721d_o.jpg,nofire,flickr,flickr_s63,val,train,4368,2912,23905687626_75ac1e721d_o.jpg
23931777065_23aede20f6_o.jpg,nofire,flickr,flickr_s65,test,train,4368,2912,23931777065_23aede20f6_o.jpg
24830436620_19aba09e25_o.jpg,nofire,flickr,flickr_s68,test,train,4928,3264,24830436620_19aba09e25_o.jpg
24830440510_98c034d1de_o.jpg,nofire,flickr,flickr_s68,test,train,4928,3264,24830440510_98c034d1de_o.jpg
24853174094_dc2ff0da37_o.jpg,nofire,flickr,flickr_s69,test,train,4032,2576,24853174094_dc2ff0da37_o.jpg
25365254072_ecf33f66a6_o.jpg,nofire,flickr,flickr_s71,test,train,1920,1279,25365254072_ecf33f66a6_o.jpg
25457570586_e0d3c21cee_o.jpg,nofire,flickr,flickr_s72,test,train,4368,2912,25457570586_e0d3c21cee_o.jpg
25697069051_7fb4a8f644_o.jpg,nofire,flickr,flickr_s73,test,train,960,720,25697069051_7fb4a8f644_o.jpg
26293561509_de716684b6_o.jpg,nofire,flickr,flickr_s76,val,train,4912,3264,26293561509_de716684b6_o.jpg
28431970747_e0a5009b8c_o.jpg,nofire,flickr,flickr_s99,train,train,5472,3648,28431970747_e0a5009b8c_o.jpg
30788815558_09e2a35e2a_o.jpg,nofire,flickr,flickr_s158,test,train,3264,2448,30788815558_09e2a35e2a_o.jpg
30788828648_cd9f8f044f_o.jpg,nofire,flickr,flickr_s158,test,train,4128,3096,30788828648_cd9f8f044f_o.jpg
31459097393_3550b84f6a_o.jpg,nofire,flickr,flickr_s161,test,train,4800,3200,31459097393_3550b84f6a_o.jpg
31521921702_46b5ab4d1f_o.jpg,nofire,flickr,flickr_s162,val,train,11182,3594,31521921702_46b5ab4d1f_o.jpg
34663755142_cc51151b0a_o.jpg,nofire,flickr,flickr_s196,train,train,6119,4084,34663755142_cc51151b0a_o.jpg
35532008443_281665b893_o.jpg,nofire,flickr,flickr_s217,test,train,5356,3588,35532008443_281665b893_o.jpg
35581717623_efaaaf5821_o.jpg,nofire,flickr,flickr_s220,test,train,14668,6010,35581717623_efaaaf5821_o.jpg
35681707033_7081ce71a3_o.jpg,nofire,flickr,flickr_s225,val,train,5328,3568,35681707033_7081ce71a3_o.jpg
35940048970_d3324ee10f_o.jpg,nofire,flickr,flickr_s234,train,train,5356,3588,35940048970_d3324ee10f_o.jpg
35944033580_07096038ac_o.jpg,nofire,flickr,flickr_s236,train,train,5340,3584,35944033580_07096038ac_o.jpg
36197459800_ae511de52e_o.jpg,nofire,flickr,flickr_s239,val,train,5356,3604,36197459800_ae511de52e_o.jpg
36197462400_4321d7cd3b_o.jpg,nofire,flickr,flickr_s239,val,train,5356,3608,36197462400_4321d7cd3b_o.jpg
36204219741_53d73eec90_o.jpg,nofire,flickr,flickr_s241,val,train,5340,3584,36204219741_53d73eec90_o.jpg
36219759102_5e4ae5df78_o.jpg,nofire,flickr,flickr_s242,test,train,11755,5973,36219759102_5e4ae5df78_o.jpg
36250901971_0715719856_o.jpg,nofire,flickr,flickr_s243,val,train,17527,5973,36250901971_0715719856_o.jpg
36321779762_6105a6d200_o.jpg,nofire,flickr,flickr_s245,val,train,5352,3580,36321779762_6105a6d200_o.jpg
36321782572_3aa9b4fc64_o.jpg,nofire,flickr,flickr_s245,val,train,5352,3584,36321782572_3aa9b4fc64_o.jpg
36335039364_4c327b9de1_o.jpg,nofire,flickr,flickr_s246,test,train,5356,3596,36335039364_4c327b9de1_o.jpg
36344952546_74bd45bd22_o.jpg,nofire,flickr,flickr_s249,test,train,11224,7996,36344952546_74bd45bd22_o.jpg
36387480005_f2815a07e0_o.jpg,nofire,flickr,flickr_s250,test,train,14535,5793,36387480005_f2815a07e0_o.jpg
36462073620_6c9e35067f_o.jpg,nofire,flickr,flickr_s252,test,train,9592,4870,36462073620_6c9e35067f_o.jpg
36462080360_d6c688918d_o.jpg,nofire,flickr,flickr_s252,test,train,7360,4912,36462080360_d6c688918d_o.jpg
36477187471_ca288d0bc7_o.jpg,nofire,flickr,flickr_s253,train,train,5360,3580,36477187471_ca288d0bc7_o.jpg
36683571563_2be2a8d7c0_o.jpg,nofire,flickr,flickr_s259,test,train,16833,3689,36683571563_2be2a8d7c0_o.jpg
36695119610_29f33a1b37_o.jpg,nofire,flickr,flickr_s260,train,train,5360,3568,36695119610_29f33a1b37_o.jpg
36696223700_e330e834d3_o.jpg,nofire,flickr,flickr_s261,val,train,5352,3576,36696223700_e330e834d3_o.jpg
36858511475_9a6e0ed2a4_o.jpg,nofire,flickr,flickr_s265,test,train,8519,6128,36858511475_9a6e0ed2a4_o.jpg
36858519095_8cd62cd98b_o.jpg,nofire,flickr,flickr_s265,test,train,7360,4912,36858519095_8cd62cd98b_o.jpg
37004300956_86138eef61_o.jpg,nofire,flickr,flickr_s268,train,train,5300,3580,37004300956_86138eef61_o.jpg
37091439535_66535df492_o.jpg,nofire,flickr,flickr_s269,val,train,5376,3628,37091439535_66535df492_o.jpg
37359929654_66ba79a4ea_o.jpg,nofire,flickr,flickr_s276,test,train,5472,3648,37359929654_66ba79a4ea_o.jpg
37407554780_e47b9ce511_o.jpg,nofire,flickr,flickr_s278,test,train,4840,2915,37407554780_e47b9ce511_o.jpg
38195177695_b972f4d7aa_o.jpg,nofire,flickr,flickr_s284,test,train,2250,1500,38195177695_b972f4d7aa_o.jpg
38366811414_25cefcff6b_o.jpg,nofire,flickr,flickr_s287,test,train,2250,1500,38366811414_25cefcff6b_o.jpg
39697533922_11958c9c28_o.jpg,nofire,flickr,flickr_s290,test,train,1024,680,39697533922_11958c9c28_o.jpg
39697540392_98e832c575_o.jpg,nofire,flickr,flickr_s290,test,train,5312,2988,39697540392_98e832c575_o.jpg
39728469761_bd796722d0_o.jpg,nofire,flickr,flickr_s291,train,train,4032,2268,39728469761_bd796722d0_o.jpg
39728610281_68e77869f2_o.jpg,nofire,flickr,flickr_s291,train,train,4032,3024,39728610281_68e77869f2_o.jpg
39728617081_aaf4a6308f_o.jpg,nofire,flickr,flickr_s291,train,train,4032,2268,39728617081_aaf4a6308f_o.jpg
40391460514_d774fb1cf2_o.jpg,nofire,flickr,flickr_s296,test,train,4272,2848,40391460514_d774fb1cf2_o.jpg
41769376962_1eab948008_o.jpg,nofire,flickr,flickr_s305,test,train,6000,4000,41769376962_1eab948008_o.jpg
42396555205_6e91e7a730_o.jpg,nofire,flickr,flickr_s318,train,train,5184,3456,42396555205_6e91e7a730_o.jpg
43048398825_ae99361954_o.jpg,nofire,flickr,flickr_s331,test,train,6107,4071,43048398825_ae99361954_o.jpg
44045546545_937513d5b0_o.jpg,nofire,flickr,flickr_s350,val,train,3000,1519,44045546545_937513d5b0_o.jpg
44045557085_04d89f806c_o.jpg,nofire,flickr,flickr_s350,val,train,3000,2000,44045557085_04d89f806c_o.jpg
44875248795_c0de494a71_o.jpg,nofire,flickr,flickr_s356,test,train,1470,2048,44875248795_c0de494a71_o.jpg
45397211654_9f9266cbed_o.jpg,nofire,flickr,flickr_s361,train,train,2016,1512,45397211654_9f9266cbed_o.jpg
48690257011_b342e3b2ee_o.jpg,nofire,flickr,flickr_s378,train,train,3000,2250,48690257011_b342e3b2ee_o.jpg
48690433902_030061d86c_o.jpg,nofire,flickr,flickr_s379,val,train,3000,2250,48690433902_030061d86c_o.jpg
48690434602_f6f7dae1c4_o.jpg,nofire,flickr,flickr_s379,val,train,3000,1688,48690434602_f6f7dae1c4_o.jpg
49200015953_c476838cd6_o.jpg,nofire,flickr,flickr_s381,test,train,3456,2304,49200015953_c476838cd6_o.jpg
49200507536_ceea2dfe07_o.jpg,nofire,flickr,flickr_s382,val,train,3456,2304,49200507536_ceea2dfe07_o.jpg
49200711022_a6d385902c_o.jpg,nofire,flickr,flickr_s383,val,train,3456,2304,49200711022_a6d385902c_o.jpg
49453079102_a545a50ff6_o.jpg,nofire,flickr,flickr_s385,val,train,615,410,49453079102_a545a50ff6_o.jpg
49627515293_0a37043762_o.jpg,nofire,flickr,flickr_s386,test,train,960,720,49627515293_0a37043762_o.jpg
49628032741_436dc4d408_o.jpg,nofire,flickr,flickr_s387,test,train,960,720,49628032741_436dc4d408_o.jpg
49628306082_19e03f0967_o.jpg,nofire,flickr,flickr_s388,test,train,960,720,49628306082_19e03f0967_o.jpg
49628338762_5fc600c4da_o.jpg,nofire,flickr,flickr_s388,test,train,3968,2976,49628338762_5fc600c4da_o.jpg
50380846687_1df46275af_o.jpg,nofire,flickr,flickr_s435,test,train,3024,4032,50380846687_1df46275af_o.jpg
50409242242_366143b5fc_o.jpg,nofire,flickr,flickr_s438,train,train,4032,3024,50409242242_366143b5fc_o.jpg
50409277767_1aab46e387_o.jpg,nofire,flickr,flickr_s438,train,train,3016,2262,50409277767_1aab46e387_o.jpg
50576699296_2a14c3664a_o.jpg,nofire,flickr,flickr_s444,test,train,3024,4032,50576699296_2a14c3664a_o.jpg
50587721368_c131de8c2d_o.jpg,nofire,flickr,flickr_s446,val,train,2368,3024,50587721368_c131de8c2d_o.jpg
50621530658_63dae7d98f_o.jpg,nofire,flickr,flickr_s447,test,train,1800,1200,50621530658_63dae7d98f_o.jpg
50622222523_1e663562ac_o.jpg,nofire,flickr,flickr_s449,train,train,2048,1536,50622222523_1e663562ac_o.jpg
50623060997_1dc55f4eca_o.jpg,nofire,flickr,flickr_s450,train,train,2006,1125,50623060997_1dc55f4eca_o.jpg
50642193652_5d3a7708a9_o.jpg,nofire,flickr,flickr_s451,test,train,2016,1512,50642193652_5d3a7708a9_o.jpg
50680663366_4592070a5e_o.jpg,nofire,flickr,flickr_s452,test,train,3264,2448,50680663366_4592070a5e_o.jpg
50774170067_6683b693bc_o.jpg,nofire,flickr,flickr_s454,test,train,12218,4051,50774170067_6683b693bc_o.jpg
51276757611_826ce8bbe5_o.jpg,nofire,flickr,flickr_s478,train,train,4032,3024,51276757611_826ce8bbe5_o.jpg
51685365993_4961a37b68_o.jpg,nofire,flickr,flickr_s505,train,train,4032,3024,51685365993_4961a37b68_o.jpg
52231257457_46b980ec18_o.jpg,nofire,flickr,flickr_s553,test,train,4608,3456,52231257457_46b980ec18_o.jpg
52231272657_49992e05aa_o.jpg,nofire,flickr,flickr_s553,test,train,4608,3456,52231272657_49992e05aa_o.jpg
52232282663_4d7dfb7ed9_o.jpg,nofire,flickr,flickr_s554,train,train,4608,3456,52232282663_4d7dfb7ed9_o.jpg
52292033207_127c46e4ae_o.jpg,nofire,flickr,flickr_s569,train,train,620,465,52292033207_127c46e4ae_o.jpg
52293279724_c5250f6aa9_o.png,nofire,flickr,flickr_s571,train,train,620,395,52293279724_c5250f6aa9_o.jpg
52340194302_8120e8efa3_o.jpg,nofire,flickr,flickr_s579,train,train,2000,1332,52340194302_8120e8efa3_o.jpg
52340194432_697e9662f4_o.jpg,nofire,flickr,flickr_s579,train,train,4000,1381,52340194432_697e9662f4_o.jpg
52341400698_1b22d7d0c1_o.jpg,nofire,flickr,flickr_s580,test,train,2000,1501,52341400698_1b22d7d0c1_o.jpg
52341458554_918f27dc7c_o.jpg,nofire,flickr,flickr_s580,test,train,4000,2665,52341458554_918f27dc7c_o.jpg
52357656432_81e3793f1c_o.jpg,nofire,flickr,flickr_s584,train,train,3840,2160,52357656432_81e3793f1c_o.jpg
52357657587_395efe019d_o.jpg,nofire,flickr,flickr_s584,train,train,4000,2665,52357657587_395efe019d_o.jpg
52357667457_3e0a52f1e4_o.jpg,nofire,flickr,flickr_s584,train,train,4000,1480,52357667457_3e0a52f1e4_o.jpg
52357670897_5e4bd8fa2f_o.jpg,nofire,flickr,flickr_s584,train,train,4000,2665,52357670897_5e4bd8fa2f_o.jpg
52358606086_0fa4a5f2d7_o.jpg,nofire,flickr,flickr_s585,train,train,4000,2665,52358606086_0fa4a5f2d7_o.jpg
52358606311_73913736e4_o.jpg,nofire,flickr,flickr_s585,train,train,3262,2160,52358606311_73913736e4_o.jpg
52358606891_9216660b61_o.jpg,nofire,flickr,flickr_s585,train,train,4000,2664,52358606891_9216660b61_o.jpg
52358616321_a16d3dcb7f_o.jpg,nofire,flickr,flickr_s585,train,train,4000,2665,52358616321_a16d3dcb7f_o.jpg
52358619731_d11d42dbb6_o.jpg,nofire,flickr,flickr_s585,train,train,4000,2665,52358619731_d11d42dbb6_o.jpg
52358819323_9baa33acde_o.jpg,nofire,flickr,flickr_s586,test,train,4000,1552,52358819323_9baa33acde_o.jpg
52358919084_87ed82cb44_o.jpg,nofire,flickr,flickr_s586,test,train,4000,2987,52358919084_87ed82cb44_o.jpg
52358919419_3ede7e7e1f_o.jpg,nofire,flickr,flickr_s586,test,train,3840,2160,52358919419_3ede7e7e1f_o.jpg
52358931349_9edefe0acc_o.jpg,nofire,flickr,flickr_s586,test,train,4000,1491,52358931349_9edefe0acc_o.jpg
52358931414_39e8c7bd40_o.jpg,nofire,flickr,flickr_s586,test,train,4000,1491,52358931414_39e8c7bd40_o.jpg
52358932124_97cd77e686_o.jpg,nofire,flickr,flickr_s586,test,train,2895,4000,52358932124_97cd77e686_o.jpg
52358933749_07f0dd79c6_o.jpg,nofire,flickr,flickr_s586,test,train,4000,2667,52358933749_07f0dd79c6_o.jpg
52359027885_6e6d8fa484_o.jpg,nofire,flickr,flickr_s586,test,train,4000,2665,52359027885_6e6d8fa484_o.jpg
52359036280_5557dd08e2_o.jpg,nofire,flickr,flickr_s586,test,train,4000,1499,52359036280_5557dd08e2_o.jpg
52359037790_bccbaa71d3_o.jpg,nofire,flickr,flickr_s586,test,train,4000,2665,52359037790_bccbaa71d3_o.jpg
52359039480_ab7270c4f1_o.jpg,nofire,flickr,flickr_s586,test,train,4000,2393,52359039480_ab7270c4f1_o.jpg
52359041270_69810779bd_o.jpg,nofire,flickr,flickr_s586,test,train,4000,2987,52359041270_69810779bd_o.jpg
52403307048_a7dba6168f_o.jpg,nofire,flickr,flickr_s595,train,train,4032,3024,52403307048_a7dba6168f_o.jpg
52451074762_afc058d6ea_o.jpg,nofire,flickr,flickr_s598,test,train,4000,2959,52451074762_afc058d6ea_o.jpg
52451082862_018b9aaa9e_o.jpg,nofire,flickr,flickr_s598,test,train,4000,2665,52451082862_018b9aaa9e_o.jpg
52451596106_99dee92c84_o.jpg,nofire,flickr,flickr_s600,test,train,4000,2665,52451596106_99dee92c84_o.jpg
52451600526_77ef5f823d_o.jpg,nofire,flickr,flickr_s600,test,train,4000,2665,52451600526_77ef5f823d_o.jpg
52451793196_b962cf7995_o.jpg,nofire,flickr,flickr_s601,train,train,4000,1483,52451793196_b962cf7995_o.jpg
52451794846_17c702738e_o.jpg,nofire,flickr,flickr_s601,train,train,4000,2603,52451794846_17c702738e_o.jpg
52451872444_d2fbd8ff72_o.jpg,nofire,flickr,flickr_s601,train,train,4000,1488,52451872444_d2fbd8ff72_o.jpg
52451874249_17ede44193_o.jpg,nofire,flickr,flickr_s601,train,train,4000,1491,52451874249_17ede44193_o.jpg
52451969715_3e8d946708_o.jpg,nofire,flickr,flickr_s601,train,train,4000,2987,52451969715_3e8d946708_o.jpg
52452039160_64791e0ce2_o.jpg,nofire,flickr,flickr_s601,train,train,4000,1479,52452039160_64791e0ce2_o.jpg
52452042720_8271cec62d_o.jpg,nofire,flickr,flickr_s601,train,train,4000,2665,52452042720_8271cec62d_o.jpg
52452044898_aa2d693f7f_o.jpg,nofire,flickr,flickr_s601,train,train,4000,1486,52452044898_aa2d693f7f_o.jpg
52452046535_137d06e145_o.jpg,nofire,flickr,flickr_s601,train,train,4000,1492,52452046535_137d06e145_o.jpg
52452049280_49b1b711b6_o.jpg,nofire,flickr,flickr_s601,train,train,4000,2665,52452049280_49b1b711b6_o.jpg
52452052570_d0c26b2796_o.jpg,nofire,flickr,flickr_s601,train,train,4000,2665,52452052570_d0c26b2796_o.jpg
52452119313_4c5ab49506_o.jpg,nofire,flickr,flickr_s601,train,train,4000,2665,52452119313_4c5ab49506_o.jpg
52452120078_d9d606485f_o.jpg,nofire,flickr,flickr_s601,train,train,4000,2665,52452120078_d9d606485f_o.jpg
52452306753_e9fd479f41_o.jpg,nofire,flickr,flickr_s602,train,train,4000,2665,52452306753_e9fd479f41_o.jpg
52452307498_5217d473e9_o.jpg,nofire,flickr,flickr_s602,train,train,4000,1478,52452307498_5217d473e9_o.jpg
52452315723_f38f83e978_o.jpg,nofire,flickr,flickr_s602,train,train,4000,2665,52452315723_f38f83e978_o.jpg
52452316043_11b79c97d2_o.jpg,nofire,flickr,flickr_s602,train,train,4000,2665,52452316043_11b79c97d2_o.jpg
52530622215_785e37132e_o.jpg,nofire,flickr,flickr_s620,train,train,1280,960,52530622215_785e37132e_o.jpg
52530691658_ce60ac02a8_o.jpg,nofire,flickr,flickr_s620,train,train,640,481,52530691658_ce60ac02a8_o.jpg
52923043540_678c43413c_o.jpg,nofire,flickr,flickr_s635,test,train,1920,1279,52923043540_678c43413c_o.jpg
52938755866_fc0a5ae872_o.jpg,nofire,flickr,flickr_s638,test,train,4896,3672,52938755866_fc0a5ae872_o.jpg
52998989513_61a0e7a756_o.jpg,nofire,flickr,flickr_s644,test,train,6233,4155,52998989513_61a0e7a756_o.jpg
53125772746_1c2d97b875_o.jpg,nofire,flickr,flickr_s651,val,train,6186,4164,53125772746_1c2d97b875_o.jpg
7557570184_442f9d3545_o.jpg,nofire,flickr,flickr_s2,train,train,1620,854,7557570184_442f9d3545_o.jpg
8468567493_d8e627a56d_o.jpg,nofire,flickr,flickr_s5,train,train,3456,1524,8468567493_d8e627a56d_o.jpg
8658018665_059680167c_o.jpg,nofire,flickr,flickr_s7,test,train,1772,1181,8658018665_059680167c_o.jpg
8658018703_2ccd0ddf9b_o.jpg,nofire,flickr,flickr_s7,test,train,1772,1181,8658018703_2ccd0ddf9b_o.jpg
8659114948_c5648ef2cf_o.jpg,nofire,flickr,flickr_s8,train,train,1772,1181,8659114948_c5648ef2cf_o.jpg
8692924621_63ec81cb23_o.jpg,nofire,flickr,flickr_s9,train,train,4288,2848,8692924621_63ec81cb23_o.jpg
aaron-burden--U_hmajpkGs-unsplash.jpg,nofire,unsplash,unsplash_aaron-burden,train,train,4000,3000,aaron-burden--U_hmajpkGs-unsplash.jpg
aaron-burden-00QWN1J0g48-unsplash.jpg,nofire,unsplash,unsplash_aaron-burden,train,train,4000,2861,aaron-burden-00QWN1J0g48-unsplash.jpg
aaron-burden-6a6ym1Rw5VA-unsplash.jpg,nofire,unsplash,unsplash_aaron-burden,train,train,4000,3000,aaron-burden-6a6ym1Rw5VA-unsplash.jpg
aaron-burden-EaQBeUG9c58-unsplash.jpg,nofire,unsplash,unsplash_aaron-burden,train,train,3992,2992,aaron-burden-EaQBeUG9c58-unsplash.jpg
aaron-burden-I1ASdgphUH4-unsplash.jpg,nofire,unsplash,unsplash_aaron-burden,train,train,4000,3000,aaron-burden-I1ASdgphUH4-unsplash.jpg
aaron-burden-KhVfJhHla78-unsplash.jpg,nofire,unsplash,unsplash_aaron-burden,train,train,3992,2992,aaron-burden-KhVfJhHla78-unsplash.jpg
aaron-burden-Qy-CBKUg_X8-unsplash.jpg,nofire,unsplash,unsplash_aaron-burden,train,train,3669,2752,aaron-burden-Qy-CBKUg_X8-unsplash.jpg
aaron-burden-UF0WlFvPvrk-unsplash.jpg,nofire,unsplash,unsplash_aaron-burden,train,train,3458,2586,aaron-burden-UF0WlFvPvrk-unsplash.jpg
aaron-burden-YILmPSsn3T4-unsplash.jpg,nofire,unsplash,unsplash_aaron-burden,train,train,3992,2992,aaron-burden-YILmPSsn3T4-unsplash.jpg
aaron-burden-blPTIZuBhD8-unsplash.jpg,nofire,unsplash,unsplash_aaron-burden,train,train,3927,2945,aaron-burden-blPTIZuBhD8-unsplash.jpg
aaron-burden-eG8--XWSicQ-unsplash.jpg,nofire,unsplash,unsplash_aaron-burden,train,train,3990,2989,aaron-burden-eG8--XWSicQ-unsplash.jpg
aaron-burden-nPv3MQyMbyc-unsplash.jpg,nofire,unsplash,unsplash_aaron-burden,train,train,3755,2816,aaron-burden-nPv3MQyMbyc-unsplash.jpg
aaron-burden-qqH0Clj6OFE-unsplash.jpg,nofire,unsplash,unsplash_aaron-burden,train,train,3992,2992,aaron-burden-qqH0Clj6OFE-unsplash.jpg
aaron-burden-zAffziey-50-unsplash.jpg,nofire,unsplash,unsplash_aaron-burden,train,train,3921,2939,aaron-burden-zAffziey-50-unsplash.jpg
aaron-lee-Qo_WAibzJxE-unsplash.jpg,nofire,unsplash,unsplash_aaron-lee,train,train,5973,3982,aaron-lee-Qo_WAibzJxE-unsplash.jpg
abigail-keenan-hG4qBPj5BJg-unsplash.jpg,nofire,unsplash,unsplash_abigail-keenan,test,train,5472,3648,abigail-keenan-hG4qBPj5BJg-unsplash.jpg
adam-smigielski-SWa6EYLCac0-unsplash.jpg,nofire,unsplash,unsplash_adam-smigielski,test,train,2941,1733,adam-smigielski-SWa6EYLCac0-unsplash.jpg
adam-wilson-stTnQThfQ_g-unsplash.jpg,nofire,unsplash,unsplash_adam-wilson,val,train,6240,4160,adam-wilson-stTnQThfQ_g-unsplash.jpg
aditya-chinchure-LmtqiFg1oSw-unsplash.jpg,nofire,unsplash,unsplash_aditya-chinchure,test,train,3955,2966,aditya-chinchure-LmtqiFg1oSw-unsplash.jpg
adrian-mag-9HPYfOEG1go-unsplash.jpg,nofire,unsplash,unsplash_adrian-mag,train,train,4764,3512,adrian-mag-9HPYfOEG1go-unsplash.jpg
adrian-n-0OHyXKW56No-unsplash.jpg,nofire,unsplash,unsplash_adrian-n,val,train,7890,4875,adrian-n-0OHyXKW56No-unsplash.jpg
adrienguh-pC8jEwrWV18-unsplash.jpg,nofire,unsplash,unsplash_adrienguh-pC8jEwrWV18,test,train,3320,4096,adrienguh-pC8jEwrWV18-unsplash.jpg
agustin-diaz-gargiulo-GTLJklnjn-E-unsplash.jpg,nofire,unsplash,unsplash_agustin-diaz,train,train,3908,5211,agustin-diaz-gargiulo-GTLJklnjn-E-unsplash.jpg
alan-labisch-DdjJ91eIFVc-unsplash.jpg,nofire,unsplash,unsplash_alan-labisch,test,train,4016,4934,alan-labisch-DdjJ91eIFVc-unsplash.jpg
alberto-caliman-twV9DVoPB7Y-unsplash.jpg,nofire,unsplash,unsplash_alberto-caliman,train,train,4000,2250,alberto-caliman-twV9DVoPB7Y-unsplash.jpg
alberto-restifo-kKrfPaKgE1c-unsplash.jpg,nofire,unsplash,unsplash_alberto-restifo,train,train,6000,4000,alberto-restifo-kKrfPaKgE1c-unsplash.jpg
alec-krum-3sAs5_G3-Hs-unsplash.jpg,nofire,unsplash,unsplash_alec-krum,train,train,6000,3375,alec-krum-3sAs5_G3-Hs-unsplash.jpg
alec-krum-OlPF1KqTqYw-unsplash.jpg,nofire,unsplash,unsplash_alec-krum,train,train,3397,5096,alec-krum-OlPF1KqTqYw-unsplash.jpg
alek-newton-MgDeI4wgC4U-unsplash.jpg,nofire,unsplash,unsplash_alek-newton,test,train,7952,5304,alek-newton-MgDeI4wgC4U-unsplash.jpg
alek-newton-rOSYvaW2BcU-unsplash.jpg,nofire,unsplash,unsplash_alek-newton,test,train,7952,5304,alek-newton-rOSYvaW2BcU-unsplash.jpg
aleksandar-jason-HB5E80dln6M-unsplash.jpg,nofire,unsplash,unsplash_aleksandar-jason,test,train,5464,3070,aleksandar-jason-HB5E80dln6M-unsplash.jpg
aleksandar-jason-prv8AiRvS-s-unsplash.jpg,nofire,unsplash,unsplash_aleksandar-jason,test,train,5464,3070,aleksandar-jason-prv8AiRvS-s-unsplash.jpg
ales-krivec-A7GJd92fkts-unsplash.jpg,nofire,unsplash,unsplash_ales-krivec,train,train,7360,4765,ales-krivec-A7GJd92fkts-unsplash.jpg
ales-krivec-vMwcWBEB-Pg-unsplash.jpg,nofire,unsplash,unsplash_ales-krivec,train,train,7360,2344,ales-krivec-vMwcWBEB-Pg-unsplash.jpg
alessandro-erbetta-mpWPcRT9D1E-unsplash.jpg,nofire,unsplash,unsplash_alessandro-erbetta,train,train,6105,4070,alessandro-erbetta-mpWPcRT9D1E-unsplash.jpg
alex-bertha-lcC6oMUHW6w-unsplash.jpg,nofire,unsplash,unsplash_alex-bertha,train,train,3992,2992,alex-bertha-lcC6oMUHW6w-unsplash.jpg
alex-gruber-vq_kZfpYcHU-unsplash.jpg,nofire,unsplash,unsplash_alex-gruber,train,train,5463,3223,alex-gruber-vq_kZfpYcHU-unsplash.jpg
alex-kolodziej-jduGZnew-TE-unsplash.jpg,nofire,unsplash,unsplash_alex-kolodziej,test,train,3145,3936,alex-kolodziej-jduGZnew-TE-unsplash.jpg
alex-robert-SiGLS87Lk_s-unsplash.jpg,nofire,unsplash,unsplash_alex-robert,train,train,6000,4000,alex-robert-SiGLS87Lk_s-unsplash.jpg
alexander-slash-reYDl88Nah0-unsplash.jpg,nofire,unsplash,unsplash_alexander-slash,val,train,3992,2246,alexander-slash-reYDl88Nah0-unsplash.jpg
alexandr-bormotin-7fmwqpFqoy4-unsplash.jpg,nofire,unsplash,unsplash_alexandr-bormotin,val,train,2992,3992,alexandr-bormotin-7fmwqpFqoy4-unsplash.jpg
alexandr-bormotin-ZHMZcM1_kX8-unsplash.jpg,nofire,unsplash,unsplash_alexandr-bormotin,val,train,2992,3992,alexandr-bormotin-ZHMZcM1_kX8-unsplash.jpg
ali-choubin-6agKMKtapcc-unsplash.jpg,nofire,unsplash,unsplash_ali-choubin,test,train,3061,4678,ali-choubin-6agKMKtapcc-unsplash.jpg
alina-fedorchenko-0omvAh7kIPg-unsplash.jpg,nofire,unsplash,unsplash_alina-fedorchenko,train,train,6000,4000,alina-fedorchenko-0omvAh7kIPg-unsplash.jpg
altansukh-e-r4oIVOPhxp8-unsplash.jpg,nofire,unsplash,unsplash_altansukh-e,train,train,4000,2250,altansukh-e-r4oIVOPhxp8-unsplash.jpg
alvaro-del-valle-e4kpz8aBPFY-unsplash.jpg,nofire,unsplash,unsplash_alvaro-del,val,train,6000,4000,alvaro-del-valle-e4kpz8aBPFY-unsplash.jpg
amanshu-raikwar-ZHrbVmVu3Qc-unsplash.jpg,nofire,unsplash,unsplash_amanshu-raikwar,train,train,3918,4898,amanshu-raikwar-ZHrbVmVu3Qc-unsplash.jpg
amir-saboury-1EhK52npZMo-unsplash.jpg,nofire,unsplash,unsplash_amir-saboury,train,train,3837,2148,amir-saboury-1EhK52npZMo-unsplash.jpg
anders-jilden-AkUR27wtaxs-unsplash.jpg,nofire,unsplash,unsplash_anders-jilden,train,train,4738,3159,anders-jilden-AkUR27wtaxs-unsplash.jpg
andrea-leopardi-4nJOD8wtMS4-unsplash.jpg,nofire,unsplash,unsplash_andrea-leopardi,test,train,4000,6000,andrea-leopardi-4nJOD8wtMS4-unsplash.jpg
andreas-dress-ePbE9yXSMhU-unsplash.jpg,nofire,unsplash,unsplash_andreas-dress,train,train,2702,4056,andreas-dress-ePbE9yXSMhU-unsplash.jpg
andreas-gucklhorn-mawU2PoJWfU-unsplash.jpg,nofire,unsplash,unsplash_andreas-gucklhorn,test,train,2560,1440,andreas-gucklhorn-mawU2PoJWfU-unsplash.jpg
andreas-kind-SwLPmCYo-QM-unsplash.jpg,nofire,unsplash,unsplash_andreas-kind,train,train,3992,2992,andreas-kind-SwLPmCYo-QM-unsplash.jpg
andrew-coelho-aL7SA1ASVdQ-unsplash.jpg,nofire,unsplash,unsplash_andrew-coelho,train,train,7360,4912,andrew-coelho-aL7SA1ASVdQ-unsplash.jpg
andrew-pons-p67k6hPMDCs-unsplash.jpg,nofire,unsplash,unsplash_andrew-pons,test,train,5472,3648,andrew-pons-p67k6hPMDCs-unsplash.jpg
andrew-svk-Koa7ccTs-ak-unsplash.jpg,nofire,unsplash,unsplash_andrew-svk,train,train,5438,3499,andrew-svk-Koa7ccTs-ak-unsplash.jpg
andy-feliciotti-m3oLLB7w3Xg-unsplash.jpg,nofire,unsplash,unsplash_andy-feliciotti,test,train,2326,2907,andy-feliciotti-m3oLLB7w3Xg-unsplash.jpg
andy-wright-aQ0S_jhEm0w-unsplash.jpg,nofire,unsplash,unsplash_andy-wright,val,train,3264,4928,andy-wright-aQ0S_jhEm0w-unsplash.jpg
angela-356V-ooP184-unsplash.jpg,nofire,unsplash,unsplash_angela-356V,train,train,3216,2136,angela-356V-ooP184-unsplash.jpg
aniket-deole-T-tOgjWZ0fQ-unsplash.jpg,nofire,unsplash,unsplash_aniket-deole,train,train,7839,5228,aniket-deole-T-tOgjWZ0fQ-unsplash.jpg
anish-nair-RibBrreUhpQ-unsplash.jpg,nofire,unsplash,unsplash_anish-nair,val,train,4608,2592,anish-nair-RibBrreUhpQ-unsplash.jpg
anjali-mehta-CVWEGj6SDVU-unsplash.jpg,nofire,unsplash,unsplash_anjali-mehta,val,train,4320,3240,anjali-mehta-CVWEGj6SDVU-unsplash.jpg
anna-sokur-oDe5qBwTSXo-unsplash.jpg,nofire,unsplash,unsplash_anna-sokur,train,train,6000,4000,anna-sokur-oDe5qBwTSXo-unsplash.jpg
anne-sophie-benoit-1bXGI29zG54-unsplash.jpg,nofire,unsplash,unsplash_anne-sophie,train,train,3992,2242,anne-sophie-benoit-1bXGI29zG54-unsplash.jpg
annie-spratt-gfHX4x8N1kI-unsplash.jpg,nofire,unsplash,unsplash_annie-spratt,train,train,3857,2893,annie-spratt-gfHX4x8N1kI-unsplash.jpg
annie-spratt-l_npf0Tz7AQ-unsplash.jpg,nofire,unsplash,unsplash_annie-spratt,train,train,4000,2850,annie-spratt-l_npf0Tz7AQ-unsplash.jpg
annie-spratt-osXoC977Cx0-unsplash.jpg,nofire,unsplash,unsplash_annie-spratt,train,train,4000,3000,annie-spratt-osXoC977Cx0-unsplash.jpg
annie-spratt-sCZ4YWtnzZA-unsplash.jpg,nofire,unsplash,unsplash_annie-spratt,train,train,3068,2977,annie-spratt-sCZ4YWtnzZA-unsplash.jpg
annie-spratt-u1kaDeY1adw-unsplash.jpg,nofire,unsplash,unsplash_annie-spratt,train,train,3992,2992,annie-spratt-u1kaDeY1adw-unsplash.jpg
annie-spratt-x33OW34WHRo-unsplash.jpg,nofire,unsplash,unsplash_annie-spratt,train,train,4000,3000,annie-spratt-x33OW34WHRo-unsplash.jpg
ansgar-scheffold-mjAoJdW9ryY-unsplash.jpg,nofire,unsplash,unsplash_ansgar-scheffold,val,train,4000,6000,ansgar-scheffold-mjAoJdW9ryY-unsplash.jpg
anthony-rosset-4naW-DWkYxY-unsplash.jpg,nofire,unsplash,unsplash_anthony-rosset,test,train,3992,2992,anthony-rosset-4naW-DWkYxY-unsplash.jpg
anton-gudkov-LuiPhkR3Mas-unsplash.jpg,nofire,unsplash,unsplash_anton-gudkov,val,train,4272,2398,anton-gudkov-LuiPhkR3Mas-unsplash.jpg
anton-repponen-IOCN-gwfwEU-unsplash.jpg,nofire,unsplash,unsplash_anton-repponen,train,train,5760,3840,anton-repponen-IOCN-gwfwEU-unsplash.jpg
anton-sharov-ebc8QZdf_kk-unsplash.jpg,nofire,unsplash,unsplash_anton-sharov,train,train,3590,2992,anton-sharov-ebc8QZdf_kk-unsplash.jpg
anton-sharov-uEZaZOZ9lfA-unsplash.jpg,nofire,unsplash,unsplash_anton-sharov,train,train,3992,2992,anton-sharov-uEZaZOZ9lfA-unsplash.jpg
anup-shrestha-9-rPZAD3KkU-unsplash.jpg,nofire,unsplash,unsplash_anup-shrestha,train,train,6000,4000,anup-shrestha-9-rPZAD3KkU-unsplash.jpg
arnold-dogelis-AW0nMIAQRP4-unsplash.jpg,nofire,unsplash,unsplash_arnold-dogelis,train,train,3821,2146,arnold-dogelis-AW0nMIAQRP4-unsplash.jpg
artem-sapegin-GP3EdRRvu2Q-unsplash.jpg,nofire,unsplash,unsplash_artem-sapegin,train,train,5472,3648,artem-sapegin-GP3EdRRvu2Q-unsplash.jpg
artem-sapegin-Hf2Px71VRb4-unsplash.jpg,nofire,unsplash,unsplash_artem-sapegin,train,train,5472,3648,artem-sapegin-Hf2Px71VRb4-unsplash.jpg
artem-sapegin-e2uTOpgW5Ec-unsplash.jpg,nofire,unsplash,unsplash_artem-sapegin,train,train,5472,2736,artem-sapegin-e2uTOpgW5Ec-unsplash.jpg
artem-sapegin-wzLm9aAi1rc-unsplash.jpg,nofire,unsplash,unsplash_artem-sapegin,train,train,5472,3648,artem-sapegin-wzLm9aAi1rc-unsplash.jpg
artem-zhukov-ypvfLui8jh0-unsplash.jpg,nofire,unsplash,unsplash_artem-zhukov,val,train,2250,4000,artem-zhukov-ypvfLui8jh0-unsplash.jpg
artiom-vallat-jlifOZe8UC8-unsplash.jpg,nofire,unsplash,unsplash_artiom-vallat,test,train,6000,4000,artiom-vallat-jlifOZe8UC8-unsplash.jpg
aurelien-faux-qKYC6aQLPcs-unsplash.jpg,nofire,unsplash,unsplash_aurelien-faux,train,train,3648,5472,aurelien-faux-qKYC6aQLPcs-unsplash.jpg
axel-czikora-GfTU54kkFmM-unsplash.jpg,nofire,unsplash,unsplash_axel-czikora,train,train,4000,3000,axel-czikora-GfTU54kkFmM-unsplash.jpg
axel-czikora-aRIy1z11U3Q-unsplash.jpg,nofire,unsplash,unsplash_axel-czikora,train,train,3985,2242,axel-czikora-aRIy1z11U3Q-unsplash.jpg
bailey-alexander-k81NcbrQmo0-unsplash.jpg,nofire,unsplash,unsplash_bailey-alexander,train,train,5000,3333,bailey-alexander-k81NcbrQmo0-unsplash.jpg
bailey-hall--Tj3FZQ3yYE-unsplash.jpg,nofire,unsplash,unsplash_bailey-hall,train,train,4912,2760,bailey-hall--Tj3FZQ3yYE-unsplash.jpg
balazs-busznyak-3mLH_hFGbD4-unsplash.jpg,nofire,unsplash,unsplash_balazs-busznyak,train,train,5464,3640,balazs-busznyak-3mLH_hFGbD4-unsplash.jpg
balazs-busznyak-D1PsqkR1woM-unsplash.jpg,nofire,unsplash,unsplash_balazs-busznyak,train,train,4096,2304,balazs-busznyak-D1PsqkR1woM-unsplash.jpg
balazs-busznyak-LuwE0_o4GAQ-unsplash.jpg,nofire,unsplash,unsplash_balazs-busznyak,train,train,4096,2304,balazs-busznyak-LuwE0_o4GAQ-unsplash.jpg
balazs-busznyak-ZGmQ4qVsaTc-unsplash.jpg,nofire,unsplash,unsplash_balazs-busznyak,train,train,4096,2304,balazs-busznyak-ZGmQ4qVsaTc-unsplash.jpg
ben-black-r6wCtto743w-unsplash.jpg,nofire,unsplash,unsplash_ben-black,train,train,3456,5184,ben-black-r6wCtto743w-unsplash.jpg
ben-den-engelsen-DKkR5GAyd9I-unsplash.jpg,nofire,unsplash,unsplash_ben-den,train,train,3992,2992,ben-den-engelsen-DKkR5GAyd9I-unsplash.jpg
ben-den-engelsen-HihiG19aLv8-unsplash.jpg,nofire,unsplash,unsplash_ben-den,train,train,2242,3989,ben-den-engelsen-HihiG19aLv8-unsplash.jpg
ben-den-engelsen-SW_jaeIsIOg-unsplash.jpg,nofire,unsplash,unsplash_ben-den,train,train,2242,3992,ben-den-engelsen-SW_jaeIsIOg-unsplash.jpg
ben-den-engelsen-TCZ-8vsPAZ0-unsplash.jpg,nofire,unsplash,unsplash_ben-den,train,train,3992,2242,ben-den-engelsen-TCZ-8vsPAZ0-unsplash.jpg
ben-den-engelsen-UFwW97AP0LI-unsplash.jpg,nofire,unsplash,unsplash_ben-den,train,train,3992,2242,ben-den-engelsen-UFwW97AP0LI-unsplash.jpg
ben-den-engelsen-q0THLEGsq5I-unsplash.jpg,nofire,unsplash,unsplash_ben-den,train,train,3992,2992,ben-den-engelsen-q0THLEGsq5I-unsplash.jpg
ben-dutton-HeKBd6Em5sk-unsplash.jpg,nofire,unsplash,unsplash_ben-dutton,val,train,6000,4000,ben-dutton-HeKBd6Em5sk-unsplash.jpg
ben-lambert-qVpGF060AX4-unsplash.jpg,nofire,unsplash,unsplash_ben-lambert,train,train,4160,6240,ben-lambert-qVpGF060AX4-unsplash.jpg
benaja-germann-wHNbdcXgFYU-unsplash.jpg,nofire,unsplash,unsplash_benaja-germann,train,train,3392,4878,benaja-germann-wHNbdcXgFYU-unsplash.jpg
benjamin-ashton-5G6jrUuKrBo-unsplash.jpg,nofire,unsplash,unsplash_benjamin-ashton,test,train,3648,5472,benjamin-ashton-5G6jrUuKrBo-unsplash.jpg
benjamin-grull-lOONLlJvKI0-unsplash.jpg,nofire,unsplash,unsplash_benjamin-grull,train,train,6000,4000,benjamin-grull-lOONLlJvKI0-unsplash.jpg
benjamin-voros-rNeBqnm1JXY-unsplash.jpg,nofire,unsplash,unsplash_benjamin-voros,train,train,2048,2560,benjamin-voros-rNeBqnm1JXY-unsplash.jpg
benjamin-voros-t-3f5RS-JGI-unsplash.jpg,nofire,unsplash,unsplash_benjamin-voros,train,train,3992,2242,benjamin-voros-t-3f5RS-JGI-unsplash.jpg
bernd-dittrich-EOjxrqRFYOA-unsplash.jpg,nofire,unsplash,unsplash_bernd-dittrich,test,train,4048,3032,bernd-dittrich-EOjxrqRFYOA-unsplash.jpg
bernd-dittrich-UOQHCo5Xnsc-unsplash.jpg,nofire,unsplash,unsplash_bernd-dittrich,test,train,6144,2140,bernd-dittrich-UOQHCo5Xnsc-unsplash.jpg
bernd-dittrich-mUz78jK8Y24-unsplash.jpg,nofire,unsplash,unsplash_bernd-dittrich,test,train,4048,2343,bernd-dittrich-mUz78jK8Y24-unsplash.jpg
beyon-binu-qmQ156HRorc-unsplash.jpg,nofire,unsplash,unsplash_beyon-binu,train,train,6048,3883,beyon-binu-qmQ156HRorc-unsplash.jpg
blake-wheeler-dMakhkE1poE-unsplash.jpg,nofire,unsplash,unsplash_blake-wheeler,train,train,3992,2992,blake-wheeler-dMakhkE1poE-unsplash.jpg
bleron-salihi-c74tbyamvyE-unsplash.jpg,nofire,unsplash,unsplash_bleron-salihi,train,train,4754,3739,bleron-salihi-c74tbyamvyE-unsplash.jpg
bobby-stevenson-Bi8vaFCoaNM-unsplash.jpg,nofire,unsplash,unsplash_bobby-stevenson,train,train,3750,3000,bobby-stevenson-Bi8vaFCoaNM-unsplash.jpg
boudhayan-bardhan-60tataLkJ0U-unsplash.jpg,nofire,unsplash,unsplash_boudhayan-bardhan,train,train,2000,3000,boudhayan-bardhan-60tataLkJ0U-unsplash.jpg
br-WVjI9ixNLno-unsplash.jpg,nofire,unsplash,unsplash_br-WVjI9ixNLno,train,train,4864,3648,br-WVjI9ixNLno-unsplash.jpg
brad-mann--dVboeQjz08-unsplash.jpg,nofire,unsplash,unsplash_brad-mann,train,train,5285,4748,brad-mann--dVboeQjz08-unsplash.jpg
brendan-beale-Dq_YHznEXI0-unsplash.jpg,nofire,unsplash,unsplash_brendan-beale,train,train,8000,6000,brendan-beale-Dq_YHznEXI0-unsplash.jpg
brendan-beale-YJsw2TfZ_F4-unsplash.jpg,nofire,unsplash,unsplash_brendan-beale,train,train,8000,6000,brendan-beale-YJsw2TfZ_F4-unsplash.jpg
bruno-melo-XsAv0ItdT5w-unsplash.jpg,nofire,unsplash,unsplash_bruno-melo,test,train,3332,2976,bruno-melo-XsAv0ItdT5w-unsplash.jpg
bryan-rodriguez-NccnfZua3aE-unsplash.jpg,nofire,unsplash,unsplash_bryan-rodriguez,train,train,3992,2992,bryan-rodriguez-NccnfZua3aE-unsplash.jpg
brydon-mccluskey-rTYQNvvomHk-unsplash.jpg,nofire,unsplash,unsplash_brydon-mccluskey,train,train,3984,2984,brydon-mccluskey-rTYQNvvomHk-unsplash.jpg
brydon-mccluskey-y1Lq4Knyr-c-unsplash.jpg,nofire,unsplash,unsplash_brydon-mccluskey,train,train,3160,1778,brydon-mccluskey-y1Lq4Knyr-c-unsplash.jpg
byron-johnson-XD5XverSdUo-unsplash.jpg,nofire,unsplash,unsplash_byron-johnson,train,train,3456,5184,byron-johnson-XD5XverSdUo-unsplash.jpg
cade-roberts-TvBNbqn8TZE-unsplash.jpg,nofire,unsplash,unsplash_cade-roberts,train,train,3456,4320,cade-roberts-TvBNbqn8TZE-unsplash.jpg
caleb-woods-5NqGg1EsGmY-unsplash.jpg,nofire,unsplash,unsplash_caleb-woods,train,train,5477,3651,caleb-woods-5NqGg1EsGmY-unsplash.jpg
calin-stan-s7qKz3sGhc4-unsplash.jpg,nofire,unsplash,unsplash_calin-stan,val,train,2332,3500,calin-stan-s7qKz3sGhc4-unsplash.jpg
cameron-stow-IknUlhvcpV0-unsplash.jpg,nofire,unsplash,unsplash_cameron-stow,train,train,3438,5157,cameron-stow-IknUlhvcpV0-unsplash.jpg
carmine-de-fazio-3ytjETpQMNY-unsplash.jpg,nofire,unsplash,unsplash_carmine-de,train,train,6016,4016,carmine-de-fazio-3ytjETpQMNY-unsplash.jpg
casey-horner-09Ds-LMCimI-unsplash.jpg,nofire,unsplash,unsplash_casey-horner,train,train,4016,5755,casey-horner-09Ds-LMCimI-unsplash.jpg
casey-horner-1ntpXBX2-JU-unsplash.jpg,nofire,unsplash,unsplash_casey-horner,train,train,3830,5221,casey-horner-1ntpXBX2-JU-unsplash.jpg
casey-horner-20VGfqwDeEQ-unsplash.jpg,nofire,unsplash,unsplash_casey-horner,train,train,6016,4016,casey-horner-20VGfqwDeEQ-unsplash.jpg
casey-horner-JNHrBVfdT_A-unsplash.jpg,nofire,unsplash,unsplash_casey-horner,train,train,3651,5477,casey-horner-JNHrBVfdT_A-unsplash.jpg
casey-horner-L-HxY2XlaaY-unsplash.jpg,nofire,unsplash,unsplash_casey-horner,train,train,3899,5128,casey-horner-L-HxY2XlaaY-unsplash.jpg
casey-horner-OlMAWilgnvY-unsplash.jpg,nofire,unsplash,unsplash_casey-horner,train,train,4534,4409,casey-horner-OlMAWilgnvY-unsplash.jpg
casey-horner-OopzSWabsWE-unsplash.jpg,nofire,unsplash,unsplash_casey-horner,train,train,4016,6016,casey-horner-OopzSWabsWE-unsplash.jpg
casey-horner-RakULpn7Vns-unsplash.jpg,nofire,unsplash,unsplash_casey-horner,train,train,6000,4000,casey-horner-RakULpn7Vns-unsplash.jpg
casey-horner-dTLj_5Nmhjs-unsplash.jpg,nofire,unsplash,unsplash_casey-horner,train,train,3967,5039,casey-horner-dTLj_5Nmhjs-unsplash.jpg
casey-horner-iJT9TEt7qlo-unsplash.jpg,nofire,unsplash,unsplash_casey-horner,train,train,3876,5806,casey-horner-iJT9TEt7qlo-unsplash.jpg
casey-horner-kqIA11dfeu0-unsplash.jpg,nofire,unsplash,unsplash_casey-horner,train,train,4016,6016,casey-horner-kqIA11dfeu0-unsplash.jpg
casey-horner-pRRSpbCFUOM-unsplash.jpg,nofire,unsplash,unsplash_casey-horner,train,train,3654,5473,casey-horner-pRRSpbCFUOM-unsplash.jpg
cassie-matias-l8Ab2-Tgvgk-unsplash.jpg,nofire,unsplash,unsplash_cassie-matias,val,train,3870,2902,cassie-matias-l8Ab2-Tgvgk-unsplash.jpg
catalin-dragu-VOHg6WZeSJ8-unsplash.jpg,nofire,unsplash,unsplash_catalin-dragu,val,train,3840,2160,catalin-dragu-VOHg6WZeSJ8-unsplash.jpg
cedric-charmillot-Mbs0OwQWNr0-unsplash.jpg,nofire,unsplash,unsplash_cedric-charmillot,train,train,4000,3000,cedric-charmillot-Mbs0OwQWNr0-unsplash.jpg
cesar-couto-Z83CMY9ho-I-unsplash.jpg,nofire,unsplash,unsplash_cesar-couto,val,train,5131,2883,cesar-couto-Z83CMY9ho-I-unsplash.jpg
chad-mcmillan-R4T9TI8EsJI-unsplash.jpg,nofire,unsplash,unsplash_chad-mcmillan,test,train,3500,2308,chad-mcmillan-R4T9TI8EsJI-unsplash.jpg
charley-pangus-7nZ4uKGKngw-unsplash.jpg,nofire,unsplash,unsplash_charley-pangus,train,train,6000,4000,charley-pangus-7nZ4uKGKngw-unsplash.jpg
chirag-tripathi-0U_fnrfGOhE-unsplash.jpg,nofire,unsplash,unsplash_chirag-tripathi,train,train,4000,2250,chirag-tripathi-0U_fnrfGOhE-unsplash.jpg
chris-bair-n59wYPDrVVg-unsplash.jpg,nofire,unsplash,unsplash_chris-bair,train,train,3992,2242,chris-bair-n59wYPDrVVg-unsplash.jpg
chris-bair-rrpQv3MapOg-unsplash.jpg,nofire,unsplash,unsplash_chris-bair,train,train,3992,2242,chris-bair-rrpQv3MapOg-unsplash.jpg
chris-barbalis-n1EsQQnvA3o-unsplash.jpg,nofire,unsplash,unsplash_chris-barbalis,val,train,6000,4000,chris-barbalis-n1EsQQnvA3o-unsplash.jpg
chris-henry-LJkIygEJmtU-unsplash.jpg,nofire,unsplash,unsplash_chris-henry,test,train,4272,2848,chris-henry-LJkIygEJmtU-unsplash.jpg
chris-kursikowski-9nya3cwmq2c-unsplash.jpg,nofire,unsplash,unsplash_chris-kursikowski,test,train,2348,3525,chris-kursikowski-9nya3cwmq2c-unsplash.jpg
chris-lawton-6tfO1M8_gas-unsplash.jpg,nofire,unsplash,unsplash_chris-lawton,train,train,6000,4001,chris-lawton-6tfO1M8_gas-unsplash.jpg
chris-maestas-xrQpW8hlp3o-unsplash.jpg,nofire,unsplash,unsplash_chris-maestas,train,train,3978,2091,chris-maestas-xrQpW8hlp3o-unsplash.jpg
chris-meads-n22ADP3cjrE-unsplash.jpg,nofire,unsplash,unsplash_chris-meads,test,train,5380,3584,chris-meads-n22ADP3cjrE-unsplash.jpg
chris-sanchez-YXzQe8JHvwc-unsplash.jpg,nofire,unsplash,unsplash_chris-sanchez,train,train,3888,2592,chris-sanchez-YXzQe8JHvwc-unsplash.jpg
chris-turgeon-K7Nr1zfFg_Y-unsplash.jpg,nofire,unsplash,unsplash_chris-turgeon,train,train,2757,3447,chris-turgeon-K7Nr1zfFg_Y-unsplash.jpg
christian-grab-AygJgCM_vto-unsplash.jpg,nofire,unsplash,unsplash_christian-grab,val,train,1814,2500,christian-grab-AygJgCM_vto-unsplash.jpg
christian-regg-o7LDdRDIYiY-unsplash.jpg,nofire,unsplash,unsplash_christian-regg,test,train,7360,4912,christian-regg-o7LDdRDIYiY-unsplash.jpg
chuttersnap-hS1vWzHoxI8-unsplash.jpg,nofire,unsplash,unsplash_chuttersnap-hS1vWzHoxI8,train,train,3992,2992,chuttersnap-hS1vWzHoxI8-unsplash.jpg
ciprian-boiciuc-kKadFByUqEo-unsplash.jpg,nofire,unsplash,unsplash_ciprian-boiciuc,test,train,3264,4896,ciprian-boiciuc-kKadFByUqEo-unsplash.jpg
clay-banks-NynIeQRSb74-unsplash.jpg,nofire,unsplash,unsplash_clay-banks,train,train,2196,3600,clay-banks-NynIeQRSb74-unsplash.jpg
clay-banks-XhemLSLyHQw-unsplash.jpg,nofire,unsplash,unsplash_clay-banks,train,train,2190,3900,clay-banks-XhemLSLyHQw-unsplash.jpg
clay-banks-n3oxNp0uV90-unsplash.jpg,nofire,unsplash,unsplash_clay-banks,train,train,2190,3900,clay-banks-n3oxNp0uV90-unsplash.jpg
clay-banks-r355OxzYdaE-unsplash.jpg,nofire,unsplash,unsplash_clay-banks,train,train,2303,3777,clay-banks-r355OxzYdaE-unsplash.jpg
clay-banks-zhe3gVi6YBM-unsplash.jpg,nofire,unsplash,unsplash_clay-banks,train,train,4500,3000,clay-banks-zhe3gVi6YBM-unsplash.jpg
clay-elliot-nWr7mUFtyho-unsplash.jpg,nofire,unsplash,unsplash_clay-elliot,test,train,2253,3070,clay-elliot-nWr7mUFtyho-unsplash.jpg
clement-duguerre-gakIfgeuO88-unsplash.jpg,nofire,unsplash,unsplash_clement-duguerre,val,train,6000,4000,clement-duguerre-gakIfgeuO88-unsplash.jpg
clement-fusil-ix2rNtPgEWI-unsplash.jpg,nofire,unsplash,unsplash_clement-fusil,val,train,3000,1993,clement-fusil-ix2rNtPgEWI-unsplash.jpg
clement-m-h7vKkZNNThE-unsplash.jpg,nofire,unsplash,unsplash_clement-m,test,train,4608,3072,clement-m-h7vKkZNNThE-unsplash.jpg
clement-m-igX2deuD9lc-unsplash.jpg,nofire,unsplash,unsplash_clement-m,test,train,3072,4608,clement-m-igX2deuD9lc-unsplash.jpg
cody-doherty-i2se8qITSWA-unsplash.jpg,nofire,unsplash,unsplash_cody-doherty,train,train,4439,2959,cody-doherty-i2se8qITSWA-unsplash.jpg
cole-freeman-6PB8SYmwecM-unsplash.jpg,nofire,unsplash,unsplash_cole-freeman,train,train,3104,2328,cole-freeman-6PB8SYmwecM-unsplash.jpg
cole-freeman-BeAiBhYTvLg-unsplash.jpg,nofire,unsplash,unsplash_cole-freeman,train,train,3968,2976,cole-freeman-BeAiBhYTvLg-unsplash.jpg
cole-freeman-DkBp6XI4430-unsplash.jpg,nofire,unsplash,unsplash_cole-freeman,train,train,4000,5333,cole-freeman-DkBp6XI4430-unsplash.jpg
cole-freeman-HKie6QyBO_k-unsplash.jpg,nofire,unsplash,unsplash_cole-freeman,train,train,6000,3375,cole-freeman-HKie6QyBO_k-unsplash.jpg
cole-freeman-Ilzb3kagOSc-unsplash.jpg,nofire,unsplash,unsplash_cole-freeman,train,train,3491,1964,cole-freeman-Ilzb3kagOSc-unsplash.jpg
cole-freeman-Nb4S6o1Z8pU-unsplash.jpg,nofire,unsplash,unsplash_cole-freeman,train,train,3968,2976,cole-freeman-Nb4S6o1Z8pU-unsplash.jpg
cole-freeman-vZCfFydcttg-unsplash.jpg,nofire,unsplash,unsplash_cole-freeman,train,train,3072,4608,cole-freeman-vZCfFydcttg-unsplash.jpg
craig-bradford-9bUkEBeXUUQ-unsplash.jpg,nofire,unsplash,unsplash_craig-bradford,train,train,3615,2030,craig-bradford-9bUkEBeXUUQ-unsplash.jpg
cristian-castillo-D4yjy4ZsJck-unsplash.jpg,nofire,unsplash,unsplash_cristian-castillo,train,train,6000,4000,cristian-castillo-D4yjy4ZsJck-unsplash.jpg
cristian-vieriu-2hkpim9ZSMo-unsplash.jpg,nofire,unsplash,unsplash_cristian-vieriu,train,train,4000,2250,cristian-vieriu-2hkpim9ZSMo-unsplash.jpg
cristian-vieriu-hWssRtmp4nc-unsplash.jpg,nofire,unsplash,unsplash_cristian-vieriu,train,train,4000,2250,cristian-vieriu-hWssRtmp4nc-unsplash.jpg
cristian-vieriu-vvEpj8d7dQc-unsplash.jpg,nofire,unsplash,unsplash_cristian-vieriu,train,train,4000,2250,cristian-vieriu-vvEpj8d7dQc-unsplash.jpg
cristina-gottardi-ahzgaalmLYY-unsplash.jpg,nofire,unsplash,unsplash_cristina-gottardi,train,train,4896,3264,cristina-gottardi-ahzgaalmLYY-unsplash.jpg
cristina-gottardi-wndpWTiDuT0-unsplash.jpg,nofire,unsplash,unsplash_cristina-gottardi,train,train,4896,3264,cristina-gottardi-wndpWTiDuT0-unsplash.jpg
cristofer-maximilian-5NyN-wyH3qE-unsplash.jpg,nofire,unsplash,unsplash_cristofer-maximilian,train,train,6000,4000,cristofer-maximilian-5NyN-wyH3qE-unsplash.jpg
cristofer-maximilian-BO14MMJLMIk-unsplash.jpg,nofire,unsplash,unsplash_cristofer-maximilian,train,train,4000,6000,cristofer-maximilian-BO14MMJLMIk-unsplash.jpg
cristofer-maximilian-ZmbOdU16tjY-unsplash.jpg,nofire,unsplash,unsplash_cristofer-maximilian,train,train,7952,5304,cristofer-maximilian-ZmbOdU16tjY-unsplash.jpg
cyrus-crossan-gS_ddyX9_x4-unsplash.jpg,nofire,unsplash,unsplash_cyrus-crossan,train,train,5924,3949,cyrus-crossan-gS_ddyX9_x4-unsplash.jpg
damien-checoury-03YfWDpHv40-unsplash.jpg,nofire,unsplash,unsplash_damien-checoury,train,train,3992,2992,damien-checoury-03YfWDpHv40-unsplash.jpg
dan-meyers-8m1fC4aPxuw-unsplash.jpg,nofire,unsplash,unsplash_dan-meyers,train,train,5472,3648,dan-meyers-8m1fC4aPxuw-unsplash.jpg
dan-meyers-TWENdzEF6-o-unsplash.jpg,nofire,unsplash,unsplash_dan-meyers,train,train,5464,3640,dan-meyers-TWENdzEF6-o-unsplash.jpg
dan-otis-OYFHT4X5isg-unsplash.jpg,nofire,unsplash,unsplash_dan-otis,test,train,5184,3456,dan-otis-OYFHT4X5isg-unsplash.jpg
dan-rogers-lMIvz5b1vRo-unsplash.jpg,nofire,unsplash,unsplash_dan-rogers,test,train,6000,4000,dan-rogers-lMIvz5b1vRo-unsplash.jpg
daniel-frank-FHaSDVc-NWM-unsplash.jpg,nofire,unsplash,unsplash_daniel-frank,val,train,3888,2592,daniel-frank-FHaSDVc-NWM-unsplash.jpg
daniel-frank-LIHiWVXaUyM-unsplash.jpg,nofire,unsplash,unsplash_daniel-frank,val,train,3888,2592,daniel-frank-LIHiWVXaUyM-unsplash.jpg
daniel-genser-PzPbh-faPgU-unsplash.jpg,nofire,unsplash,unsplash_daniel-genser,train,train,2000,1333,daniel-genser-PzPbh-faPgU-unsplash.jpg
daniel-j-schwarz-MYVrOV48pVw-unsplash.jpg,nofire,unsplash,unsplash_daniel-j,train,train,4160,6240,daniel-j-schwarz-MYVrOV48pVw-unsplash.jpg
daniel-kainz-FdkF3FKWeK0-unsplash.jpg,nofire,unsplash,unsplash_daniel-kainz,train,train,1582,2048,daniel-kainz-FdkF3FKWeK0-unsplash.jpg
daniel-mirlea-qCMpxBhvURc-unsplash.jpg,nofire,unsplash,unsplash_daniel-mirlea,test,train,6946,4636,daniel-mirlea-qCMpxBhvURc-unsplash.jpg
daniel-oberg-49CAJoYFmdg-unsplash.jpg,nofire,unsplash,unsplash_daniel-oberg,test,train,2720,3400,daniel-oberg-49CAJoYFmdg-unsplash.jpg
daniel-olah-ZbEURDlbE6o-unsplash.jpg,nofire,unsplash,unsplash_daniel-olah,test,train,4140,7360,daniel-olah-ZbEURDlbE6o-unsplash.jpg
daniel-plan-rroHrT9LtQo-unsplash.jpg,nofire,unsplash,unsplash_daniel-plan,test,train,5545,3697,daniel-plan-rroHrT9LtQo-unsplash.jpg
daniel-rauber-wOWEyyoFEyU-unsplash.jpg,nofire,unsplash,unsplash_daniel-rauber,train,train,7360,4594,daniel-rauber-wOWEyyoFEyU-unsplash.jpg
daniel-soderman-ds7eUa2MfNA-unsplash.jpg,nofire,unsplash,unsplash_daniel-soderman,train,train,2992,3740,daniel-soderman-ds7eUa2MfNA-unsplash.jpg
daniel-wallace-USu6TA8aQ1E-unsplash.jpg,nofire,unsplash,unsplash_daniel-wallace,train,train,2560,1438,daniel-wallace-USu6TA8aQ1E-unsplash.jpg
daniil-silantev-c5CajE3SNtA-unsplash.jpg,nofire,unsplash,unsplash_daniil-silantev,train,train,4895,3268,daniil-silantev-c5CajE3SNtA-unsplash.jpg
daniil-silantev-hjODrLxv55E-unsplash.jpg,nofire,unsplash,unsplash_daniil-silantev,train,train,6004,3997,daniil-silantev-hjODrLxv55E-unsplash.jpg
daniil-silantev-n6to3HSgTXI-unsplash.jpg,nofire,unsplash,unsplash_daniil-silantev,train,train,3255,4914,daniil-silantev-n6to3HSgTXI-unsplash.jpg
daniil-silantev-wzLhNAHiOvE-unsplash.jpg,nofire,unsplash,unsplash_daniil-silantev,train,train,5960,4026,daniil-silantev-wzLhNAHiOvE-unsplash.jpg
danilo-capece-R6Svc7JWhIo-unsplash.jpg,nofire,unsplash,unsplash_danilo-capece,train,train,2875,5120,danilo-capece-R6Svc7JWhIo-unsplash.jpg
dave-herring-4MxZb6-wy6E-unsplash.jpg,nofire,unsplash,unsplash_dave-herring,test,train,5179,6474,dave-herring-4MxZb6-wy6E-unsplash.jpg
dave-herring-D262LwMlOr8-unsplash.jpg,nofire,unsplash,unsplash_dave-herring,test,train,4199,5249,dave-herring-D262LwMlOr8-unsplash.jpg
dave-herring-NPpV-SRqpAw-unsplash.jpg,nofire,unsplash,unsplash_dave-herring,test,train,6678,4452,dave-herring-NPpV-SRqpAw-unsplash.jpg
dave-herring-Yqtv25PKjZo-unsplash.jpg,nofire,unsplash,unsplash_dave-herring,test,train,4424,6636,dave-herring-Yqtv25PKjZo-unsplash.jpg
dave-herring-xrjBELh1ybY-unsplash.jpg,nofire,unsplash,unsplash_dave-herring,test,train,7952,5304,dave-herring-xrjBELh1ybY-unsplash.jpg
dave-hoefler-7RrPVxOl4Sk-unsplash.jpg,nofire,unsplash,unsplash_dave-hoefler,train,train,2844,3982,dave-hoefler-7RrPVxOl4Sk-unsplash.jpg
dave-hoefler-9V-hT3P_7KI-unsplash.jpg,nofire,unsplash,unsplash_dave-hoefler,train,train,3840,5376,dave-hoefler-9V-hT3P_7KI-unsplash.jpg
dave-hoefler-LzSU1IXG68U-unsplash.jpg,nofire,unsplash,unsplash_dave-hoefler,train,train,3982,2489,dave-hoefler-LzSU1IXG68U-unsplash.jpg
dave-hoefler-NpMl97aTmco-unsplash.jpg,nofire,unsplash,unsplash_dave-hoefler,train,train,5411,3605,dave-hoefler-NpMl97aTmco-unsplash.jpg
dave-hoefler-od287vQyufw-unsplash.jpg,nofire,unsplash,unsplash_dave-hoefler,train,train,5760,3600,dave-hoefler-od287vQyufw-unsplash.jpg
dave-hoefler-pe2X3tQ2EvQ-unsplash.jpg,nofire,unsplash,unsplash_dave-hoefler,train,train,5603,3502,dave-hoefler-pe2X3tQ2EvQ-unsplash.jpg
dave-hoefler-rcE3_D-u2NE-unsplash.jpg,nofire,unsplash,unsplash_dave-hoefler,train,train,5760,3600,dave-hoefler-rcE3_D-u2NE-unsplash.jpg
dave-hoefler-zR1-jvnJSSc-unsplash.jpg,nofire,unsplash,unsplash_dave-hoefler,train,train,3982,2844,dave-hoefler-zR1-jvnJSSc-unsplash.jpg
dave-michuda-tnJHwBblCIg-unsplash.jpg,nofire,unsplash,unsplash_dave-michuda,train,train,2048,1536,dave-michuda-tnJHwBblCIg-unsplash.jpg
david-geere-oFxuQxE0Hm0-unsplash.jpg,nofire,unsplash,unsplash_david-geere,train,train,4000,2250,david-geere-oFxuQxE0Hm0-unsplash.jpg
david-hendricks-9MWUzbR_KwU-unsplash.jpg,nofire,unsplash,unsplash_david-hendricks,test,train,2992,3740,david-hendricks-9MWUzbR_KwU-unsplash.jpg
david-jusko-tYehUoeNRYw-unsplash.jpg,nofire,unsplash,unsplash_david-jusko,train,train,4000,6000,david-jusko-tYehUoeNRYw-unsplash.jpg
david-kovalenko-qYMa2-P-U0M-unsplash.jpg,nofire,unsplash,unsplash_david-kovalenko,test,train,4000,3000,david-kovalenko-qYMa2-P-U0M-unsplash.jpg
david-marcu-78A265wPiO4-unsplash.jpg,nofire,unsplash,unsplash_david-marcu,val,train,3506,2329,david-marcu-78A265wPiO4-unsplash.jpg
david-marcu-CaQ_KITtnVY-unsplash.jpg,nofire,unsplash,unsplash_david-marcu,val,train,3747,2489,david-marcu-CaQ_KITtnVY-unsplash.jpg
david-mullins-3Jnws1iRSwk-unsplash.jpg,nofire,unsplash,unsplash_david-mullins,train,train,5113,3409,david-mullins-3Jnws1iRSwk-unsplash.jpg
dawid-zawila--G3rw6Y02D0-unsplash.jpg,nofire,unsplash,unsplash_dawid-zawila,val,train,4159,2773,dawid-zawila--G3rw6Y02D0-unsplash.jpg
dawson-mccormick-54KgZS_r-n0-unsplash.jpg,nofire,unsplash,unsplash_dawson-mccormick,train,train,3605,5408,dawson-mccormick-54KgZS_r-n0-unsplash.jpg
dawson-mccormick-JM7go_siWXM-unsplash.jpg,nofire,unsplash,unsplash_dawson-mccormick,train,train,6720,4480,dawson-mccormick-JM7go_siWXM-unsplash.jpg
ddp--uj_8hOwWkc-unsplash.jpg,nofire,unsplash,unsplash_ddp-,val,train,6000,3375,ddp--uj_8hOwWkc-unsplash.jpg
ddp-mRTLNEEsIvU-unsplash.jpg,nofire,unsplash,unsplash_ddp-mRTLNEEsIvU,test,train,6000,4000,ddp-mRTLNEEsIvU-unsplash.jpg
demian-tejeda-benitez-G-LvmhhXBdQ-unsplash.jpg,nofire,unsplash,unsplash_demian-tejeda,train,train,3648,5472,demian-tejeda-benitez-G-LvmhhXBdQ-unsplash.jpg
derek-sears-1CdzukjTkKE-unsplash.jpg,nofire,unsplash,unsplash_derek-sears,val,train,6000,4000,derek-sears-1CdzukjTkKE-unsplash.jpg
detoured-studio-ULEkrDoN_y0-unsplash.jpg,nofire,unsplash,unsplash_detoured-studio,test,train,3674,2736,detoured-studio-ULEkrDoN_y0-unsplash.jpg
deva-darshan-2XUfjLp7HYY-unsplash.jpg,nofire,unsplash,unsplash_deva-darshan,train,train,2680,2822,deva-darshan-2XUfjLp7HYY-unsplash.jpg
dieter-pelz-TdBjJUJV9js-unsplash.jpg,nofire,unsplash,unsplash_dieter-pelz,train,train,4608,3456,dieter-pelz-TdBjJUJV9js-unsplash.jpg
dillon-austin-xI-57L4_P1U-unsplash.jpg,nofire,unsplash,unsplash_dillon-austin,train,train,3692,2077,dillon-austin-xI-57L4_P1U-unsplash.jpg
dimitar-krastev-qWO-NmBLtgI-unsplash.jpg,nofire,unsplash,unsplash_dimitar-krastev,val,train,3648,5472,dimitar-krastev-qWO-NmBLtgI-unsplash.jpg
dimitris-pallas-Kj5bXWl_ttw-unsplash.jpg,nofire,unsplash,unsplash_dimitris-pallas,train,train,2250,3624,dimitris-pallas-Kj5bXWl_ttw-unsplash.jpg
dimitris-pallas-W2rz3GCXxao-unsplash.jpg,nofire,unsplash,unsplash_dimitris-pallas,train,train,4000,2250,dimitris-pallas-W2rz3GCXxao-unsplash.jpg
dion-tavenier-tVzRCOosqxA-unsplash.jpg,nofire,unsplash,unsplash_dion-tavenier,train,train,3992,2242,dion-tavenier-tVzRCOosqxA-unsplash.jpg
dovydas-zilinskas-aMSL2LAtbPw-unsplash.jpg,nofire,unsplash,unsplash_dovydas-zilinskas,train,train,5472,3648,dovydas-zilinskas-aMSL2LAtbPw-unsplash.jpg
drew-saurus-VA4dNztZVlA-unsplash.jpg,nofire,unsplash,unsplash_drew-saurus,train,train,6000,4000,drew-saurus-VA4dNztZVlA-unsplash.jpg
dustin-scarpitti-26-lAP0XprM-unsplash.jpg,nofire,unsplash,unsplash_dustin-scarpitti,val,train,5184,3456,dustin-scarpitti-26-lAP0XprM-unsplash.jpg
dwinanda-nurhanif-mujito-pKT5Mg16w_w-unsplash.jpg,nofire,unsplash,unsplash_dwinanda-nurhanif,train,train,3456,4320,dwinanda-nurhanif-mujito-pKT5Mg16w_w-unsplash.jpg
dylan-taylor-zMHCC6BQJFU-unsplash.jpg,nofire,unsplash,unsplash_dylan-taylor,train,train,5627,3926,dylan-taylor-zMHCC6BQJFU-unsplash.jpg
eberhard-grossgasteiger-13RPKrir2Z4-unsplash.jpg,nofire,unsplash,unsplash_eberhard-grossgasteiger,val,train,5833,3888,eberhard-grossgasteiger-13RPKrir2Z4-unsplash.jpg
eberhard-grossgasteiger-5GEZczwvf9I-unsplash.jpg,nofire,unsplash,unsplash_eberhard-grossgasteiger,val,train,6000,4000,eberhard-grossgasteiger-5GEZczwvf9I-unsplash.jpg
eberhard-grossgasteiger-5P91SF0zNsI-unsplash.jpg,nofire,unsplash,unsplash_eberhard-grossgasteiger,val,train,3670,5496,eberhard-grossgasteiger-5P91SF0zNsI-unsplash.jpg
eberhard-grossgasteiger-7ZBP5fYIg4E-unsplash.jpg,nofire,unsplash,unsplash_eberhard-grossgasteiger,val,train,3648,2432,eberhard-grossgasteiger-7ZBP5fYIg4E-unsplash.jpg
eberhard-grossgasteiger-7pEJtQRVji4-unsplash.jpg,nofire,unsplash,unsplash_eberhard-grossgasteiger,val,train,3648,5472,eberhard-grossgasteiger-7pEJtQRVji4-unsplash.jpg
eberhard-grossgasteiger-B2ImdRrDZrM-unsplash.jpg,nofire,unsplash,unsplash_eberhard-grossgasteiger,val,train,4000,6000,eberhard-grossgasteiger-B2ImdRrDZrM-unsplash.jpg
eberhard-grossgasteiger-BXasVMRGsuo-unsplash.jpg,nofire,unsplash,unsplash_eberhard-grossgasteiger,val,train,3670,5496,eberhard-grossgasteiger-BXasVMRGsuo-unsplash.jpg
eberhard-grossgasteiger-DYPGr9SP68E-unsplash.jpg,nofire,unsplash,unsplash_eberhard-grossgasteiger,val,train,5760,3840,eberhard-grossgasteiger-DYPGr9SP68E-unsplash.jpg
eberhard-grossgasteiger-E4bmf8BtIBE-unsplash.jpg,nofire,unsplash,unsplash_eberhard-grossgasteiger,val,train,6000,4000,eberhard-grossgasteiger-E4bmf8BtIBE-unsplash.jpg
eberhard-grossgasteiger-EpDhYzPsV-0-unsplash.jpg,nofire,unsplash,unsplash_eberhard-grossgasteiger,val,train,3870,5796,eberhard-grossgasteiger-EpDhYzPsV-0-unsplash.jpg
eberhard-grossgasteiger-H57UwwMAl98-unsplash.jpg,nofire,unsplash,unsplash_eberhard-grossgasteiger,val,train,4000,6000,eberhard-grossgasteiger-H57UwwMAl98-unsplash.jpg
eberhard-grossgasteiger-HtpRxzbKHK0-unsplash.jpg,nofire,unsplash,unsplash_eberhard-grossgasteiger,val,train,3648,5472,eberhard-grossgasteiger-HtpRxzbKHK0-unsplash.jpg
eberhard-grossgasteiger-IlYrCpRlBS4-unsplash.jpg,nofire,unsplash,unsplash_eberhard-grossgasteiger,val,train,3648,5472,eberhard-grossgasteiger-IlYrCpRlBS4-unsplash.jpg
eberhard-grossgasteiger-JLugShVc6Kg-unsplash.jpg,nofire,unsplash,unsplash_eberhard-grossgasteiger,val,train,3840,5760,eberhard-grossgasteiger-JLugShVc6Kg-unsplash.jpg
eberhard-grossgasteiger-K27cUzugBiA-unsplash.jpg,nofire,unsplash,unsplash_eberhard-grossgasteiger,val,train,4000,6000,eberhard-grossgasteiger-K27cUzugBiA-unsplash.jpg
eberhard-grossgasteiger-KImxhvY-Y1s-unsplash.jpg,nofire,unsplash,unsplash_eberhard-grossgasteiger,val,train,3805,5707,eberhard-grossgasteiger-KImxhvY-Y1s-unsplash.jpg
eberhard-grossgasteiger-KVl_S7rrA1Y-unsplash.jpg,nofire,unsplash,unsplash_eberhard-grossgasteiger,val,train,4000,6000,eberhard-grossgasteiger-KVl_S7rrA1Y-unsplash.jpg
eberhard-grossgasteiger-MGTzYEi25us-unsplash.jpg,nofire,unsplash,unsplash_eberhard-grossgasteiger,val,train,3670,5496,eberhard-grossgasteiger-MGTzYEi25us-unsplash.jpg
eberhard-grossgasteiger-RVj002xHssw-unsplash.jpg,nofire,unsplash,unsplash_eberhard-grossgasteiger,val,train,3670,5496,eberhard-grossgasteiger-RVj002xHssw-unsplash.jpg
eberhard-grossgasteiger-SQtEnnmV-No-unsplash.jpg,nofire,unsplash,unsplash_eberhard-grossgasteiger,val,train,6000,4000,eberhard-grossgasteiger-SQtEnnmV-No-unsplash.jpg
eberhard-grossgasteiger-WENMYNs6H5U-unsplash.jpg,nofire,unsplash,unsplash_eberhard-grossgasteiger,val,train,5304,7952,eberhard-grossgasteiger-WENMYNs6H5U-unsplash.jpg
eberhard-grossgasteiger-Y3H3vhg2bdk-unsplash.jpg,nofire,unsplash,unsplash_eberhard-grossgasteiger,val,train,6000,4000,eberhard-grossgasteiger-Y3H3vhg2bdk-unsplash.jpg
eberhard-grossgasteiger-cXp3YDkOB88-unsplash.jpg,nofire,unsplash,unsplash_eberhard-grossgasteiger,val,train,3840,5760,eberhard-grossgasteiger-cXp3YDkOB88-unsplash.jpg
eberhard-grossgasteiger-g3ivomyhNnc-unsplash.jpg,nofire,unsplash,unsplash_eberhard-grossgasteiger,val,train,4000,6000,eberhard-grossgasteiger-g3ivomyhNnc-unsplash.jpg
eberhard-grossgasteiger-jdM9HbkPhsA-unsplash.jpg,nofire,unsplash,unsplash_eberhard-grossgasteiger,val,train,2666,4000,eberhard-grossgasteiger-jdM9HbkPhsA-unsplash.jpg
eberhard-grossgasteiger-mfU50hZmjNI-unsplash.jpg,nofire,unsplash,unsplash_eberhard-grossgasteiger,val,train,3648,5472,eberhard-grossgasteiger-mfU50hZmjNI-unsplash.jpg
eberhard-grossgasteiger-pr1sWAQgWns-unsplash.jpg,nofire,unsplash,unsplash_eberhard-grossgasteiger,val,train,6000,4000,eberhard-grossgasteiger-pr1sWAQgWns-unsplash.jpg
eberhard-grossgasteiger-r8I8T7d5bRY-unsplash.jpg,nofire,unsplash,unsplash_eberhard-grossgasteiger,val,train,3840,5760,eberhard-grossgasteiger-r8I8T7d5bRY-unsplash.jpg
eberhard-grossgasteiger-srX1E4V6tlo-unsplash.jpg,nofire,unsplash,unsplash_eberhard-grossgasteiger,val,train,6000,4000,eberhard-grossgasteiger-srX1E4V6tlo-unsplash.jpg
eberhard-grossgasteiger-trYDgTHBoy0-unsplash.jpg,nofire,unsplash,unsplash_eberhard-grossgasteiger,val,train,4000,6000,eberhard-grossgasteiger-trYDgTHBoy0-unsplash.jpg
eberhard-grossgasteiger-yQgOSaXemqA-unsplash.jpg,nofire,unsplash,unsplash_eberhard-grossgasteiger,val,train,3840,5760,eberhard-grossgasteiger-yQgOSaXemqA-unsplash.jpg
eberhard-grossgasteiger-zzZ8eq7pYqM-unsplash.jpg,nofire,unsplash,unsplash_eberhard-grossgasteiger,val,train,4000,6000,eberhard-grossgasteiger-zzZ8eq7pYqM-unsplash.jpg
egor-vikhrev-E_edycnsz_E-unsplash.jpg,nofire,unsplash,unsplash_egor-vikhrev,test,train,2700,3600,egor-vikhrev-E_edycnsz_E-unsplash.jpg
elena-mozhvilo-2lCRng6W2tE-unsplash.jpg,nofire,unsplash,unsplash_elena-mozhvilo,train,train,6016,4000,elena-mozhvilo-2lCRng6W2tE-unsplash.jpg
elena-mozhvilo-JZYHskOBOlg-unsplash.jpg,nofire,unsplash,unsplash_elena-mozhvilo,train,train,6016,4000,elena-mozhvilo-JZYHskOBOlg-unsplash.jpg
elena-mozhvilo-QHovAHM7jEw-unsplash.jpg,nofire,unsplash,unsplash_elena-mozhvilo,train,train,4000,6016,elena-mozhvilo-QHovAHM7jEw-unsplash.jpg
elena-mozhvilo-whqFYD75HW0-unsplash.jpg,nofire,unsplash,unsplash_elena-mozhvilo,train,train,5781,3548,elena-mozhvilo-whqFYD75HW0-unsplash.jpg
eric-jacob-G0miZ5OYaXI-unsplash.jpg,nofire,unsplash,unsplash_eric-jacob,train,train,4169,2779,eric-jacob-G0miZ5OYaXI-unsplash.jpg
eric-muhr-Fs-bcmsV-hA-unsplash.jpg,nofire,unsplash,unsplash_eric-muhr,train,train,4272,2848,eric-muhr-Fs-bcmsV-hA-unsplash.jpg
eric-muhr-zzsw-j9b3iI-unsplash.jpg,nofire,unsplash,unsplash_eric-muhr,train,train,3456,5184,eric-muhr-zzsw-j9b3iI-unsplash.jpg
erica-li-bbH1j8aclpI-unsplash.jpg,nofire,unsplash,unsplash_erica-li,train,train,4772,2820,erica-li-bbH1j8aclpI-unsplash.jpg
erik-odiin-yblSCZMxzD4-unsplash.jpg,nofire,unsplash,unsplash_erik-odiin,train,train,2992,3992,erik-odiin-yblSCZMxzD4-unsplash.jpg
ervo-rocks-KlOhFzAmkCE-unsplash.jpg,nofire,unsplash,unsplash_ervo-rocks,test,train,5464,3640,ervo-rocks-KlOhFzAmkCE-unsplash.jpg
esteban-benites-Xp9hn1HzzDk-unsplash.jpg,nofire,unsplash,unsplash_esteban-benites,train,train,2176,3874,esteban-benites-Xp9hn1HzzDk-unsplash.jpg
ethan-dow-6EljUULo4FQ-unsplash.jpg,nofire,unsplash,unsplash_ethan-dow,train,train,1900,3040,ethan-dow-6EljUULo4FQ-unsplash.jpg
ethan-dow-BkV6n4Xi8JQ-unsplash.jpg,nofire,unsplash,unsplash_ethan-dow,train,train,1895,3032,ethan-dow-BkV6n4Xi8JQ-unsplash.jpg
ethan-dow-OX4FXemQiek-unsplash.jpg,nofire,unsplash,unsplash_ethan-dow,train,train,1874,2998,ethan-dow-OX4FXemQiek-unsplash.jpg
ethan-dow-ZeDw8ck4XEM-unsplash.jpg,nofire,unsplash,unsplash_ethan-dow,train,train,1875,3000,ethan-dow-ZeDw8ck4XEM-unsplash.jpg
eutah-mizushima-OWwK_0_EnxY-unsplash.jpg,nofire,unsplash,unsplash_eutah-mizushima,val,train,3533,2160,eutah-mizushima-OWwK_0_EnxY-unsplash.jpg
evgeni-evgeniev-LPKk3wtkC-g-unsplash.jpg,nofire,unsplash,unsplash_evgeni-evgeniev,train,train,2412,4288,evgeni-evgeniev-LPKk3wtkC-g-unsplash.jpg
fabio-comparelli-JYjZDhUjaPU-unsplash.jpg,nofire,unsplash,unsplash_fabio-comparelli,train,train,2668,2000,fabio-comparelli-JYjZDhUjaPU-unsplash.jpg
fabio-santaniello-bruun-Ke-ENe3ByiQ-unsplash.jpg,nofire,unsplash,unsplash_fabio-santaniello,train,train,4000,3000,fabio-santaniello-bruun-Ke-ENe3ByiQ-unsplash.jpg
farid-mardanov-91wN942yoTo-unsplash.jpg,nofire,unsplash,unsplash_farid-mardanov,val,train,4160,6240,farid-mardanov-91wN942yoTo-unsplash.jpg
febe-vanermen-O1rItzdBjI8-unsplash.jpg,nofire,unsplash,unsplash_febe-vanermen,train,train,4114,2377,febe-vanermen-O1rItzdBjI8-unsplash.jpg
federica-galli-pF1ug8ysTtY-unsplash.jpg,nofire,unsplash,unsplash_federica-galli,test,train,6000,4000,federica-galli-pF1ug8ysTtY-unsplash.jpg
federico-beccari-kRnkqSKZODQ-unsplash.jpg,nofire,unsplash,unsplash_federico-beccari,test,train,5032,3355,federico-beccari-kRnkqSKZODQ-unsplash.jpg
federico-bottos-Z3NceSeZqgI-unsplash.jpg,nofire,unsplash,unsplash_federico-bottos,train,train,2666,4000,federico-bottos-Z3NceSeZqgI-unsplash.jpg
felipe-dias-0nMS196uiEs-unsplash.jpg,nofire,unsplash,unsplash_felipe-dias,test,train,4856,3640,felipe-dias-0nMS196uiEs-unsplash.jpg
felix-bacher--jEEnRx38wo-unsplash.jpg,nofire,unsplash,unsplash_felix-bacher,test,train,6000,4000,felix-bacher--jEEnRx38wo-unsplash.jpg
filip-zrnzevic-QsWG0kjPQRY-unsplash.jpg,nofire,unsplash,unsplash_filip-zrnzevic,train,train,3840,5760,filip-zrnzevic-QsWG0kjPQRY-unsplash.jpg
florian-pinkert-DVG2XcY3HPc-unsplash.jpg,nofire,unsplash,unsplash_florian-pinkert,train,train,6000,4000,florian-pinkert-DVG2XcY3HPc-unsplash.jpg
florian-van-duyn-BR1WANLLpDU-unsplash.jpg,nofire,unsplash,unsplash_florian-van,test,train,5616,3744,florian-van-duyn-BR1WANLLpDU-unsplash.jpg
fotografu-evJN3EAl6uM-unsplash.jpg,nofire,unsplash,unsplash_fotografu-evJN3EAl6uM,train,train,5184,3456,fotografu-evJN3EAl6uM-unsplash.jpg
francesco-fanti-IEUtnsiE-WM-unsplash.jpg,nofire,unsplash,unsplash_francesco-fanti,train,train,6000,4000,francesco-fanti-IEUtnsiE-WM-unsplash.jpg
francesco-ungaro-m1DjXxqwgMY-unsplash.jpg,nofire,unsplash,unsplash_francesco-ungaro,val,train,6240,4160,francesco-ungaro-m1DjXxqwgMY-unsplash.jpg
francisco-gonzalez-2_mO5_qyevs-unsplash.jpg,nofire,unsplash,unsplash_francisco-gonzalez,val,train,3992,2992,francisco-gonzalez-2_mO5_qyevs-unsplash.jpg
francois-olwage-wd-uZFyCFfs-unsplash.jpg,nofire,unsplash,unsplash_francois-olwage,test,train,6622,4415,francois-olwage-wd-uZFyCFfs-unsplash.jpg
futc-WnEYElZDaDE-unsplash.jpg,nofire,unsplash,unsplash_futc-WnEYElZDaDE,train,train,6000,4000,futc-WnEYElZDaDE-unsplash.jpg
geran-de-klerk-WJkc3xZjSXw-unsplash.jpg,nofire,unsplash,unsplash_geran-de,train,train,4000,3000,geran-de-klerk-WJkc3xZjSXw-unsplash.jpg
geran-de-klerk-hl7ILaqrOqI-unsplash.jpg,nofire,unsplash,unsplash_geran-de,train,train,3992,2992,geran-de-klerk-hl7ILaqrOqI-unsplash.jpg
geran-de-klerk-qzgN45hseN0-unsplash.jpg,nofire,unsplash,unsplash_geran-de,train,train,4000,3000,geran-de-klerk-qzgN45hseN0-unsplash.jpg
gerhard-crous-QcMsc21AzE4-unsplash.jpg,nofire,unsplash,unsplash_gerhard-crous,train,train,6720,4480,gerhard-crous-QcMsc21AzE4-unsplash.jpg
giorgio-trovato-T_QzIfMpakY-unsplash.jpg,nofire,unsplash,unsplash_giorgio-trovato,train,train,3724,4655,giorgio-trovato-T_QzIfMpakY-unsplash.jpg
guillaume-bourdages-C4BSXG4vfrE-unsplash.jpg,nofire,unsplash,unsplash_guillaume-bourdages,train,train,5488,3664,guillaume-bourdages-C4BSXG4vfrE-unsplash.jpg
gustavo-quinalha-mZUJl2GAaSE-unsplash.jpg,nofire,unsplash,unsplash_gustavo-quinalha,train,train,3992,2495,gustavo-quinalha-mZUJl2GAaSE-unsplash.jpg
gwyn-XsUYcz4GyuM-unsplash.jpg,nofire,unsplash,unsplash_gwyn-XsUYcz4GyuM,test,train,5331,3529,gwyn-XsUYcz4GyuM-unsplash.jpg
gwyn-pl3LdLSZUz8-unsplash.jpg,nofire,unsplash,unsplash_gwyn-pl3LdLSZUz8,val,train,5464,3640,gwyn-pl3LdLSZUz8-unsplash.jpg
hans-isaacson-GHIImz0J4lI-unsplash.jpg,nofire,unsplash,unsplash_hans-isaacson,test,train,4000,2250,hans-isaacson-GHIImz0J4lI-unsplash.jpg
hans-isaacson-TwbhBNVONTI-unsplash.jpg,nofire,unsplash,unsplash_hans-isaacson,test,train,4160,6239,hans-isaacson-TwbhBNVONTI-unsplash.jpg
hans-isaacson-U99MuqdVTx4-unsplash.jpg,nofire,unsplash,unsplash_hans-isaacson,test,train,6240,4160,hans-isaacson-U99MuqdVTx4-unsplash.jpg
hans-isaacson-gDUwtvM1Ao8-unsplash.jpg,nofire,unsplash,unsplash_hans-isaacson,test,train,2667,4000,hans-isaacson-gDUwtvM1Ao8-unsplash.jpg
hans-ott-9bAcUccM-wY-unsplash.jpg,nofire,unsplash,unsplash_hans-ott,val,train,6240,4160,hans-ott-9bAcUccM-wY-unsplash.jpg
hanson-lu-aeNNI6eX4gw-unsplash.jpg,nofire,unsplash,unsplash_hanson-lu,train,train,3959,5939,hanson-lu-aeNNI6eX4gw-unsplash.jpg
harald-pliessnig-fI_UmufdnX4-unsplash.jpg,nofire,unsplash,unsplash_harald-pliessnig,train,train,4500,3000,harald-pliessnig-fI_UmufdnX4-unsplash.jpg
hari-nandakumar-9rr5frs3Dlo-unsplash.jpg,nofire,unsplash,unsplash_hari-nandakumar,train,train,3469,2142,hari-nandakumar-9rr5frs3Dlo-unsplash.jpg
harrison-steen-asaAAHNJCA4-unsplash.jpg,nofire,unsplash,unsplash_harrison-steen,train,train,4000,6000,harrison-steen-asaAAHNJCA4-unsplash.jpg
harrison-steen-w-dYO5gM-8E-unsplash.jpg,nofire,unsplash,unsplash_harrison-steen,train,train,2624,3936,harrison-steen-w-dYO5gM-8E-unsplash.jpg
harry-jaschhof-E3OGWdm6C_g-unsplash.jpg,nofire,unsplash,unsplash_harry-jaschhof,val,train,5760,3240,harry-jaschhof-E3OGWdm6C_g-unsplash.jpg
hasan-almasi-Fcsdj1fcrac-unsplash.jpg,nofire,unsplash,unsplash_hasan-almasi,train,train,5184,3456,hasan-almasi-Fcsdj1fcrac-unsplash.jpg
haseeb-jamil-J2jtcRbiL-4-unsplash.jpg,nofire,unsplash,unsplash_haseeb-jamil,train,train,4928,3264,haseeb-jamil-J2jtcRbiL-4-unsplash.jpg
heather-shevlin-lr83PTEvQvw-unsplash.jpg,nofire,unsplash,unsplash_heather-shevlin,train,train,3840,2160,heather-shevlin-lr83PTEvQvw-unsplash.jpg
heather-shevlin-ssZQiAfcw10-unsplash.jpg,nofire,unsplash,unsplash_heather-shevlin,train,train,3992,2992,heather-shevlin-ssZQiAfcw10-unsplash.jpg
henrik-verle-kp5sMoQr0Wg-unsplash.jpg,nofire,unsplash,unsplash_henrik-verle,train,train,4341,3456,henrik-verle-kp5sMoQr0Wg-unsplash.jpg
honza-reznik-L3g8Hc4s_LI-unsplash.jpg,nofire,unsplash,unsplash_honza-reznik,train,train,2500,4444,honza-reznik-L3g8Hc4s_LI-unsplash.jpg
honza-reznik-Qw56T0INXkE-unsplash.jpg,nofire,unsplash,unsplash_honza-reznik,train,train,2500,3750,honza-reznik-Qw56T0INXkE-unsplash.jpg
honza-reznik-SlICRcvOFns-unsplash.jpg,nofire,unsplash,unsplash_honza-reznik,train,train,2500,3336,honza-reznik-SlICRcvOFns-unsplash.jpg
honza-reznik-bOFoTMgG9Cs-unsplash.jpg,nofire,unsplash,unsplash_honza-reznik,train,train,2500,3750,honza-reznik-bOFoTMgG9Cs-unsplash.jpg
honza-reznik-lScQonfzQ1s-unsplash.jpg,nofire,unsplash,unsplash_honza-reznik,train,train,2500,3336,honza-reznik-lScQonfzQ1s-unsplash.jpg
honza-reznik-uaU8NExAvwM-unsplash.jpg,nofire,unsplash,unsplash_honza-reznik,train,train,3336,2500,honza-reznik-uaU8NExAvwM-unsplash.jpg
humphrey-muleba-X9oGih7E_oU-unsplash.jpg,nofire,unsplash,unsplash_humphrey-muleba,test,train,3992,2992,humphrey-muleba-X9oGih7E_oU-unsplash.jpg
humphrey-muleba-Zuvf5mxT5fs-unsplash.jpg,nofire,unsplash,unsplash_humphrey-muleba,test,train,3856,2892,humphrey-muleba-Zuvf5mxT5fs-unsplash.jpg
husen-siraaj-3fucumsUI68-unsplash.jpg,nofire,unsplash,unsplash_husen-siraaj,test,train,1851,3000,husen-siraaj-3fucumsUI68-unsplash.jpg
ian-dooley-RmVEOfKqyP8-unsplash.jpg,nofire,unsplash,unsplash_ian-dooley,val,train,5616,3744,ian-dooley-RmVEOfKqyP8-unsplash.jpg
igor-lypnytskyi-tYFJzZdOVoI-unsplash.jpg,nofire,unsplash,unsplash_igor-lypnytskyi,train,train,2624,3280,igor-lypnytskyi-tYFJzZdOVoI-unsplash.jpg
ilia-bronskiy-OC4LBIPBnmo-unsplash.jpg,nofire,unsplash,unsplash_ilia-bronskiy,train,train,4032,3024,ilia-bronskiy-OC4LBIPBnmo-unsplash.jpg
ilia-bronskiy-OZ8AoeaQiWo-unsplash.jpg,nofire,unsplash,unsplash_ilia-bronskiy,train,train,3024,4032,ilia-bronskiy-OZ8AoeaQiWo-unsplash.jpg
ilia-bronskiy-Tyrw_avINt8-unsplash.jpg,nofire,unsplash,unsplash_ilia-bronskiy,train,train,4032,3024,ilia-bronskiy-Tyrw_avINt8-unsplash.jpg
ilia-bronskiy-iAkNLYVFclU-unsplash.jpg,nofire,unsplash,unsplash_ilia-bronskiy,train,train,3024,4032,ilia-bronskiy-iAkNLYVFclU-unsplash.jpg
irina-iriser-FfmUE-cVHN8-unsplash.jpg,nofire,unsplash,unsplash_irina-iriser,test,train,5666,3589,irina-iriser-FfmUE-cVHN8-unsplash.jpg
isaac-mitchell-Ws4cyJn6Is0-unsplash.jpg,nofire,unsplash,unsplash_isaac-mitchell,test,train,8192,5464,isaac-mitchell-Ws4cyJn6Is0-unsplash.jpg
isaac-mitchell-vkB3A-TyQPc-unsplash.jpg,nofire,unsplash,unsplash_isaac-mitchell,test,train,5464,8192,isaac-mitchell-vkB3A-TyQPc-unsplash.jpg
ivan-bandura-Rb0AyRGE7LE-unsplash.jpg,nofire,unsplash,unsplash_ivan-bandura,val,train,2246,3992,ivan-bandura-Rb0AyRGE7LE-unsplash.jpg
ivan-bandura-Sv27cxiX4lk-unsplash.jpg,nofire,unsplash,unsplash_ivan-bandura,val,train,3992,2992,ivan-bandura-Sv27cxiX4lk-unsplash.jpg
ivan-torres-nehVKBqQIPA-unsplash.jpg,nofire,unsplash,unsplash_ivan-torres,train,train,3456,5184,ivan-torres-nehVKBqQIPA-unsplash.jpg
ivana-cajina-DuiPYwz3CBA-unsplash.jpg,nofire,unsplash,unsplash_ivana-cajina,val,train,3097,4645,ivana-cajina-DuiPYwz3CBA-unsplash.jpg
ivana-cajina-HDd-NQ_AMNQ-unsplash.jpg,nofire,unsplash,unsplash_ivana-cajina,val,train,3456,5184,ivana-cajina-HDd-NQ_AMNQ-unsplash.jpg
ivana-cajina-RCyqwYP8tHs-unsplash.jpg,nofire,unsplash,unsplash_ivana-cajina,val,train,5471,3648,ivana-cajina-RCyqwYP8tHs-unsplash.jpg
ivana-cajina-c5qtqTHHk8Y-unsplash.jpg,nofire,unsplash,unsplash_ivana-cajina,val,train,3429,5144,ivana-cajina-c5qtqTHHk8Y-unsplash.jpg
ivana-cajina-g6B4rdvegMc-unsplash.jpg,nofire,unsplash,unsplash_ivana-cajina,val,train,3648,5472,ivana-cajina-g6B4rdvegMc-unsplash.jpg
ivars-utinans-dRTNlyYERxM-unsplash.jpg,nofire,unsplash,unsplash_ivars-utinans,train,train,5464,3640,ivars-utinans-dRTNlyYERxM-unsplash.jpg
jaanus-jagomagi-nDfTMMQpuCA-unsplash.jpg,nofire,unsplash,unsplash_jaanus-jagomagi,train,train,10916,7270,jaanus-jagomagi-nDfTMMQpuCA-unsplash.jpg
jace-afsoon-K4XHqPZq66c-unsplash.jpg,nofire,unsplash,unsplash_jace-afsoon,train,train,6000,4000,jace-afsoon-K4XHqPZq66c-unsplash.jpg
jack-hishmeh-kPQjypv2sSg-unsplash.jpg,nofire,unsplash,unsplash_jack-hishmeh,train,train,3767,2507,jack-hishmeh-kPQjypv2sSg-unsplash.jpg
jake-johnson--NNae3osles-unsplash.jpg,nofire,unsplash,unsplash_jake-johnson,val,train,2730,3412,jake-johnson--NNae3osles-unsplash.jpg
jakob-owens-v0L2xcj4z-8-unsplash.jpg,nofire,unsplash,unsplash_jakob-owens,train,train,4160,6240,jakob-owens-v0L2xcj4z-8-unsplash.jpg
jakub-kriz-9xa5ATghMvs-unsplash.jpg,nofire,unsplash,unsplash_jakub-kriz,train,train,3992,2992,jakub-kriz-9xa5ATghMvs-unsplash.jpg
jakub-kriz-amVZ_tQwT00-unsplash.jpg,nofire,unsplash,unsplash_jakub-kriz,train,train,5184,3456,jakub-kriz-amVZ_tQwT00-unsplash.jpg
james-eades-aGooiI3zka4-unsplash.jpg,nofire,unsplash,unsplash_james-eades,test,train,7952,5304,james-eades-aGooiI3zka4-unsplash.jpg
jamie-street-Fu6xQ7dQQms-unsplash.jpg,nofire,unsplash,unsplash_jamie-street,train,train,3998,2717,jamie-street-Fu6xQ7dQQms-unsplash.jpg
jamo-images-1qLVCKLsPpA-unsplash.jpg,nofire,unsplash,unsplash_jamo-images,train,train,2500,3220,jamo-images-1qLVCKLsPpA-unsplash.jpg
jan-huber-Y0yNgTqc6k0-unsplash.jpg,nofire,unsplash,unsplash_jan-huber,train,train,6000,3096,jan-huber-Y0yNgTqc6k0-unsplash.jpg
jared-erondu-LoMs1_wq3tU-unsplash.jpg,nofire,unsplash,unsplash_jared-erondu,test,train,2048,1536,jared-erondu-LoMs1_wq3tU-unsplash.jpg
jaromir-kavan-ITUstQ1x2xo-unsplash.jpg,nofire,unsplash,unsplash_jaromir-kavan,test,train,3992,2242,jaromir-kavan-ITUstQ1x2xo-unsplash.jpg
jaromir-kavan-zAIWojYvRuQ-unsplash.jpg,nofire,unsplash,unsplash_jaromir-kavan,test,train,3992,2242,jaromir-kavan-zAIWojYvRuQ-unsplash.jpg
jason-leem-50bzI1F6urA-unsplash.jpg,nofire,unsplash,unsplash_jason-leem,train,train,5736,3350,jason-leem-50bzI1F6urA-unsplash.jpg
jasper-graetsch-Liu4Sr8Sjag-unsplash.jpg,nofire,unsplash,unsplash_jasper-graetsch,test,train,6016,4016,jasper-graetsch-Liu4Sr8Sjag-unsplash.jpg
jay-heike-GgITHk9Fgz4-unsplash.jpg,nofire,unsplash,unsplash_jay-heike,val,train,5184,3456,jay-heike-GgITHk9Fgz4-unsplash.jpg
jeffrey-blum-3iUSDCLX64s-unsplash.jpg,nofire,unsplash,unsplash_jeffrey-blum,train,train,3968,2976,jeffrey-blum-3iUSDCLX64s-unsplash.jpg
jens-aber-wJayMBspHVE-unsplash.jpg,nofire,unsplash,unsplash_jens-aber,train,train,5184,2592,jens-aber-wJayMBspHVE-unsplash.jpg
jerad-hill-bWeEH8tvp_g-unsplash.jpg,nofire,unsplash,unsplash_jerad-hill,train,train,7008,4672,jerad-hill-bWeEH8tvp_g-unsplash.jpg
jerad-hill-xMc1FYzNgEQ-unsplash.jpg,nofire,unsplash,unsplash_jerad-hill,train,train,8466,5644,jerad-hill-xMc1FYzNgEQ-unsplash.jpg
jeremy-vessey-UbmYvvNt1xY-unsplash.jpg,nofire,unsplash,unsplash_jeremy-vessey,train,train,3992,2992,jeremy-vessey-UbmYvvNt1xY-unsplash.jpg
jim-niakaris-4BIQP4swrSE-unsplash.jpg,nofire,unsplash,unsplash_jim-niakaris,test,train,4000,2250,jim-niakaris-4BIQP4swrSE-unsplash.jpg
jimena-egger-iYmdySHXNUI-unsplash.jpg,nofire,unsplash,unsplash_jimena-egger,train,train,6000,4000,jimena-egger-iYmdySHXNUI-unsplash.jpg
joa-pietila-404tfCACokE-unsplash.jpg,nofire,unsplash,unsplash_joa-pietila,train,train,3456,4608,joa-pietila-404tfCACokE-unsplash.jpg
joel-ambass-UAQ1QI2XUVU-unsplash.jpg,nofire,unsplash,unsplash_joel-ambass,train,train,6000,4000,joel-ambass-UAQ1QI2XUVU-unsplash.jpg
joel-vodell-nCFY9hNoUYk-unsplash.jpg,nofire,unsplash,unsplash_joel-vodell,train,train,4000,3000,joel-vodell-nCFY9hNoUYk-unsplash.jpg
joey-kyber-Qcvjbkw1N0M-unsplash.jpg,nofire,unsplash,unsplash_joey-kyber,train,train,5012,2230,joey-kyber-Qcvjbkw1N0M-unsplash.jpg
johannes-c-l-egZWWXz0_xI-unsplash.jpg,nofire,unsplash,unsplash_johannes-c,train,train,4000,3000,johannes-c-l-egZWWXz0_xI-unsplash.jpg
johannes-eckert-tThMIPcsvjM-unsplash.jpg,nofire,unsplash,unsplash_johannes-eckert,train,train,3987,5276,johannes-eckert-tThMIPcsvjM-unsplash.jpg
johannes-hofmann-h9DGSxPXTIk-unsplash.jpg,nofire,unsplash,unsplash_johannes-hofmann,train,train,2848,4288,johannes-hofmann-h9DGSxPXTIk-unsplash.jpg
johannes-plenio-3oxEuUtXCwQ-unsplash.jpg,nofire,unsplash,unsplash_johannes-plenio,train,train,3000,2000,johannes-plenio-3oxEuUtXCwQ-unsplash.jpg
johannes-plenio-51TpweqbK0E-unsplash.jpg,nofire,unsplash,unsplash_johannes-plenio,train,train,3000,1688,johannes-plenio-51TpweqbK0E-unsplash.jpg
johannes-plenio-DPd_jrugB2w-unsplash.jpg,nofire,unsplash,unsplash_johannes-plenio,train,train,6000,3375,johannes-plenio-DPd_jrugB2w-unsplash.jpg
johannes-plenio-GNYdKN-zjlg-unsplash.jpg,nofire,unsplash,unsplash_johannes-plenio,train,train,5148,2896,johannes-plenio-GNYdKN-zjlg-unsplash.jpg
johannes-plenio-Il9vp5caR2c-unsplash.jpg,nofire,unsplash,unsplash_johannes-plenio,train,train,3000,2000,johannes-plenio-Il9vp5caR2c-unsplash.jpg
johannes-plenio-ZRJwl3M7q2g-unsplash.jpg,nofire,unsplash,unsplash_johannes-plenio,train,train,4783,3188,johannes-plenio-ZRJwl3M7q2g-unsplash.jpg
johannes-plenio-ZoqSJ-xrGY0-unsplash.jpg,nofire,unsplash,unsplash_johannes-plenio,train,train,6000,4000,johannes-plenio-ZoqSJ-xrGY0-unsplash.jpg
johannes-plenio-a9PDBZO7Ivk-unsplash.jpg,nofire,unsplash,unsplash_johannes-plenio,train,train,6000,4000,johannes-plenio-a9PDBZO7Ivk-unsplash.jpg
johannes-plenio-jsOOWDyOKxo-unsplash.jpg,nofire,unsplash,unsplash_johannes-plenio,train,train,3200,1800,johannes-plenio-jsOOWDyOKxo-unsplash.jpg
johannes-plenio-sY5llOA25Ck-unsplash.jpg,nofire,unsplash,unsplash_johannes-plenio,train,train,6000,3375,johannes-plenio-sY5llOA25Ck-unsplash.jpg
john-salzarulo-H2j2rotqudo-unsplash.jpg,nofire,unsplash,unsplash_john-salzarulo,train,train,2400,1799,john-salzarulo-H2j2rotqudo-unsplash.jpg
john-towner-TCCCKgdFmBo-unsplash.jpg,nofire,unsplash,unsplash_john-towner,train,train,4096,2732,john-towner-TCCCKgdFmBo-unsplash.jpg
john-towner-prd5CXMsD68-unsplash.jpg,nofire,unsplash,unsplash_john-towner,train,train,4096,2304,john-towner-prd5CXMsD68-unsplash.jpg
johnny-briggs-M8BW5vyzG6E-unsplash.jpg,nofire,unsplash,unsplash_johnny-briggs,train,train,4000,2250,johnny-briggs-M8BW5vyzG6E-unsplash.jpg
johny-goerend-U7icXzyYg7A-unsplash.jpg,nofire,unsplash,unsplash_johny-goerend,train,train,3000,1688,johny-goerend-U7icXzyYg7A-unsplash.jpg
johny-goerend-pK8Wj_wZVkw-unsplash.jpg,nofire,unsplash,unsplash_johny-goerend,train,train,2179,2179,johny-goerend-pK8Wj_wZVkw-unsplash.jpg
jonas-denil-Ht6kCAcD-1Y-unsplash.jpg,nofire,unsplash,unsplash_jonas-denil,train,train,4000,2250,jonas-denil-Ht6kCAcD-1Y-unsplash.jpg
jonas-denil-KYjDM67EBkI-unsplash.jpg,nofire,unsplash,unsplash_jonas-denil,train,train,4000,2250,jonas-denil-KYjDM67EBkI-unsplash.jpg
jonatan-pie-VBPzoNXYj7c-unsplash.jpg,nofire,unsplash,unsplash_jonatan-pie,train,train,7156,4780,jonatan-pie-VBPzoNXYj7c-unsplash.jpg
jonathan-borba-IeUIUmbnXHg-unsplash.jpg,nofire,unsplash,unsplash_jonathan-borba,train,train,3354,5032,jonathan-borba-IeUIUmbnXHg-unsplash.jpg
jonathan-borba-nzrAcm7KQc4-unsplash.jpg,nofire,unsplash,unsplash_jonathan-borba,train,train,5324,3550,jonathan-borba-nzrAcm7KQc4-unsplash.jpg
jonathan-letniak-Vn1QyMMgV5k-unsplash.jpg,nofire,unsplash,unsplash_jonathan-letniak,train,train,4000,6000,jonathan-letniak-Vn1QyMMgV5k-unsplash.jpg
jonny-caspari-GGc-yc6P218-unsplash.jpg,nofire,unsplash,unsplash_jonny-caspari,test,train,3992,2242,jonny-caspari-GGc-yc6P218-unsplash.jpg
jonny-caspari-eUjyDDl31RY-unsplash.jpg,nofire,unsplash,unsplash_jonny-caspari,test,train,3072,4251,jonny-caspari-eUjyDDl31RY-unsplash.jpg
jonny-caspari-hIF_K6PRjko-unsplash.jpg,nofire,unsplash,unsplash_jonny-caspari,test,train,2873,4309,jonny-caspari-hIF_K6PRjko-unsplash.jpg
jordan-mcqueen-n9iJ_9JvjWI-unsplash.jpg,nofire,unsplash,unsplash_jordan-mcqueen,train,train,5760,3840,jordan-mcqueen-n9iJ_9JvjWI-unsplash.jpg
jordan-opel-N1AFXixF4qQ-unsplash.jpg,nofire,unsplash,unsplash_jordan-opel,train,train,4000,3000,jordan-opel-N1AFXixF4qQ-unsplash.jpg
jose-alejandro-cuffia-6NCtJnNpcpA-unsplash.jpg,nofire,unsplash,unsplash_jose-alejandro,train,train,4928,3264,jose-alejandro-cuffia-6NCtJnNpcpA-unsplash.jpg
joseph-dispo-vqus0Swv9PU-unsplash.jpg,nofire,unsplash,unsplash_joseph-dispo,train,train,3120,4160,joseph-dispo-vqus0Swv9PU-unsplash.jpg
josh-felise-ZBD7Wh3SJEI-unsplash.jpg,nofire,unsplash,unsplash_josh-felise,train,train,2160,1440,josh-felise-ZBD7Wh3SJEI-unsplash.jpg
josh-hild-Sl1GrFYrQ1E-unsplash.jpg,nofire,unsplash,unsplash_josh-hild,val,train,2137,2992,josh-hild-Sl1GrFYrQ1E-unsplash.jpg
josh-withers-aCTMWTlqiEQ-unsplash.jpg,nofire,unsplash,unsplash_josh-withers,val,train,3756,2693,josh-withers-aCTMWTlqiEQ-unsplash.jpg
joshua-fuller-Cwtv6BIi8IY-unsplash.jpg,nofire,unsplash,unsplash_joshua-fuller,train,train,4000,3000,joshua-fuller-Cwtv6BIi8IY-unsplash.jpg
joshua-fuller-SFRVfLZ7ORo-unsplash.jpg,nofire,unsplash,unsplash_joshua-fuller,train,train,4000,6000,joshua-fuller-SFRVfLZ7ORo-unsplash.jpg
joshua-fuller-TCZWlCbZZAc-unsplash.jpg,nofire,unsplash,unsplash_joshua-fuller,train,train,3468,3999,joshua-fuller-TCZWlCbZZAc-unsplash.jpg
joshua-mauricio-End15pPXD5g-unsplash.jpg,nofire,unsplash,unsplash_joshua-mauricio,train,train,6016,3431,joshua-mauricio-End15pPXD5g-unsplash.jpg
joshua-woods-rTRt4L-MxLQ-unsplash.jpg,nofire,unsplash,unsplash_joshua-woods,val,train,3024,3024,joshua-woods-rTRt4L-MxLQ-unsplash.jpg
joss-woodhead-53ZlFYkBavc-unsplash.jpg,nofire,unsplash,unsplash_joss-woodhead,val,train,6000,4000,joss-woodhead-53ZlFYkBavc-unsplash.jpg
joyce-g-5kt45pbfyuo-unsplash.jpg,nofire,unsplash,unsplash_joyce-g,train,train,5457,3638,joyce-g-5kt45pbfyuo-unsplash.jpg
jp-valery-9AA5IGoIwEQ-unsplash.jpg,nofire,unsplash,unsplash_jp-valery,train,train,3648,5472,jp-valery-9AA5IGoIwEQ-unsplash.jpg
jp-valery-ytWGK5RPP3E-unsplash.jpg,nofire,unsplash,unsplash_jp-valery,train,train,3992,2242,jp-valery-ytWGK5RPP3E-unsplash.jpg
julia-verea-wz7Z51XjZ_E-unsplash.jpg,nofire,unsplash,unsplash_julia-verea,train,train,3674,5511,julia-verea-wz7Z51XjZ_E-unsplash.jpg
julian-gruneberg-DupkgRi63ns-unsplash.jpg,nofire,unsplash,unsplash_julian-gruneberg,train,train,4000,2250,julian-gruneberg-DupkgRi63ns-unsplash.jpg
julian-hochgesang-F9HYmeJ9i0s-unsplash.jpg,nofire,unsplash,unsplash_julian-hochgesang,train,train,5344,4016,julian-hochgesang-F9HYmeJ9i0s-unsplash.jpg
julian-hochgesang-OUCxBh3AOWg-unsplash.jpg,nofire,unsplash,unsplash_julian-hochgesang,train,train,5464,3640,julian-hochgesang-OUCxBh3AOWg-unsplash.jpg
julian-villella-pKAom32wMj4-unsplash.jpg,nofire,unsplash,unsplash_julian-villella,train,train,4000,2250,julian-villella-pKAom32wMj4-unsplash.jpg
julien-kettmann-r8od1mgZ8Sk-unsplash.jpg,nofire,unsplash,unsplash_julien-kettmann,train,train,6672,3675,julien-kettmann-r8od1mgZ8Sk-unsplash.jpg
julien-lanoy-hxhmflnl5d8-unsplash.jpg,nofire,unsplash,unsplash_julien-lanoy,train,train,6000,4000,julien-lanoy-hxhmflnl5d8-unsplash.jpg
juniperphoton-BgTNRsGr1ic-unsplash.jpg,nofire,unsplash,unsplash_juniperphoton-BgTNRsGr1ic,train,train,7952,5304,juniperphoton-BgTNRsGr1ic-unsplash.jpg
justin-kauffman-7_tRMnxWsUg-unsplash.jpg,nofire,unsplash,unsplash_justin-kauffman,train,train,3565,5347,justin-kauffman-7_tRMnxWsUg-unsplash.jpg
justin-kauffman-AXnzRL3fc44-unsplash (1).jpg,nofire,unsplash,unsplash_justin-kauffman,train,train,2992,3992,justin-kauffman-AXnzRL3fc44-unsplash (1).jpg
k-b-L_aI-4hGMEE-unsplash.jpg,nofire,unsplash,unsplash_k-b,train,train,3763,2812,k-b-L_aI-4hGMEE-unsplash.jpg
kaidi-guo-iq0EoeLNoy8-unsplash.jpg,nofire,unsplash,unsplash_kaidi-guo,train,train,6000,3376,kaidi-guo-iq0EoeLNoy8-unsplash.jpg
kal-visuals-XHU9wRgxZIQ-unsplash.jpg,nofire,unsplash,unsplash_kal-visuals,train,train,2190,1460,kal-visuals-XHU9wRgxZIQ-unsplash.jpg
kane-taylor-a7XYUScbu74-unsplash.jpg,nofire,unsplash,unsplash_kane-taylor,train,train,3041,2160,kane-taylor-a7XYUScbu74-unsplash.jpg
karsten-wurth-RybwUAJ6EMA-unsplash.jpg,nofire,unsplash,unsplash_karsten-wurth,val,train,5341,3436,karsten-wurth-RybwUAJ6EMA-unsplash.jpg
kash-of_4PDMQ3wk-unsplash.jpg,nofire,unsplash,unsplash_kash-of_4PDMQ3wk,test,train,5472,3648,kash-of_4PDMQ3wk-unsplash.jpg
kayle-kaupanger-EJksqmj1pPc-unsplash.jpg,nofire,unsplash,unsplash_kayle-kaupanger,train,train,3980,2239,kayle-kaupanger-EJksqmj1pPc-unsplash.jpg
keagan-henman-N8zMX_2MKJk-unsplash.jpg,nofire,unsplash,unsplash_keagan-henman,test,train,3992,2242,keagan-henman-N8zMX_2MKJk-unsplash.jpg
keagan-henman-digbEZQyrsY-unsplash.jpg,nofire,unsplash,unsplash_keagan-henman,test,train,3992,2242,keagan-henman-digbEZQyrsY-unsplash.jpg
keagan-henman-rJJG1nUfDSc-unsplash.jpg,nofire,unsplash,unsplash_keagan-henman,test,train,3992,2242,keagan-henman-rJJG1nUfDSc-unsplash.jpg
keagan-henman-wsFzXgWMlLA-unsplash.jpg,nofire,unsplash,unsplash_keagan-henman,test,train,3992,2242,keagan-henman-wsFzXgWMlLA-unsplash.jpg
keagan-henman-wyoPyihLCug-unsplash.jpg,nofire,unsplash,unsplash_keagan-henman,test,train,3992,2242,keagan-henman-wyoPyihLCug-unsplash.jpg
kevin-bosc-Kz9oLCDxUrA-unsplash.jpg,nofire,unsplash,unsplash_kevin-bosc,train,train,5418,3612,kevin-bosc-Kz9oLCDxUrA-unsplash.jpg
kevin-erdvig-GkYpXeUv4nM-unsplash.jpg,nofire,unsplash,unsplash_kevin-erdvig,train,train,3840,2024,kevin-erdvig-GkYpXeUv4nM-unsplash.jpg
kevin-fitzgerald-8ji8O5uHE1U-unsplash.jpg,nofire,unsplash,unsplash_kevin-fitzgerald,val,train,6000,3375,kevin-fitzgerald-8ji8O5uHE1U-unsplash.jpg
kimo-EPLbOv1zd4k-unsplash.jpg,nofire,unsplash,unsplash_kimo-EPLbOv1zd4k,train,train,2912,4368,kimo-EPLbOv1zd4k-unsplash.jpg
kimon-maritz-1-ISIwuBMiw-unsplash.jpg,nofire,unsplash,unsplash_kimon-maritz,train,train,3853,2241,kimon-maritz-1-ISIwuBMiw-unsplash.jpg
kir-simakov-6OkJxCo_yHU-unsplash.jpg,nofire,unsplash,unsplash_kir-simakov,train,train,3000,2266,kir-simakov-6OkJxCo_yHU-unsplash.jpg
kirsten-drew-k0T-Yx1zXDw-unsplash.jpg,nofire,unsplash,unsplash_kirsten-drew,test,train,5184,3456,kirsten-drew-k0T-Yx1zXDw-unsplash.jpg
kletis-roy-AM5vvPrlqJU-unsplash.jpg,nofire,unsplash,unsplash_kletis-roy,train,train,6000,4000,kletis-roy-AM5vvPrlqJU-unsplash.jpg
knoell-marketing-XwAqGD4qEtI-unsplash.jpg,nofire,unsplash,unsplash_knoell-marketing,train,train,5472,3078,knoell-marketing-XwAqGD4qEtI-unsplash.jpg
kristaps-ungurs--Y5egGca9po-unsplash.jpg,nofire,unsplash,unsplash_kristaps-ungurs,train,train,5464,3640,kristaps-ungurs--Y5egGca9po-unsplash.jpg
kristaps-ungurs-1q54ClpzDBE-unsplash.jpg,nofire,unsplash,unsplash_kristaps-ungurs,train,train,2602,3469,kristaps-ungurs-1q54ClpzDBE-unsplash.jpg
kristaps-ungurs-2M8F61XOJFc-unsplash.jpg,nofire,unsplash,unsplash_kristaps-ungurs,train,train,3640,5464,kristaps-ungurs-2M8F61XOJFc-unsplash.jpg
kristaps-ungurs-2Wmp9BqcfU4-unsplash.jpg,nofire,unsplash,unsplash_kristaps-ungurs,train,train,5464,3640,kristaps-ungurs-2Wmp9BqcfU4-unsplash.jpg
kristaps-ungurs-5FPATjPX50g-unsplash.jpg,nofire,unsplash,unsplash_kristaps-ungurs,train,train,4984,3320,kristaps-ungurs-5FPATjPX50g-unsplash.jpg
kristaps-ungurs-6Yrbqo_RGMo-unsplash.jpg,nofire,unsplash,unsplash_kristaps-ungurs,train,train,3052,4883,kristaps-ungurs-6Yrbqo_RGMo-unsplash.jpg
kristaps-ungurs-7bN2EW12kgM-unsplash.jpg,nofire,unsplash,unsplash_kristaps-ungurs,train,train,3712,5568,kristaps-ungurs-7bN2EW12kgM-unsplash.jpg
kristaps-ungurs-8xLNRmRj95A-unsplash.jpg,nofire,unsplash,unsplash_kristaps-ungurs,train,train,5464,3640,kristaps-ungurs-8xLNRmRj95A-unsplash.jpg
kristaps-ungurs-AUcdCMUzgOM-unsplash.jpg,nofire,unsplash,unsplash_kristaps-ungurs,train,train,5464,3640,kristaps-ungurs-AUcdCMUzgOM-unsplash.jpg
kristaps-ungurs-AhKiqI840qM-unsplash.jpg,nofire,unsplash,unsplash_kristaps-ungurs,train,train,4699,6265,kristaps-ungurs-AhKiqI840qM-unsplash.jpg
kristaps-ungurs-BAvDjy8cmAM-unsplash.jpg,nofire,unsplash,unsplash_kristaps-ungurs,train,train,4969,3310,kristaps-ungurs-BAvDjy8cmAM-unsplash.jpg
kristaps-ungurs-Hxmj17wDL-s-unsplash.jpg,nofire,unsplash,unsplash_kristaps-ungurs,train,train,3640,5464,kristaps-ungurs-Hxmj17wDL-s-unsplash.jpg
kristaps-ungurs-IAHLqrnLCMw-unsplash.jpg,nofire,unsplash,unsplash_kristaps-ungurs,train,train,3527,5294,kristaps-ungurs-IAHLqrnLCMw-unsplash.jpg
kristaps-ungurs-IV7ot1J-K70-unsplash.jpg,nofire,unsplash,unsplash_kristaps-ungurs,train,train,3640,5464,kristaps-ungurs-IV7ot1J-K70-unsplash.jpg
kristaps-ungurs-Muamasw0mz8-unsplash.jpg,nofire,unsplash,unsplash_kristaps-ungurs,train,train,5464,3640,kristaps-ungurs-Muamasw0mz8-unsplash.jpg
kristaps-ungurs-OiOlmRVM01M-unsplash.jpg,nofire,unsplash,unsplash_kristaps-ungurs,train,train,2649,3311,kristaps-ungurs-OiOlmRVM01M-unsplash.jpg
kristaps-ungurs-Q_vei2vnPPk-unsplash.jpg,nofire,unsplash,unsplash_kristaps-ungurs,train,train,3640,5464,kristaps-ungurs-Q_vei2vnPPk-unsplash.jpg
kristaps-ungurs-SVtIH50qMz4-unsplash.jpg,nofire,unsplash,unsplash_kristaps-ungurs,train,train,5058,3788,kristaps-ungurs-SVtIH50qMz4-unsplash.jpg
kristaps-ungurs-TMAMxAAGpNE-unsplash.jpg,nofire,unsplash,unsplash_kristaps-ungurs,train,train,5464,3640,kristaps-ungurs-TMAMxAAGpNE-unsplash.jpg
kristaps-ungurs-TbDgbkWt2jc-unsplash.jpg,nofire,unsplash,unsplash_kristaps-ungurs,train,train,4425,5726,kristaps-ungurs-TbDgbkWt2jc-unsplash.jpg
kristaps-ungurs-UIOmH4F3Wtk-unsplash.jpg,nofire,unsplash,unsplash_kristaps-ungurs,train,train,3396,5097,kristaps-ungurs-UIOmH4F3Wtk-unsplash.jpg
kristaps-ungurs-UbnPaBCUxig-unsplash.jpg,nofire,unsplash,unsplash_kristaps-ungurs,train,train,5203,2927,kristaps-ungurs-UbnPaBCUxig-unsplash.jpg
kristaps-ungurs-WxiejoZvPDk-unsplash.jpg,nofire,unsplash,unsplash_kristaps-ungurs,train,train,4730,3542,kristaps-ungurs-WxiejoZvPDk-unsplash.jpg
kristaps-ungurs-bqRUmr144Rc-unsplash.jpg,nofire,unsplash,unsplash_kristaps-ungurs,train,train,3640,5464,kristaps-ungurs-bqRUmr144Rc-unsplash.jpg
kristaps-ungurs-coOIhGeKAo4-unsplash.jpg,nofire,unsplash,unsplash_kristaps-ungurs,train,train,5472,3648,kristaps-ungurs-coOIhGeKAo4-unsplash.jpg
kristaps-ungurs-er_qIzY_FD8-unsplash.jpg,nofire,unsplash,unsplash_kristaps-ungurs,train,train,5464,3640,kristaps-ungurs-er_qIzY_FD8-unsplash.jpg
kristaps-ungurs-fQEVCD1lsoM-unsplash.jpg,nofire,unsplash,unsplash_kristaps-ungurs,train,train,5464,3640,kristaps-ungurs-fQEVCD1lsoM-unsplash.jpg
kristaps-ungurs-gI7tHTLJc9E-unsplash.jpg,nofire,unsplash,unsplash_kristaps-ungurs,train,train,5339,3557,kristaps-ungurs-gI7tHTLJc9E-unsplash.jpg
kristaps-ungurs-kYN0KehKdBY-unsplash.jpg,nofire,unsplash,unsplash_kristaps-ungurs,train,train,3302,4957,kristaps-ungurs-kYN0KehKdBY-unsplash.jpg
kristaps-ungurs-rWBJBGLzJAw-unsplash.jpg,nofire,unsplash,unsplash_kristaps-ungurs,train,train,5464,3640,kristaps-ungurs-rWBJBGLzJAw-unsplash.jpg
kristaps-ungurs-t2sg-wNpK6U-unsplash.jpg,nofire,unsplash,unsplash_kristaps-ungurs,train,train,4436,5545,kristaps-ungurs-t2sg-wNpK6U-unsplash.jpg
kristaps-ungurs-vJ6gaQk_eIs-unsplash.jpg,nofire,unsplash,unsplash_kristaps-ungurs,train,train,3640,5464,kristaps-ungurs-vJ6gaQk_eIs-unsplash.jpg
kristaps-ungurs-wIEX2lI5j4A-unsplash.jpg,nofire,unsplash,unsplash_kristaps-ungurs,train,train,3486,5233,kristaps-ungurs-wIEX2lI5j4A-unsplash.jpg
kristina-zeleski-CcyWBkcVaxM-unsplash.jpg,nofire,unsplash,unsplash_kristina-zeleski,train,train,4032,3024,kristina-zeleski-CcyWBkcVaxM-unsplash.jpg
kurt-van-krieken-VKrrZKWKYAo-unsplash.jpg,nofire,unsplash,unsplash_kurt-van,test,train,3099,4648,kurt-van-krieken-VKrrZKWKYAo-unsplash.jpg
kurt-von-jNN9eZdPC5M-unsplash.jpg,nofire,unsplash,unsplash_kurt-von,train,train,3992,2992,kurt-von-jNN9eZdPC5M-unsplash.jpg
kyle-mesdag-2tUhwqRmXns-unsplash.jpg,nofire,unsplash,unsplash_kyle-mesdag,train,train,4000,3000,kyle-mesdag-2tUhwqRmXns-unsplash.jpg
kyle-peyton-iMqq7PoyL0M-unsplash.jpg,nofire,unsplash,unsplash_kyle-peyton,train,train,2915,3644,kyle-peyton-iMqq7PoyL0M-unsplash.jpg
kym-mackinnon-1YyuJxUG_R8-unsplash.jpg,nofire,unsplash,unsplash_kym-mackinnon,train,train,4608,2592,kym-mackinnon-1YyuJxUG_R8-unsplash.jpg
kym-mackinnon-2ui_UtznZ2g-unsplash.jpg,nofire,unsplash,unsplash_kym-mackinnon,train,train,2560,1440,kym-mackinnon-2ui_UtznZ2g-unsplash.jpg
kym-mackinnon-31hELUX_Rk0-unsplash.jpg,nofire,unsplash,unsplash_kym-mackinnon,train,train,4608,2437,kym-mackinnon-31hELUX_Rk0-unsplash.jpg
kym-mackinnon-3UysRR0fVIk-unsplash.jpg,nofire,unsplash,unsplash_kym-mackinnon,train,train,4608,2592,kym-mackinnon-3UysRR0fVIk-unsplash.jpg
kym-mackinnon-4ebLGN1H8iQ-unsplash.jpg,nofire,unsplash,unsplash_kym-mackinnon,train,train,4896,2752,kym-mackinnon-4ebLGN1H8iQ-unsplash.jpg
kym-mackinnon-5FqCd-jDV10-unsplash.jpg,nofire,unsplash,unsplash_kym-mackinnon,train,train,2560,1440,kym-mackinnon-5FqCd-jDV10-unsplash.jpg
kym-mackinnon-5kErrSVZEm4-unsplash.jpg,nofire,unsplash,unsplash_kym-mackinnon,train,train,4896,2752,kym-mackinnon-5kErrSVZEm4-unsplash.jpg
kym-mackinnon-9SUnsAl3koo-unsplash.jpg,nofire,unsplash,unsplash_kym-mackinnon,train,train,4896,2752,kym-mackinnon-9SUnsAl3koo-unsplash.jpg
kym-mackinnon-AsCZJR42I24-unsplash.jpg,nofire,unsplash,unsplash_kym-mackinnon,train,train,4580,2574,kym-mackinnon-AsCZJR42I24-unsplash.jpg
kym-mackinnon-B3NJXFtYzew-unsplash.jpg,nofire,unsplash,unsplash_kym-mackinnon,train,train,4896,2752,kym-mackinnon-B3NJXFtYzew-unsplash.jpg
kym-mackinnon-BFOcxk9FQEw-unsplash.jpg,nofire,unsplash,unsplash_kym-mackinnon,train,train,4259,2398,kym-mackinnon-BFOcxk9FQEw-unsplash.jpg
kym-mackinnon-BbPiBs0CPv4-unsplash.jpg,nofire,unsplash,unsplash_kym-mackinnon,train,train,6000,4000,kym-mackinnon-BbPiBs0CPv4-unsplash.jpg
kym-mackinnon-Cw-pbtoAYn4-unsplash.jpg,nofire,unsplash,unsplash_kym-mackinnon,train,train,4896,2399,kym-mackinnon-Cw-pbtoAYn4-unsplash.jpg
kym-mackinnon-ECFfcKlXaiA-unsplash.jpg,nofire,unsplash,unsplash_kym-mackinnon,train,train,4608,2592,kym-mackinnon-ECFfcKlXaiA-unsplash.jpg
kym-mackinnon-FHsBhWjPLxg-unsplash.jpg,nofire,unsplash,unsplash_kym-mackinnon,train,train,4216,2372,kym-mackinnon-FHsBhWjPLxg-unsplash.jpg
kym-mackinnon-Fiy_aYeob1c-unsplash.jpg,nofire,unsplash,unsplash_kym-mackinnon,train,train,4608,2592,kym-mackinnon-Fiy_aYeob1c-unsplash.jpg
kym-mackinnon-GSU1GRuF0Q4-unsplash.jpg,nofire,unsplash,unsplash_kym-mackinnon,train,train,4896,2752,kym-mackinnon-GSU1GRuF0Q4-unsplash.jpg
kym-mackinnon-HDky3rJfwls-unsplash.jpg,nofire,unsplash,unsplash_kym-mackinnon,train,train,4216,2372,kym-mackinnon-HDky3rJfwls-unsplash.jpg
kym-mackinnon-HSFyO6DkOqQ-unsplash.jpg,nofire,unsplash,unsplash_kym-mackinnon,train,train,4608,2592,kym-mackinnon-HSFyO6DkOqQ-unsplash.jpg
kym-mackinnon-J_fOJFtCCC0-unsplash.jpg,nofire,unsplash,unsplash_kym-mackinnon,train,train,4608,2592,kym-mackinnon-J_fOJFtCCC0-unsplash.jpg
kym-mackinnon-K7brnUOXtWc-unsplash.jpg,nofire,unsplash,unsplash_kym-mackinnon,train,train,4361,2530,kym-mackinnon-K7brnUOXtWc-unsplash.jpg
kym-mackinnon-KS8B-1XKyrY-unsplash.jpg,nofire,unsplash,unsplash_kym-mackinnon,train,train,5869,3913,kym-mackinnon-KS8B-1XKyrY-unsplash.jpg
kym-mackinnon-MZEn2BigCaA-unsplash.jpg,nofire,unsplash,unsplash_kym-mackinnon,train,train,4608,2592,kym-mackinnon-MZEn2BigCaA-unsplash.jpg
kym-mackinnon-R-NvndFpa9I-unsplash.jpg,nofire,unsplash,unsplash_kym-mackinnon,train,train,4700,2563,kym-mackinnon-R-NvndFpa9I-unsplash.jpg
kym-mackinnon-RoUhvO7lHg4-unsplash.jpg,nofire,unsplash,unsplash_kym-mackinnon,train,train,4378,2463,kym-mackinnon-RoUhvO7lHg4-unsplash.jpg
kym-mackinnon-SpF32SKdx2E-unsplash.jpg,nofire,unsplash,unsplash_kym-mackinnon,train,train,3909,5863,kym-mackinnon-SpF32SKdx2E-unsplash.jpg
kym-mackinnon-U4h6qSZyHDw-unsplash.jpg,nofire,unsplash,unsplash_kym-mackinnon,train,train,4608,2592,kym-mackinnon-U4h6qSZyHDw-unsplash.jpg
kym-mackinnon-UWjYnPFvGCM-unsplash.jpg,nofire,unsplash,unsplash_kym-mackinnon,train,train,4896,2752,kym-mackinnon-UWjYnPFvGCM-unsplash.jpg
kym-mackinnon-Um4CaFfdlpU-unsplash.jpg,nofire,unsplash,unsplash_kym-mackinnon,train,train,4608,2592,kym-mackinnon-Um4CaFfdlpU-unsplash.jpg
kym-mackinnon-VOyHZUbt4Fc-unsplash.jpg,nofire,unsplash,unsplash_kym-mackinnon,train,train,6000,4000,kym-mackinnon-VOyHZUbt4Fc-unsplash.jpg
kym-mackinnon-YrX58BQLNfY-unsplash.jpg,nofire,unsplash,unsplash_kym-mackinnon,train,train,4829,2714,kym-mackinnon-YrX58BQLNfY-unsplash.jpg
kym-mackinnon-d-tSNrD9pGA-unsplash.jpg,nofire,unsplash,unsplash_kym-mackinnon,train,train,6000,3751,kym-mackinnon-d-tSNrD9pGA-unsplash.jpg
kym-mackinnon-jABfUl1JYis-unsplash.jpg,nofire,unsplash,unsplash_kym-mackinnon,train,train,4608,2592,kym-mackinnon-jABfUl1JYis-unsplash.jpg
kym-mackinnon-k58gUCTJwX8-unsplash.jpg,nofire,unsplash,unsplash_kym-mackinnon,train,train,4608,2592,kym-mackinnon-k58gUCTJwX8-unsplash.jpg
kym-mackinnon-myeTzTYc9ok-unsplash.jpg,nofire,unsplash,unsplash_kym-mackinnon,train,train,4608,2592,kym-mackinnon-myeTzTYc9ok-unsplash.jpg
kym-mackinnon-oegVwnc5YFA-unsplash.jpg,nofire,unsplash,unsplash_kym-mackinnon,train,train,4608,2592,kym-mackinnon-oegVwnc5YFA-unsplash.jpg
kym-mackinnon-ohRlkFvO5e8-unsplash.jpg,nofire,unsplash,unsplash_kym-mackinnon,train,train,4608,2592,kym-mackinnon-ohRlkFvO5e8-unsplash.jpg
kym-mackinnon-qMH6mosLwJc-unsplash.jpg,nofire,unsplash,unsplash_kym-mackinnon,train,train,4896,2752,kym-mackinnon-qMH6mosLwJc-unsplash.jpg
kym-mackinnon-qzy13pTnzVY-unsplash.jpg,nofire,unsplash,unsplash_kym-mackinnon,train,train,4608,2592,kym-mackinnon-qzy13pTnzVY-unsplash.jpg
kym-mackinnon-rRD5EIf2Zt8-unsplash.jpg,nofire,unsplash,unsplash_kym-mackinnon,train,train,4896,2752,kym-mackinnon-rRD5EIf2Zt8-unsplash.jpg
kym-mackinnon-wBLTmclJy4E-unsplash.jpg,nofire,unsplash,unsplash_kym-mackinnon,train,train,2560,1440,kym-mackinnon-wBLTmclJy4E-unsplash.jpg
kym-mackinnon-wHNtB95ih3Y-unsplash.jpg,nofire,unsplash,unsplash_kym-mackinnon,train,train,4608,2592,kym-mackinnon-wHNtB95ih3Y-unsplash.jpg
kym-mackinnon-wjzDedDtd94-unsplash.jpg,nofire,unsplash,unsplash_kym-mackinnon,train,train,4216,2372,kym-mackinnon-wjzDedDtd94-unsplash.jpg
kym-mackinnon-zDzcaysJlkQ-unsplash.jpg,nofire,unsplash,unsplash_kym-mackinnon,train,train,4896,2663,kym-mackinnon-zDzcaysJlkQ-unsplash.jpg
lance-asper-I-y2ZUR_1GA-unsplash.jpg,nofire,unsplash,unsplash_lance-asper,test,train,3908,2195,lance-asper-I-y2ZUR_1GA-unsplash.jpg
lance-asper-oJv439U1yW4-unsplash.jpg,nofire,unsplash,unsplash_lance-asper,test,train,3935,2210,lance-asper-oJv439U1yW4-unsplash.jpg
laura-lefurgey-smith-EPmvy-Ql4U0-unsplash.jpg,nofire,unsplash,unsplash_laura-lefurgey,train,train,4343,3264,laura-lefurgey-smith-EPmvy-Ql4U0-unsplash.jpg
laura-lefurgey-smith-pV69pG9YeEw-unsplash.jpg,nofire,unsplash,unsplash_laura-lefurgey,train,train,4508,2661,laura-lefurgey-smith-pV69pG9YeEw-unsplash.jpg
layne-lawson-ahjVRHrS07o-unsplash.jpg,nofire,unsplash,unsplash_layne-lawson,train,train,3999,2998,layne-lawson-ahjVRHrS07o-unsplash.jpg
lefty-kasdaglis-H_0QzH3tBiM-unsplash.jpg,nofire,unsplash,unsplash_lefty-kasdaglis,val,train,7009,3943,lefty-kasdaglis-H_0QzH3tBiM-unsplash.jpg
lennart-heim-ldz-H1VyrEo-unsplash.jpg,nofire,unsplash,unsplash_lennart-heim,train,train,2895,3862,lennart-heim-ldz-H1VyrEo-unsplash.jpg
leohoho-9VDgeN4xI1M-unsplash.jpg,nofire,unsplash,unsplash_leohoho-9VDgeN4xI1M,train,train,6000,4000,leohoho-9VDgeN4xI1M-unsplash.jpg
leon-wu-wl8O5p94e_8-unsplash.jpg,nofire,unsplash,unsplash_leon-wu,train,train,4000,6000,leon-wu-wl8O5p94e_8-unsplash.jpg
leslie-cross-hO9CKGCnB-M-unsplash.jpg,nofire,unsplash,unsplash_leslie-cross,train,train,5184,3456,leslie-cross-hO9CKGCnB-M-unsplash.jpg
levi-bare-fVpCWcX70ns-unsplash.jpg,nofire,unsplash,unsplash_levi-bare,test,train,3919,2937,levi-bare-fVpCWcX70ns-unsplash.jpg
levi-bare-sxZ4wOoQ2io-unsplash.jpg,nofire,unsplash,unsplash_levi-bare,test,train,6000,4000,levi-bare-sxZ4wOoQ2io-unsplash.jpg
levi-bare-xCfHL21VpDk-unsplash.jpg,nofire,unsplash,unsplash_levi-bare,test,train,6000,4000,levi-bare-xCfHL21VpDk-unsplash.jpg
levi-morsy-HPeyuY6SrUw-unsplash.jpg,nofire,unsplash,unsplash_levi-morsy,test,train,4592,3056,levi-morsy-HPeyuY6SrUw-unsplash.jpg
lewis-latham-0huRqQjz81A-unsplash.jpg,nofire,unsplash,unsplash_lewis-latham,test,train,3992,2992,lewis-latham-0huRqQjz81A-unsplash.jpg
lewis-latham-gugOBBZxty4-unsplash.jpg,nofire,unsplash,unsplash_lewis-latham,test,train,3992,2992,lewis-latham-gugOBBZxty4-unsplash.jpg
lightscape-LRQsyNQL1TE-unsplash.jpg,nofire,unsplash,unsplash_lightscape-LRQsyNQL1TE,train,train,4945,3274,lightscape-LRQsyNQL1TE-unsplash.jpg
lili-kovac-JonGFaeFPgg-unsplash.jpg,nofire,unsplash,unsplash_lili-kovac,train,train,6000,4000,lili-kovac-JonGFaeFPgg-unsplash.jpg
lili-kovac-iE2UNgYQ42g-unsplash.jpg,nofire,unsplash,unsplash_lili-kovac,train,train,3723,4654,lili-kovac-iE2UNgYQ42g-unsplash.jpg
lina-loos-04-C1NZk1hE-unsplash.jpg,nofire,unsplash,unsplash_lina-loos,train,train,5611,3741,lina-loos-04-C1NZk1hE-unsplash.jpg
linas-bam-q1X6ADPZl4w-unsplash.jpg,nofire,unsplash,unsplash_linas-bam,val,train,4000,2667,linas-bam-q1X6ADPZl4w-unsplash.jpg
linas-bam-q_873ymLjS4-unsplash.jpg,nofire,unsplash,unsplash_linas-bam,val,train,4000,2604,linas-bam-q_873ymLjS4-unsplash.jpg
linda-xu-ASgVWPhURiI-unsplash.jpg,nofire,unsplash,unsplash_linda-xu,train,train,3264,4928,linda-xu-ASgVWPhURiI-unsplash.jpg
liuguangxi-r-uXQdIDsQ8-unsplash.jpg,nofire,unsplash,unsplash_liuguangxi-r,train,train,8256,6192,liuguangxi-r-uXQdIDsQ8-unsplash.jpg
lobostudio-hamburg-E3rMBrxqKRo-unsplash.jpg,nofire,unsplash,unsplash_lobostudio-hamburg,val,train,5616,3744,lobostudio-hamburg-E3rMBrxqKRo-unsplash.jpg
loic-furhoff-3wy-uqOBJtY-unsplash.jpg,nofire,unsplash,unsplash_loic-furhoff,train,train,5834,3889,loic-furhoff-3wy-uqOBJtY-unsplash.jpg
lorenzo-spoleti-FXEWwXMCq3I-unsplash.jpg,nofire,unsplash,unsplash_lorenzo-spoleti,val,train,6000,4000,lorenzo-spoleti-FXEWwXMCq3I-unsplash.jpg
lou-levit-0lHIMPhRtN8-unsplash.jpg,nofire,unsplash,unsplash_lou-levit,test,train,4793,3195,lou-levit-0lHIMPhRtN8-unsplash.jpg
luc-tribolet-aBe82hRak8w-unsplash.jpg,nofire,unsplash,unsplash_luc-tribolet,val,train,4509,2699,luc-tribolet-aBe82hRak8w-unsplash.jpg
luc-tribolet-b8bT1_ded84-unsplash.jpg,nofire,unsplash,unsplash_luc-tribolet,val,train,4002,2870,luc-tribolet-b8bT1_ded84-unsplash.jpg
luca-bravo-A-fubu9QJxE-unsplash.jpg,nofire,unsplash,unsplash_luca-bravo,test,train,5937,3958,luca-bravo-A-fubu9QJxE-unsplash.jpg
luca-bravo-SgtU7sK6oP4-unsplash.jpg,nofire,unsplash,unsplash_luca-bravo,test,train,6000,4000,luca-bravo-SgtU7sK6oP4-unsplash.jpg
luca-ic_L3GISq5Q-unsplash.jpg,nofire,unsplash,unsplash_luca-ic_L3GISq5Q,train,train,5472,3648,luca-ic_L3GISq5Q-unsplash.jpg
luca-merz-PGpW4YNbzIk-unsplash.jpg,nofire,unsplash,unsplash_luca-merz,train,train,3000,4000,luca-merz-PGpW4YNbzIk-unsplash.jpg
lucas-ludwig-SRdFJC0Xblc-unsplash.jpg,nofire,unsplash,unsplash_lucas-ludwig,train,train,3959,5938,lucas-ludwig-SRdFJC0Xblc-unsplash.jpg
lucian-dachman-Nlyae10NH7k-unsplash.jpg,nofire,unsplash,unsplash_lucian-dachman,train,train,3840,2559,lucian-dachman-Nlyae10NH7k-unsplash.jpg
luis-gherasim-hYbkqbiEVDg-unsplash.jpg,nofire,unsplash,unsplash_luis-gherasim,train,train,4000,3000,luis-gherasim-hYbkqbiEVDg-unsplash.jpg
lukas-mann-Ixqn51tPfSM-unsplash.jpg,nofire,unsplash,unsplash_lukas-mann,train,train,5000,3333,lukas-mann-Ixqn51tPfSM-unsplash.jpg
lukas-tennie-184vJIldaHw-unsplash.jpg,nofire,unsplash,unsplash_lukas-tennie,train,train,4928,3264,lukas-tennie-184vJIldaHw-unsplash.jpg
luke-baard-Cx2i30bytTo-unsplash.jpg,nofire,unsplash,unsplash_luke-baard,test,train,4000,2250,luke-baard-Cx2i30bytTo-unsplash.jpg
luke-baard-DdNyljNFYX4-unsplash.jpg,nofire,unsplash,unsplash_luke-baard,test,train,4000,2250,luke-baard-DdNyljNFYX4-unsplash.jpg
luke-baard-xR6qUaDRjOE-unsplash.jpg,nofire,unsplash,unsplash_luke-baard,test,train,4000,2250,luke-baard-xR6qUaDRjOE-unsplash.jpg
maciek-sulkowski-43gFXiPsMbY-unsplash.jpg,nofire,unsplash,unsplash_maciek-sulkowski,train,train,5348,3565,maciek-sulkowski-43gFXiPsMbY-unsplash.jpg
maciek-sulkowski-Bktevt0SwQw-unsplash.jpg,nofire,unsplash,unsplash_maciek-sulkowski,train,train,5616,3744,maciek-sulkowski-Bktevt0SwQw-unsplash.jpg
maciek-sulkowski-jVJWrcUNdeY-unsplash.jpg,nofire,unsplash,unsplash_maciek-sulkowski,train,train,5164,3443,maciek-sulkowski-jVJWrcUNdeY-unsplash.jpg
maciek-sulkowski-oCmOCNGJM1g-unsplash.jpg,nofire,unsplash,unsplash_maciek-sulkowski,train,train,5536,3700,maciek-sulkowski-oCmOCNGJM1g-unsplash.jpg
mads-schmidt-rasmussen-6YmzwamGzCg-unsplash.jpg,nofire,unsplash,unsplash_mads-schmidt,train,train,3556,4741,mads-schmidt-rasmussen-6YmzwamGzCg-unsplash.jpg
mahosadha-ong-xaWBSIUjbgc-unsplash.jpg,nofire,unsplash,unsplash_mahosadha-ong,train,train,6240,4160,mahosadha-ong-xaWBSIUjbgc-unsplash.jpg
maksym-diachenko-3Ts2u53CY_Y-unsplash.jpg,nofire,unsplash,unsplash_maksym-diachenko,val,train,5432,3619,maksym-diachenko-3Ts2u53CY_Y-unsplash.jpg
malik-skydsgaard-02P5IzhQmFc-unsplash.jpg,nofire,unsplash,unsplash_malik-skydsgaard,train,train,3992,2992,malik-skydsgaard-02P5IzhQmFc-unsplash.jpg
malik-skydsgaard-I3ecLQjqIrA-unsplash.jpg,nofire,unsplash,unsplash_malik-skydsgaard,train,train,4856,3636,malik-skydsgaard-I3ecLQjqIrA-unsplash.jpg
malik-skydsgaard-zNwXhNeqqgI-unsplash.jpg,nofire,unsplash,unsplash_malik-skydsgaard,train,train,3992,2992,malik-skydsgaard-zNwXhNeqqgI-unsplash.jpg
malte-schmidt-2l5bsmt-7wo-unsplash.jpg,nofire,unsplash,unsplash_malte-schmidt,train,train,3808,2678,malte-schmidt-2l5bsmt-7wo-unsplash.jpg
marc-kargel-1kpsB10c8nM-unsplash.jpg,nofire,unsplash,unsplash_marc-kargel,train,train,6000,3376,marc-kargel-1kpsB10c8nM-unsplash.jpg
marc-markstein-6Lov-3KpXgQ-unsplash.jpg,nofire,unsplash,unsplash_marc-markstein,train,train,4000,3000,marc-markstein-6Lov-3KpXgQ-unsplash.jpg
marek-piwnicki-2kqXGRGUNzQ-unsplash.jpg,nofire,unsplash,unsplash_marek-piwnicki,train,train,5397,3373,marek-piwnicki-2kqXGRGUNzQ-unsplash.jpg
marek-piwnicki-3prwT56SbvI-unsplash.jpg,nofire,unsplash,unsplash_marek-piwnicki,train,train,5268,2963,marek-piwnicki-3prwT56SbvI-unsplash.jpg
marek-piwnicki-5aVqplruTAE-unsplash.jpg,nofire,unsplash,unsplash_marek-piwnicki,train,train,5133,2887,marek-piwnicki-5aVqplruTAE-unsplash.jpg
marek-piwnicki-66SFzJ3iyNU-unsplash.jpg,nofire,unsplash,unsplash_marek-piwnicki,train,train,5267,3292,marek-piwnicki-66SFzJ3iyNU-unsplash.jpg
marek-piwnicki-G_6kPyje9Lk-unsplash.jpg,nofire,unsplash,unsplash_marek-piwnicki,train,train,5297,2980,marek-piwnicki-G_6kPyje9Lk-unsplash.jpg
marek-piwnicki-Gw7xL5f2TEs-unsplash.jpg,nofire,unsplash,unsplash_marek-piwnicki,train,train,5546,8319,marek-piwnicki-Gw7xL5f2TEs-unsplash.jpg
marek-piwnicki-L4MklSNhuPI-unsplash.jpg,nofire,unsplash,unsplash_marek-piwnicki,train,train,5317,2991,marek-piwnicki-L4MklSNhuPI-unsplash.jpg
marek-piwnicki-M7D3WdZKRk8-unsplash.jpg,nofire,unsplash,unsplash_marek-piwnicki,train,train,3595,5392,marek-piwnicki-M7D3WdZKRk8-unsplash.jpg
marek-piwnicki-PIkbpGcceeI-unsplash.jpg,nofire,unsplash,unsplash_marek-piwnicki,train,train,5326,2996,marek-piwnicki-PIkbpGcceeI-unsplash.jpg
marek-piwnicki-UX5fmeffVBM-unsplash.jpg,nofire,unsplash,unsplash_marek-piwnicki,train,train,3583,5375,marek-piwnicki-UX5fmeffVBM-unsplash.jpg
marek-piwnicki-WElEec96cxk-unsplash.jpg,nofire,unsplash,unsplash_marek-piwnicki,train,train,4756,2972,marek-piwnicki-WElEec96cxk-unsplash.jpg
marek-piwnicki-Za_PRp9Dx3Q-unsplash.jpg,nofire,unsplash,unsplash_marek-piwnicki,train,train,3529,5293,marek-piwnicki-Za_PRp9Dx3Q-unsplash.jpg
marek-piwnicki-_3qLnlJlyZw-unsplash.jpg,nofire,unsplash,unsplash_marek-piwnicki,train,train,5229,2941,marek-piwnicki-_3qLnlJlyZw-unsplash.jpg
marek-piwnicki-aDAivSo7IgM-unsplash.jpg,nofire,unsplash,unsplash_marek-piwnicki,train,train,3479,5218,marek-piwnicki-aDAivSo7IgM-unsplash.jpg
marek-piwnicki-dtEOybOiLFk-unsplash.jpg,nofire,unsplash,unsplash_marek-piwnicki,train,train,5430,3054,marek-piwnicki-dtEOybOiLFk-unsplash.jpg
marek-piwnicki-gA2i_h4XRJU-unsplash.jpg,nofire,unsplash,unsplash_marek-piwnicki,train,train,5161,2903,marek-piwnicki-gA2i_h4XRJU-unsplash.jpg
marek-piwnicki-hs0gHvNnsm4-unsplash.jpg,nofire,unsplash,unsplash_marek-piwnicki,train,train,5357,3348,marek-piwnicki-hs0gHvNnsm4-unsplash.jpg
marek-piwnicki-n59rz6KwOfE-unsplash.jpg,nofire,unsplash,unsplash_marek-piwnicki,train,train,5004,3336,marek-piwnicki-n59rz6KwOfE-unsplash.jpg
marek-piwnicki-nxL_enz7A1A-unsplash.jpg,nofire,unsplash,unsplash_marek-piwnicki,train,train,5367,3019,marek-piwnicki-nxL_enz7A1A-unsplash.jpg
marek-piwnicki-py3GLPFvmpg-unsplash.jpg,nofire,unsplash,unsplash_marek-piwnicki,train,train,3412,5460,marek-piwnicki-py3GLPFvmpg-unsplash.jpg
marek-piwnicki-stK4901P1Uo-unsplash.jpg,nofire,unsplash,unsplash_marek-piwnicki,train,train,5369,3356,marek-piwnicki-stK4901P1Uo-unsplash.jpg
marek-piwnicki-t-Fsrt79y5E-unsplash.jpg,nofire,unsplash,unsplash_marek-piwnicki,train,train,5382,3027,marek-piwnicki-t-Fsrt79y5E-unsplash.jpg
marek-piwnicki-yK8lUcBBPDA-unsplash.jpg,nofire,unsplash,unsplash_marek-piwnicki,train,train,5317,2991,marek-piwnicki-yK8lUcBBPDA-unsplash.jpg
marek-piwnicki-z28tlg9IBDY-unsplash.jpg,nofire,unsplash,unsplash_marek-piwnicki,train,train,5435,3397,marek-piwnicki-z28tlg9IBDY-unsplash.jpg
marek-piwnicki-zngKEeB7B1s-unsplash.jpg,nofire,unsplash,unsplash_marek-piwnicki,train,train,5220,2936,marek-piwnicki-zngKEeB7B1s-unsplash.jpg
mari-potter-nqBbhvhNxWE-unsplash.jpg,nofire,unsplash,unsplash_mari-potter,train,train,5464,3640,mari-potter-nqBbhvhNxWE-unsplash.jpg
mari-potter-zdIF9nWyl1A-unsplash.jpg,nofire,unsplash,unsplash_mari-potter,train,train,2592,3872,mari-potter-zdIF9nWyl1A-unsplash.jpg
maria-orlova-tvAHVu1792A-unsplash.jpg,nofire,unsplash,unsplash_maria-orlova,train,train,3861,2574,maria-orlova-tvAHVu1792A-unsplash.jpg
mario-von-rotz-sgaA4_eyL3s-unsplash.jpg,nofire,unsplash,unsplash_mario-von,train,train,5000,3335,mario-von-rotz-sgaA4_eyL3s-unsplash.jpg
marita-kavelashvili-ugnrXk1129g-unsplash.jpg,nofire,unsplash,unsplash_marita-kavelashvili,val,train,4288,2848,marita-kavelashvili-ugnrXk1129g-unsplash.jpg
mariya-pampova-ev67IoFbO5Q-unsplash.jpg,nofire,unsplash,unsplash_mariya-pampova,train,train,2048,1536,mariya-pampova-ev67IoFbO5Q-unsplash.jpg
mark-ager-Vi59vcq9hx8-unsplash.jpg,nofire,unsplash,unsplash_mark-ager,train,train,5184,3456,mark-ager-Vi59vcq9hx8-unsplash.jpg
mark-basarab-Z0yBwzYXy7Y-unsplash.jpg,nofire,unsplash,unsplash_mark-basarab,val,train,3375,2531,mark-basarab-Z0yBwzYXy7Y-unsplash.jpg
mark-boss-_cM8GNmSj60-unsplash.jpg,nofire,unsplash,unsplash_mark-boss,val,train,3000,3000,mark-boss-_cM8GNmSj60-unsplash.jpg
mark-mialik-yPbjEnJYo8c-unsplash.jpg,nofire,unsplash,unsplash_mark-mialik,train,train,4000,6000,mark-mialik-yPbjEnJYo8c-unsplash.jpg
markus-spiske-5KvErlbdeyo-unsplash.jpg,nofire,unsplash,unsplash_markus-spiske,val,train,5760,3840,markus-spiske-5KvErlbdeyo-unsplash.jpg
marly-van-putten-hCEYK8nLA2U-unsplash.jpg,nofire,unsplash,unsplash_marly-van,train,train,4000,2248,marly-van-putten-hCEYK8nLA2U-unsplash.jpg
martin-adams-vxU_Xbwc52I-unsplash.jpg,nofire,unsplash,unsplash_martin-adams,train,train,6000,3750,martin-adams-vxU_Xbwc52I-unsplash.jpg
martin-david-TY5ZmDRfXOg-unsplash.jpg,nofire,unsplash,unsplash_martin-david,train,train,5464,3073,martin-david-TY5ZmDRfXOg-unsplash.jpg
martin-reisch-QELrOYfIlQM-unsplash.jpg,nofire,unsplash,unsplash_martin-reisch,train,train,5464,3640,martin-reisch-QELrOYfIlQM-unsplash.jpg
martin-zangerl-axhLuc-JskI-unsplash.jpg,nofire,unsplash,unsplash_martin-zangerl,train,train,6000,3376,martin-zangerl-axhLuc-JskI-unsplash.jpg
matheo-jbt-Qvm7Cp-Zh_I-unsplash.jpg,nofire,unsplash,unsplash_matheo-jbt,train,train,3276,4096,matheo-jbt-Qvm7Cp-Zh_I-unsplash.jpg
mathieu-odin-DOHfIUK8Dl4-unsplash.jpg,nofire,unsplash,unsplash_mathieu-odin,train,train,3024,4032,mathieu-odin-DOHfIUK8Dl4-unsplash.jpg
matt-howard-Nih9R2lduNw-unsplash.jpg,nofire,unsplash,unsplash_matt-howard,train,train,3992,2242,matt-howard-Nih9R2lduNw-unsplash.jpg
matt-jones-eWeteZ9W3e0-unsplash.jpg,nofire,unsplash,unsplash_matt-jones,test,train,4896,3264,matt-jones-eWeteZ9W3e0-unsplash.jpg
matt-palmer-F2MsRM7Z2as-unsplash.jpg,nofire,unsplash,unsplash_matt-palmer,train,train,6499,4335,matt-palmer-F2MsRM7Z2as-unsplash.jpg
matt-palmer-P2zKezpWLwY-unsplash.jpg,nofire,unsplash,unsplash_matt-palmer,train,train,7952,5304,matt-palmer-P2zKezpWLwY-unsplash.jpg
matthew-6abeLGdk-jo-unsplash.jpg,nofire,unsplash,unsplash_matthew-6abeLGdk,test,train,5464,3640,matthew-6abeLGdk-jo-unsplash.jpg
matthew-ElMCuYRYY0U-unsplash.jpg,nofire,unsplash,unsplash_matthew-ElMCuYRYY0U,train,train,5464,3070,matthew-ElMCuYRYY0U-unsplash.jpg
matthew-jYKv9uaJPvQ-unsplash.jpg,nofire,unsplash,unsplash_matthew-jYKv9uaJPvQ,test,train,5464,3070,matthew-jYKv9uaJPvQ-unsplash.jpg
matthew-meijer-f5Fx_B3Qc4o-unsplash.jpg,nofire,unsplash,unsplash_matthew-meijer,test,train,4000,2250,matthew-meijer-f5Fx_B3Qc4o-unsplash.jpg
matthew-moisant-sIPRbIj9Oo8-unsplash.jpg,nofire,unsplash,unsplash_matthew-moisant,train,train,3840,5760,matthew-moisant-sIPRbIj9Oo8-unsplash.jpg
max-burgi-duxCsFGyT2Q-unsplash.jpg,nofire,unsplash,unsplash_max-burgi,train,train,5472,3648,max-burgi-duxCsFGyT2Q-unsplash.jpg
max-hermansson-SXWnpf6KsNQ-unsplash.jpg,nofire,unsplash,unsplash_max-hermansson,test,train,4000,3000,max-hermansson-SXWnpf6KsNQ-unsplash.jpg
max-okhrimenko-Wo_EeH5I2qc-unsplash.jpg,nofire,unsplash,unsplash_max-okhrimenko,test,train,4000,2667,max-okhrimenko-Wo_EeH5I2qc-unsplash.jpg
maxime-gauthier-WjrOD8zA8EU-unsplash.jpg,nofire,unsplash,unsplash_maxime-gauthier,val,train,2242,3992,maxime-gauthier-WjrOD8zA8EU-unsplash.jpg
medien-werkstatt-PxPs7pa68gs-unsplash.jpg,nofire,unsplash,unsplash_medien-werkstatt,train,train,4000,6000,medien-werkstatt-PxPs7pa68gs-unsplash.jpg
meina-yin-_O_R3KLZx8o-unsplash.jpg,nofire,unsplash,unsplash_meina-yin,test,train,2504,3764,meina-yin-_O_R3KLZx8o-unsplash.jpg
meina-yin-p5pVG3GWT_U-unsplash.jpg,nofire,unsplash,unsplash_meina-yin,test,train,4000,6000,meina-yin-p5pVG3GWT_U-unsplash.jpg
mekht-qoIHdN6b8kU-unsplash.jpg,nofire,unsplash,unsplash_mekht-qoIHdN6b8kU,train,train,3721,2481,mekht-qoIHdN6b8kU-unsplash.jpg
meric-dagli-2AwOeLElK7c-unsplash.jpg,nofire,unsplash,unsplash_meric-dagli,train,train,3024,4032,meric-dagli-2AwOeLElK7c-unsplash.jpg
micaela-parente-75N5Kh4O9e0-unsplash.jpg,nofire,unsplash,unsplash_micaela-parente,test,train,1911,2862,micaela-parente-75N5Kh4O9e0-unsplash.jpg
micaela-parente-Lw-wQiZqML0-unsplash.jpg,nofire,unsplash,unsplash_micaela-parente,test,train,2848,4288,micaela-parente-Lw-wQiZqML0-unsplash.jpg
michael-benz--IZ2sgQKIhM-unsplash.jpg,nofire,unsplash,unsplash_michael-benz,train,train,3000,2000,michael-benz--IZ2sgQKIhM-unsplash.jpg
michael-chambers-m6WCximB8ng-unsplash.jpg,nofire,unsplash,unsplash_michael-chambers,test,train,5472,3648,michael-chambers-m6WCximB8ng-unsplash.jpg
michael-olsen-WTMgdWNHkaU-unsplash.jpg,nofire,unsplash,unsplash_michael-olsen,test,train,4000,3000,michael-olsen-WTMgdWNHkaU-unsplash.jpg
michael-olsen-cB99rnOAs2M-unsplash.jpg,nofire,unsplash,unsplash_michael-olsen,test,train,4000,3000,michael-olsen-cB99rnOAs2M-unsplash.jpg
michael-vilorio-KLUoR8k9Hl8-unsplash.jpg,nofire,unsplash,unsplash_michael-vilorio,train,train,2992,3992,michael-vilorio-KLUoR8k9Hl8-unsplash.jpg
michail-dementiev-E0LpPXeHGAM-unsplash.jpg,nofire,unsplash,unsplash_michail-dementiev,train,train,4000,3000,michail-dementiev-E0LpPXeHGAM-unsplash.jpg
miha-rekar--wm9OmdN_Ig-unsplash.jpg,nofire,unsplash,unsplash_miha-rekar,train,train,2667,4000,miha-rekar--wm9OmdN_Ig-unsplash.jpg
mikael-stenberg-y0CRX9wdPJQ-unsplash.jpg,nofire,unsplash,unsplash_mikael-stenberg,test,train,3992,2992,mikael-stenberg-y0CRX9wdPJQ-unsplash.jpg
mike-petrucci-UvvoagAtotU-unsplash.jpg,nofire,unsplash,unsplash_mike-petrucci,train,train,4032,3024,mike-petrucci-UvvoagAtotU-unsplash.jpg
mikey-b-zXu_co6yvfw-unsplash.jpg,nofire,unsplash,unsplash_mikey-b,train,train,5472,3078,mikey-b-zXu_co6yvfw-unsplash.jpg
miroslav-matthess-ajHzrrEeqgc-unsplash.jpg,nofire,unsplash,unsplash_miroslav-matthess,train,train,5948,3901,miroslav-matthess-ajHzrrEeqgc-unsplash.jpg
miroslav-skopek-f6D-1vvwKSE-unsplash.jpg,nofire,unsplash,unsplash_miroslav-skopek,train,train,3033,3032,miroslav-skopek-f6D-1vvwKSE-unsplash.jpg
mj-FnTrZQOjaos-unsplash.jpg,nofire,unsplash,unsplash_mj-FnTrZQOjaos,train,train,4048,3032,mj-FnTrZQOjaos-unsplash.jpg
mj-Nz-fXma87wQ-unsplash.jpg,nofire,unsplash,unsplash_mj-Nz,train,train,2976,3968,mj-Nz-fXma87wQ-unsplash.jpg
mono-log-HKS5pyraP7k-unsplash.jpg,nofire,unsplash,unsplash_mono-log,test,train,3375,6000,mono-log-HKS5pyraP7k-unsplash.jpg
nadiia-ploshchenko-0mjWYcMPPNU-unsplash.jpg,nofire,unsplash,unsplash_nadiia-ploshchenko,test,train,5472,3648,nadiia-ploshchenko-0mjWYcMPPNU-unsplash.jpg
nadiia-ploshchenko-54nrlqy3zoI-unsplash.jpg,nofire,unsplash,unsplash_nadiia-ploshchenko,test,train,3445,5168,nadiia-ploshchenko-54nrlqy3zoI-unsplash.jpg
nadiia-ploshchenko-wNzbLRVt0xs-unsplash.jpg,nofire,unsplash,unsplash_nadiia-ploshchenko,test,train,3648,5472,nadiia-ploshchenko-wNzbLRVt0xs-unsplash.jpg
naresh-nayak-FH_5X0veEAk-unsplash.jpg,nofire,unsplash,unsplash_naresh-nayak,test,train,4480,2068,naresh-nayak-FH_5X0veEAk-unsplash.jpg
natalya-letunova-WjqyWNCYSI8-unsplash.jpg,nofire,unsplash,unsplash_natalya-letunova,train,train,2978,3992,natalya-letunova-WjqyWNCYSI8-unsplash.jpg
nate-johnston-seLQo3j7Xu4-unsplash.jpg,nofire,unsplash,unsplash_nate-johnston,val,train,5464,3640,nate-johnston-seLQo3j7Xu4-unsplash.jpg
nate-snWIEzNipEc-unsplash.jpg,nofire,unsplash,unsplash_nate-snWIEzNipEc,val,train,4000,2250,nate-snWIEzNipEc-unsplash.jpg
nathan-anderson--GxPjjBNt2o-unsplash.jpg,nofire,unsplash,unsplash_nathan-anderson,train,train,5464,3640,nathan-anderson--GxPjjBNt2o-unsplash.jpg
nathan-anderson-0dJyOIiGkfk-unsplash.jpg,nofire,unsplash,unsplash_nathan-anderson,train,train,3992,2992,nathan-anderson-0dJyOIiGkfk-unsplash.jpg
nathan-anderson-1z6Soz2c61E-unsplash.jpg,nofire,unsplash,unsplash_nathan-anderson,train,train,5464,3640,nathan-anderson-1z6Soz2c61E-unsplash.jpg
nathan-anderson-4yR7KwuoAgE-unsplash.jpg,nofire,unsplash,unsplash_nathan-anderson,train,train,3660,2696,nathan-anderson-4yR7KwuoAgE-unsplash.jpg
nathan-anderson-5pF0dXiAspg-unsplash.jpg,nofire,unsplash,unsplash_nathan-anderson,train,train,3992,2992,nathan-anderson-5pF0dXiAspg-unsplash.jpg
nathan-anderson-8x86FhrOWwA-unsplash.jpg,nofire,unsplash,unsplash_nathan-anderson,train,train,5464,3640,nathan-anderson-8x86FhrOWwA-unsplash.jpg
nathan-anderson-9rNyml9OKfI-unsplash.jpg,nofire,unsplash,unsplash_nathan-anderson,train,train,5464,3640,nathan-anderson-9rNyml9OKfI-unsplash.jpg
nathan-anderson-KJH3wkcGKdM-unsplash.jpg,nofire,unsplash,unsplash_nathan-anderson,train,train,5464,3640,nathan-anderson-KJH3wkcGKdM-unsplash.jpg
nathan-anderson-KOFidaSW1cc-unsplash.jpg,nofire,unsplash,unsplash_nathan-anderson,train,train,3267,2666,nathan-anderson-KOFidaSW1cc-unsplash.jpg
nathan-anderson-PBRkqx-r6_c-unsplash.jpg,nofire,unsplash,unsplash_nathan-anderson,train,train,3632,2041,nathan-anderson-PBRkqx-r6_c-unsplash.jpg
nathan-anderson-PdPKIkd1L9g-unsplash.jpg,nofire,unsplash,unsplash_nathan-anderson,train,train,5464,3640,nathan-anderson-PdPKIkd1L9g-unsplash.jpg
nathan-anderson-V84H4r_G1yw-unsplash.jpg,nofire,unsplash,unsplash_nathan-anderson,train,train,5464,3640,nathan-anderson-V84H4r_G1yw-unsplash.jpg
nathan-anderson-YCUI9Ntzsgc-unsplash.jpg,nofire,unsplash,unsplash_nathan-anderson,train,train,5144,3427,nathan-anderson-YCUI9Ntzsgc-unsplash.jpg
nathan-anderson-_ZnFxTysYNc-unsplash.jpg,nofire,unsplash,unsplash_nathan-anderson,train,train,5464,3640,nathan-anderson-_ZnFxTysYNc-unsplash.jpg
nathan-anderson-j1_s52QX6fs-unsplash.jpg,nofire,unsplash,unsplash_nathan-anderson,train,train,3992,2992,nathan-anderson-j1_s52QX6fs-unsplash.jpg
nathan-anderson-qFjIV1MxDvE-unsplash.jpg,nofire,unsplash,unsplash_nathan-anderson,train,train,5464,3640,nathan-anderson-qFjIV1MxDvE-unsplash.jpg
nathan-anderson-qhkXT5D7n_w-unsplash.jpg,nofire,unsplash,unsplash_nathan-anderson,train,train,3992,2992,nathan-anderson-qhkXT5D7n_w-unsplash.jpg
nathan-anderson-v6YntOOHPTY-unsplash.jpg,nofire,unsplash,unsplash_nathan-anderson,train,train,3992,2992,nathan-anderson-v6YntOOHPTY-unsplash.jpg
nathan-anderson-vtZQNphir8c-unsplash.jpg,nofire,unsplash,unsplash_nathan-anderson,train,train,5464,3070,nathan-anderson-vtZQNphir8c-unsplash.jpg
nathan-anderson-ypFlatkSf2o-unsplash.jpg,nofire,unsplash,unsplash_nathan-anderson,train,train,5464,3070,nathan-anderson-ypFlatkSf2o-unsplash.jpg
nathan-queloz-USuDsWIPgNA-unsplash.jpg,nofire,unsplash,unsplash_nathan-queloz,val,train,4000,3000,nathan-queloz-USuDsWIPgNA-unsplash.jpg
nathan-queloz-kVSgiAHSDmw-unsplash.jpg,nofire,unsplash,unsplash_nathan-queloz,val,train,4000,3000,nathan-queloz-kVSgiAHSDmw-unsplash.jpg
nathan-queloz-lXuRPL4VvgU-unsplash.jpg,nofire,unsplash,unsplash_nathan-queloz,val,train,4000,3000,nathan-queloz-lXuRPL4VvgU-unsplash.jpg
nathan-queloz-qLFkO7C2RXc-unsplash.jpg,nofire,unsplash,unsplash_nathan-queloz,val,train,4000,3000,nathan-queloz-qLFkO7C2RXc-unsplash.jpg
neha-maheen-mahfin-Ux5qauJBztE-unsplash.jpg,nofire,unsplash,unsplash_neha-maheen,test,train,5472,3648,neha-maheen-mahfin-Ux5qauJBztE-unsplash.jpg
nelu-paps-TqJ2J90TS24-unsplash.jpg,nofire,unsplash,unsplash_nelu-paps,val,train,4000,2669,nelu-paps-TqJ2J90TS24-unsplash.jpg
neven-krcmarek-6CjumGKauts-unsplash.jpg,nofire,unsplash,unsplash_neven-krcmarek,train,train,2666,4000,neven-krcmarek-6CjumGKauts-unsplash.jpg
neven-krcmarek-xcbnx5M6XPM-unsplash.jpg,nofire,unsplash,unsplash_neven-krcmarek,train,train,4960,3379,neven-krcmarek-xcbnx5M6XPM-unsplash.jpg
nic-y-c-AShLKsKanFc-unsplash.jpg,nofire,unsplash,unsplash_nic-y,train,train,4595,3063,nic-y-c-AShLKsKanFc-unsplash.jpg
nic-y-c-Nss8xlrf2gc-unsplash.jpg,nofire,unsplash,unsplash_nic-y,train,train,5312,3541,nic-y-c-Nss8xlrf2gc-unsplash.jpg
nic-y-c-_uQqjtLk_Cs-unsplash.jpg,nofire,unsplash,unsplash_nic-y,train,train,5175,3450,nic-y-c-_uQqjtLk_Cs-unsplash.jpg
nic-y-c-vNBg-a6eRtc-unsplash.jpg,nofire,unsplash,unsplash_nic-y,train,train,5491,3661,nic-y-c-vNBg-a6eRtc-unsplash.jpg
nick-andreas-jwfmY2oVfqA-unsplash.jpg,nofire,unsplash,unsplash_nick-andreas,train,train,6000,4000,nick-andreas-jwfmY2oVfqA-unsplash.jpg
nick-bolton-rL2lRPUVvM8-unsplash.jpg,nofire,unsplash,unsplash_nick-bolton,train,train,3744,5616,nick-bolton-rL2lRPUVvM8-unsplash.jpg
nick-moore-fJg9IF9UOr0-unsplash.jpg,nofire,unsplash,unsplash_nick-moore,train,train,2312,2890,nick-moore-fJg9IF9UOr0-unsplash.jpg
nico-iseli-ozkF9Yy8QTE-unsplash.jpg,nofire,unsplash,unsplash_nico-iseli,train,train,3376,6000,nico-iseli-ozkF9Yy8QTE-unsplash.jpg
nico-kargel-ZTYt7ozjAhg-unsplash.jpg,nofire,unsplash,unsplash_nico-kargel,train,train,2994,2994,nico-kargel-ZTYt7ozjAhg-unsplash.jpg
nicolas-cool-awftcSB__Jk-unsplash.jpg,nofire,unsplash,unsplash_nicolas-cool,test,train,4912,3264,nicolas-cool-awftcSB__Jk-unsplash.jpg
nicolas-hippert-4doZmorf3IE-unsplash.jpg,nofire,unsplash,unsplash_nicolas-hippert,train,train,5373,2904,nicolas-hippert-4doZmorf3IE-unsplash.jpg
nikita-tikhomirov-wlo2JlSgwyM-unsplash.jpg,nofire,unsplash,unsplash_nikita-tikhomirov,train,train,2756,3677,nikita-tikhomirov-wlo2JlSgwyM-unsplash.jpg
nitish-meena-RbbdzZBKRDY-unsplash.jpg,nofire,unsplash,unsplash_nitish-meena,test,train,3300,2200,nitish-meena-RbbdzZBKRDY-unsplash.jpg
noah-angelo-BNK525WM4BA-unsplash.jpg,nofire,unsplash,unsplash_noah-angelo,test,train,4598,3061,noah-angelo-BNK525WM4BA-unsplash.jpg
noah-silliman-01Qqkfz-ck8-unsplash.jpg,nofire,unsplash,unsplash_noah-silliman,train,train,5184,3456,noah-silliman-01Qqkfz-ck8-unsplash.jpg
noah-silliman-Udm1Kj9Y9yk-unsplash.jpg,nofire,unsplash,unsplash_noah-silliman,train,train,5184,3456,noah-silliman-Udm1Kj9Y9yk-unsplash.jpg
noman-shahid-9Y1zD1ksuww-unsplash.jpg,nofire,unsplash,unsplash_noman-shahid,train,train,3072,2304,noman-shahid-9Y1zD1ksuww-unsplash.jpg
oleg-mozhevin-kioB5vGYUSo-unsplash.jpg,nofire,unsplash,unsplash_oleg-mozhevin,train,train,4320,3240,oleg-mozhevin-kioB5vGYUSo-unsplash.jpg
olena-sergienko-0Ws_-v4Y_wY-unsplash.jpg,nofire,unsplash,unsplash_olena-sergienko,train,train,2250,4000,olena-sergienko-0Ws_-v4Y_wY-unsplash.jpg
olena-sergienko-1wYD3cqD83I-unsplash.jpg,nofire,unsplash,unsplash_olena-sergienko,train,train,2250,4000,olena-sergienko-1wYD3cqD83I-unsplash.jpg
olena-sergienko-EFIJMW_rWKs-unsplash.jpg,nofire,unsplash,unsplash_olena-sergienko,train,train,2250,4000,olena-sergienko-EFIJMW_rWKs-unsplash.jpg
olena-sergienko-TySkkTBvSlE-unsplash.jpg,nofire,unsplash,unsplash_olena-sergienko,train,train,2250,4000,olena-sergienko-TySkkTBvSlE-unsplash.jpg
olena-sergienko-Wiq_zZA6UOw-unsplash.jpg,nofire,unsplash,unsplash_olena-sergienko,train,train,2250,4000,olena-sergienko-Wiq_zZA6UOw-unsplash.jpg
olena-sergienko-yALeiJ1KdiQ-unsplash.jpg,nofire,unsplash,unsplash_olena-sergienko,train,train,2250,4000,olena-sergienko-yALeiJ1KdiQ-unsplash.jpg
olena-sergienko-zp1Rq3OkVpM-unsplash.jpg,nofire,unsplash,unsplash_olena-sergienko,train,train,2250,4000,olena-sergienko-zp1Rq3OkVpM-unsplash.jpg
oliver-roos-fJTfWn5nNuk-unsplash.jpg,nofire,unsplash,unsplash_oliver-roos,train,train,2337,2921,oliver-roos-fJTfWn5nNuk-unsplash.jpg
olivier-mesnage-qj8ujkhbLfc-unsplash.jpg,nofire,unsplash,unsplash_olivier-mesnage,train,train,5011,3532,olivier-mesnage-qj8ujkhbLfc-unsplash.jpg
olivier-miche-c6JZa0b4Q8Q-unsplash.jpg,nofire,unsplash,unsplash_olivier-miche,train,train,7312,4880,olivier-miche-c6JZa0b4Q8Q-unsplash.jpg
oscar-nolasco-ufubXa4WnHs-unsplash.jpg,nofire,unsplash,unsplash_oscar-nolasco,val,train,2456,3070,oscar-nolasco-ufubXa4WnHs-unsplash.jpg
oskar-smethurst-3hScD_Z_KyE-unsplash.jpg,nofire,unsplash,unsplash_oskar-smethurst,train,train,2271,3032,oskar-smethurst-3hScD_Z_KyE-unsplash.jpg
oskar-smethurst-QhAELZaBjM0-unsplash.jpg,nofire,unsplash,unsplash_oskar-smethurst,train,train,2271,3032,oskar-smethurst-QhAELZaBjM0-unsplash.jpg
ozark-drones-97WaZhEg0Hg-unsplash.jpg,nofire,unsplash,unsplash_ozark-drones,train,train,4000,3000,ozark-drones-97WaZhEg0Hg-unsplash.jpg
ozark-drones-H1psDNcpOfI-unsplash.jpg,nofire,unsplash,unsplash_ozark-drones,train,train,4000,3000,ozark-drones-H1psDNcpOfI-unsplash.jpg
ozark-drones-REWIV2QAEgs-unsplash.jpg,nofire,unsplash,unsplash_ozark-drones,train,train,4048,3032,ozark-drones-REWIV2QAEgs-unsplash.jpg
ozark-drones-dA0JNkNAu1A-unsplash.jpg,nofire,unsplash,unsplash_ozark-drones,train,train,2600,1949,ozark-drones-dA0JNkNAu1A-unsplash.jpg
ozark-drones-jeV-LUEyJoE-unsplash.jpg,nofire,unsplash,unsplash_ozark-drones,train,train,3992,2992,ozark-drones-jeV-LUEyJoE-unsplash.jpg
ozark-drones-oDUpFPUy2VU-unsplash.jpg,nofire,unsplash,unsplash_ozark-drones,train,train,3000,2248,ozark-drones-oDUpFPUy2VU-unsplash.jpg
ozark-drones-rkvI-ToeV40-unsplash.jpg,nofire,unsplash,unsplash_ozark-drones,train,train,4000,3000,ozark-drones-rkvI-ToeV40-unsplash.jpg
pascal-debrunner-AGEBN35q0UA-unsplash.jpg,nofire,unsplash,unsplash_pascal-debrunner,val,train,3936,2624,pascal-debrunner-AGEBN35q0UA-unsplash.jpg
pascal-debrunner-Ak_Mnvqjgrw-unsplash.jpg,nofire,unsplash,unsplash_pascal-debrunner,val,train,3936,2624,pascal-debrunner-Ak_Mnvqjgrw-unsplash.jpg
pascal-scholl-2Attt7V5g-I-unsplash.jpg,nofire,unsplash,unsplash_pascal-scholl,train,train,4000,2250,pascal-scholl-2Attt7V5g-I-unsplash.jpg
pascal-scholl-YpeovwN3BLY-unsplash.jpg,nofire,unsplash,unsplash_pascal-scholl,train,train,4000,2250,pascal-scholl-YpeovwN3BLY-unsplash.jpg
pascal-scholl-tCXtTfJTR6E-unsplash.jpg,nofire,unsplash,unsplash_pascal-scholl,train,train,4000,2250,pascal-scholl-tCXtTfJTR6E-unsplash.jpg
pat-whelen-Apd0_ovpGE0-unsplash.jpg,nofire,unsplash,unsplash_pat-whelen,train,train,4000,2250,pat-whelen-Apd0_ovpGE0-unsplash.jpg
pat-whelen-Bpomb1492ng-unsplash.jpg,nofire,unsplash,unsplash_pat-whelen,train,train,4000,2250,pat-whelen-Bpomb1492ng-unsplash.jpg
pat-whelen-FEsS8cYQM-0-unsplash.jpg,nofire,unsplash,unsplash_pat-whelen,train,train,3972,2250,pat-whelen-FEsS8cYQM-0-unsplash.jpg
pat-whelen-JjxEz8Ye8YE-unsplash.jpg,nofire,unsplash,unsplash_pat-whelen,train,train,3101,3875,pat-whelen-JjxEz8Ye8YE-unsplash.jpg
pat-whelen-O3XNdXVR9PU-unsplash.jpg,nofire,unsplash,unsplash_pat-whelen,train,train,4000,2250,pat-whelen-O3XNdXVR9PU-unsplash.jpg
pat-whelen-RgRbnwcvhDo-unsplash.jpg,nofire,unsplash,unsplash_pat-whelen,train,train,4666,2589,pat-whelen-RgRbnwcvhDo-unsplash.jpg
pat-whelen-fej4S52jRJg-unsplash.jpg,nofire,unsplash,unsplash_pat-whelen,train,train,4000,2250,pat-whelen-fej4S52jRJg-unsplash.jpg
pat-whelen-mspGLhJBssQ-unsplash.jpg,nofire,unsplash,unsplash_pat-whelen,train,train,4480,6720,pat-whelen-mspGLhJBssQ-unsplash.jpg
pat-whelen-qlzjOdlgWYI-unsplash.jpg,nofire,unsplash,unsplash_pat-whelen,train,train,5250,6561,pat-whelen-qlzjOdlgWYI-unsplash.jpg
pat-whelen-xmWo450jYSU-unsplash.jpg,nofire,unsplash,unsplash_pat-whelen,train,train,5623,2402,pat-whelen-xmWo450jYSU-unsplash.jpg
patrick-federi-QS8lvOcqHRo-unsplash.jpg,nofire,unsplash,unsplash_patrick-federi,test,train,4000,2250,patrick-federi-QS8lvOcqHRo-unsplash.jpg
patrick-federi-otESDtV7Tco-unsplash.jpg,nofire,unsplash,unsplash_patrick-federi,test,train,4000,2250,patrick-federi-otESDtV7Tco-unsplash.jpg
patrick-fore-vpAKO21abME-unsplash.jpg,nofire,unsplash,unsplash_patrick-fore,train,train,5472,3648,patrick-fore-vpAKO21abME-unsplash.jpg
patrick-miyaoka-XzNNcijgEHE-unsplash.jpg,nofire,unsplash,unsplash_patrick-miyaoka,val,train,3968,2976,patrick-miyaoka-XzNNcijgEHE-unsplash.jpg
patrick-schneider-PLrscRq3atA-unsplash.jpg,nofire,unsplash,unsplash_patrick-schneider,train,train,4516,3011,patrick-schneider-PLrscRq3atA-unsplash.jpg
paul-okrema-LB2QAs_i948-unsplash.jpg,nofire,unsplash,unsplash_paul-okrema,train,train,3023,4535,paul-okrema-LB2QAs_i948-unsplash.jpg
paul-pastourmatzis-0NetIOwaEqQ-unsplash.jpg,nofire,unsplash,unsplash_paul-pastourmatzis,test,train,2248,2999,paul-pastourmatzis-0NetIOwaEqQ-unsplash.jpg
paul-pastourmatzis-N2JMp29mwk4-unsplash.jpg,nofire,unsplash,unsplash_paul-pastourmatzis,test,train,3000,2248,paul-pastourmatzis-N2JMp29mwk4-unsplash.jpg
paul-pastourmatzis-bGkMaCQ0e9o-unsplash.jpg,nofire,unsplash,unsplash_paul-pastourmatzis,test,train,2000,3000,paul-pastourmatzis-bGkMaCQ0e9o-unsplash.jpg
paul-trienekens-wc7X0X565IE-unsplash.jpg,nofire,unsplash,unsplash_paul-trienekens,val,train,3992,2242,paul-trienekens-wc7X0X565IE-unsplash.jpg
paulius-dragunas-644Ort64FVM-unsplash.jpg,nofire,unsplash,unsplash_paulius-dragunas,val,train,6000,4000,paulius-dragunas-644Ort64FVM-unsplash.jpg
pavel-neznanov-ta-I8rZ6zJc-unsplash.jpg,nofire,unsplash,unsplash_pavel-neznanov,train,train,4000,3000,pavel-neznanov-ta-I8rZ6zJc-unsplash.jpg
pawan-thapa-IQQ_yieXc1s-unsplash.jpg,nofire,unsplash,unsplash_pawan-thapa,train,train,3640,4550,pawan-thapa-IQQ_yieXc1s-unsplash.jpg
pawan-thapa-qEJRVTbDpTQ-unsplash.jpg,nofire,unsplash,unsplash_pawan-thapa,train,train,6720,4480,pawan-thapa-qEJRVTbDpTQ-unsplash.jpg
peter-lloyd-rRWyOn9gat4-unsplash.jpg,nofire,unsplash,unsplash_peter-lloyd,test,train,4906,3066,peter-lloyd-rRWyOn9gat4-unsplash.jpg
peter-vanosdall-ktpyjH2h9xs-unsplash.jpg,nofire,unsplash,unsplash_peter-vanosdall,train,train,4500,3000,peter-vanosdall-ktpyjH2h9xs-unsplash.jpg
peter-wormstetter-zCXdITPhTkI-unsplash.jpg,nofire,unsplash,unsplash_peter-wormstetter,train,train,5504,8256,peter-wormstetter-zCXdITPhTkI-unsplash.jpg
petr-sevcovic-UpM3uDXBW8w-unsplash.jpg,nofire,unsplash,unsplash_petr-sevcovic,train,train,2976,2976,petr-sevcovic-UpM3uDXBW8w-unsplash.jpg
phil-desforges-t4BwdvdvQ4I-unsplash.jpg,nofire,unsplash,unsplash_phil-desforges,val,train,4230,3172,phil-desforges-t4BwdvdvQ4I-unsplash.jpg
pramod-tiwari--uVQYYD5qco-unsplash.jpg,nofire,unsplash,unsplash_pramod-tiwari,train,train,5760,3240,pramod-tiwari--uVQYYD5qco-unsplash.jpg
pramod-tiwari-9E8rglSXnc4-unsplash.jpg,nofire,unsplash,unsplash_pramod-tiwari,train,train,3099,3874,pramod-tiwari-9E8rglSXnc4-unsplash.jpg
quentin-menini-nrEb1KzuqTg-unsplash.jpg,nofire,unsplash,unsplash_quentin-menini,train,train,3024,4032,quentin-menini-nrEb1KzuqTg-unsplash.jpg
raghavendra-prasad-VDhBqr4y_Ho-unsplash.jpg,nofire,unsplash,unsplash_raghavendra-prasad,val,train,5464,3640,raghavendra-prasad-VDhBqr4y_Ho-unsplash.jpg
rahul-chakraborty-imTMBU0DOfo-unsplash.jpg,nofire,unsplash,unsplash_rahul-chakraborty,train,train,4056,3040,rahul-chakraborty-imTMBU0DOfo-unsplash.jpg
ralph-ravi-kayden-FITkkKxP1RU-unsplash.jpg,nofire,unsplash,unsplash_ralph-ravi,train,train,4000,2250,ralph-ravi-kayden-FITkkKxP1RU-unsplash.jpg
ralph-ravi-kayden-JU4uYq6r5do-unsplash.jpg,nofire,unsplash,unsplash_ralph-ravi,train,train,4000,2250,ralph-ravi-kayden-JU4uYq6r5do-unsplash.jpg
ralph-ravi-kayden-U2QNuI2QRAo-unsplash.jpg,nofire,unsplash,unsplash_ralph-ravi,train,train,4000,2250,ralph-ravi-kayden-U2QNuI2QRAo-unsplash.jpg
raphael-biscaldi-imFxAaCy_Pc-unsplash.jpg,nofire,unsplash,unsplash_raphael-biscaldi,val,train,4000,2250,raphael-biscaldi-imFxAaCy_Pc-unsplash.jpg
ravi-patel-UPc3D38lXFw-unsplash.jpg,nofire,unsplash,unsplash_ravi-patel,train,train,2781,2225,ravi-patel-UPc3D38lXFw-unsplash.jpg
ravi-sharma-hNv5s6NEYig-unsplash.jpg,nofire,unsplash,unsplash_ravi-sharma,test,train,2304,3456,ravi-sharma-hNv5s6NEYig-unsplash.jpg
ray-ziak-BO8K27h5lNc-unsplash.jpg,nofire,unsplash,unsplash_ray-ziak,val,train,4000,3000,ray-ziak-BO8K27h5lNc-unsplash.jpg
raymond-ancog--MSLHYRXQK4-unsplash.jpg,nofire,unsplash,unsplash_raymond-ancog,train,train,2962,4000,raymond-ancog--MSLHYRXQK4-unsplash.jpg
rd-mcclenagan-lTQ3GT-sb9Q-unsplash.jpg,nofire,unsplash,unsplash_rd-mcclenagan,train,train,3024,4032,rd-mcclenagan-lTQ3GT-sb9Q-unsplash.jpg
red-morley-hewitt-kizs7vYY5Dg-unsplash.jpg,nofire,unsplash,unsplash_red-morley,train,train,3977,2981,red-morley-hewitt-kizs7vYY5Dg-unsplash.jpg
red-zeppelin-rVTwHuRXlho-unsplash.jpg,nofire,unsplash,unsplash_red-zeppelin,test,train,5472,3648,red-zeppelin-rVTwHuRXlho-unsplash.jpg
redd-f-sW7Gir6CG_0-unsplash.jpg,nofire,unsplash,unsplash_redd-f,train,train,2000,3000,redd-f-sW7Gir6CG_0-unsplash.jpg
revolt-V0m4dPa5kNw-unsplash.jpg,nofire,unsplash,unsplash_revolt-V0m4dPa5kNw,train,train,3992,2242,revolt-V0m4dPa5kNw-unsplash.jpg
ricardo-gomez-angel-BFMaGkfHDWQ-unsplash.jpg,nofire,unsplash,unsplash_ricardo-gomez,train,train,7288,5792,ricardo-gomez-angel-BFMaGkfHDWQ-unsplash.jpg
ricardo-gomez-angel-dbu1zrkZZuo-unsplash.jpg,nofire,unsplash,unsplash_ricardo-gomez,train,train,3681,2662,ricardo-gomez-angel-dbu1zrkZZuo-unsplash.jpg
ricardo-gomez-angel-j4YcBgiBJxY-unsplash.jpg,nofire,unsplash,unsplash_ricardo-gomez,train,train,8373,4957,ricardo-gomez-angel-j4YcBgiBJxY-unsplash.jpg
richard-fullbrook-z8PemM-kYck-unsplash.jpg,nofire,unsplash,unsplash_richard-fullbrook,train,train,3331,2665,richard-fullbrook-z8PemM-kYck-unsplash.jpg
richie-nolan-jQ_RRJgun3s-unsplash.jpg,nofire,unsplash,unsplash_richie-nolan,test,train,2600,1949,richie-nolan-jQ_RRJgun3s-unsplash.jpg
rifqi-ali-ridho-OHLcCYqvRNY-unsplash.jpg,nofire,unsplash,unsplash_rifqi-ali,test,train,5472,3648,rifqi-ali-ridho-OHLcCYqvRNY-unsplash.jpg
riley-xIaoWuKc0F8-unsplash.jpg,nofire,unsplash,unsplash_riley-xIaoWuKc0F8,train,train,4563,7035,riley-xIaoWuKc0F8-unsplash.jpg
rita-peron-k33g3DirT7U-unsplash.jpg,nofire,unsplash,unsplash_rita-peron,train,train,3000,2000,rita-peron-k33g3DirT7U-unsplash.jpg
robert-hrovat-7AILo0dLm2g-unsplash.jpg,nofire,unsplash,unsplash_robert-hrovat,train,train,3840,2560,robert-hrovat-7AILo0dLm2g-unsplash.jpg
robert-ritchie-CbYCdiz6i_E-unsplash.jpg,nofire,unsplash,unsplash_robert-ritchie,train,train,8031,3369,robert-ritchie-CbYCdiz6i_E-unsplash.jpg
roberto-nickson-dCbl-CaL15k-unsplash.jpg,nofire,unsplash,unsplash_roberto-nickson,train,train,3000,4000,roberto-nickson-dCbl-CaL15k-unsplash.jpg
rodrigo-torres-0-eBnY2mBGU-unsplash.jpg,nofire,unsplash,unsplash_rodrigo-torres,test,train,6000,4000,rodrigo-torres-0-eBnY2mBGU-unsplash.jpg
rohan-aggarwal-EShGwCZs3Nc-unsplash.jpg,nofire,unsplash,unsplash_rohan-aggarwal,test,train,5184,3456,rohan-aggarwal-EShGwCZs3Nc-unsplash.jpg
roman-skrypnyk-a0yQ53-7ldk-unsplash.jpg,nofire,unsplash,unsplash_roman-skrypnyk,test,train,2976,3968,roman-skrypnyk-a0yQ53-7ldk-unsplash.jpg
ross-sokolovski-cWu504_3z7A-unsplash.jpg,nofire,unsplash,unsplash_ross-sokolovski,train,train,3319,4978,ross-sokolovski-cWu504_3z7A-unsplash.jpg
rowan-lamb--qULnOJIl_k-unsplash.jpg,nofire,unsplash,unsplash_rowan-lamb,train,train,3000,4496,rowan-lamb--qULnOJIl_k-unsplash.jpg
roya-ann-miller-zv7OJh94sbA-unsplash.jpg,nofire,unsplash,unsplash_roya-ann,train,train,5760,3840,roya-ann-miller-zv7OJh94sbA-unsplash.jpg
ruben-marques-DUxJSaANcWs-unsplash.jpg,nofire,unsplash,unsplash_ruben-marques,train,train,5184,3888,ruben-marques-DUxJSaANcWs-unsplash.jpg
runde-imaging-bAN6fLT84qc-unsplash.jpg,nofire,unsplash,unsplash_runde-imaging,train,train,4502,3375,runde-imaging-bAN6fLT84qc-unsplash.jpg
ruslan-kaptsan-RJrm3zJhEZY-unsplash.jpg,nofire,unsplash,unsplash_ruslan-kaptsan,val,train,3456,5184,ruslan-kaptsan-RJrm3zJhEZY-unsplash.jpg
ryan-mcmahon-Dmp7MITnr0s-unsplash.jpg,nofire,unsplash,unsplash_ryan-mcmahon,train,train,6000,4000,ryan-mcmahon-Dmp7MITnr0s-unsplash.jpg
ryan-miller-4QC6kfE5Z8U-unsplash.jpg,nofire,unsplash,unsplash_ryan-miller,train,train,4000,2250,ryan-miller-4QC6kfE5Z8U-unsplash.jpg
ryan-searle-Amfd8M2nsSU-unsplash.jpg,nofire,unsplash,unsplash_ryan-searle,val,train,2992,3992,ryan-searle-Amfd8M2nsSU-unsplash.jpg
ryan-searle-H33dAQfsjZA-unsplash.jpg,nofire,unsplash,unsplash_ryan-searle,val,train,2242,3992,ryan-searle-H33dAQfsjZA-unsplash.jpg
ryo-yoshitake-fNNRU4j8c5E-unsplash.jpg,nofire,unsplash,unsplash_ryo-yoshitake,train,train,3992,2992,ryo-yoshitake-fNNRU4j8c5E-unsplash.jpg
ryo-yoshitake-g3fsgTvJAcM-unsplash.jpg,nofire,unsplash,unsplash_ryo-yoshitake,train,train,3992,2992,ryo-yoshitake-g3fsgTvJAcM-unsplash.jpg
sacre-bleu-L1Vyugn2jos-unsplash.jpg,nofire,unsplash,unsplash_sacre-bleu,test,train,4997,3331,sacre-bleu-L1Vyugn2jos-unsplash.jpg
sajad-baharvandi-8SP18l1KQMs-unsplash.jpg,nofire,unsplash,unsplash_sajad-baharvandi,train,train,2268,4032,sajad-baharvandi-8SP18l1KQMs-unsplash.jpg
sam-dawson-qvZiGuHb5po-unsplash.jpg,nofire,unsplash,unsplash_sam-dawson,train,train,6000,4000,sam-dawson-qvZiGuHb5po-unsplash.jpg
samantha-fortney-7vh2FfwdpDM-unsplash.jpg,nofire,unsplash,unsplash_samantha-fortney,test,train,5062,3375,samantha-fortney-7vh2FfwdpDM-unsplash.jpg
samantha-fortney-dmTHrpvW1T4-unsplash.jpg,nofire,unsplash,unsplash_samantha-fortney,test,train,5257,3505,samantha-fortney-dmTHrpvW1T4-unsplash.jpg
samuel-f-h7-lHXmZl4M-unsplash.jpg,nofire,unsplash,unsplash_samuel-f,train,train,5464,3640,samuel-f-h7-lHXmZl4M-unsplash.jpg
samuel-ferrara-dKJXkKCF2D8-unsplash.jpg,nofire,unsplash,unsplash_samuel-ferrara,train,train,2571,3840,samuel-ferrara-dKJXkKCF2D8-unsplash.jpg
samuel-scrimshaw-DMcI0cmYJYk-unsplash.jpg,nofire,unsplash,unsplash_samuel-scrimshaw,train,train,4979,3319,samuel-scrimshaw-DMcI0cmYJYk-unsplash.jpg
sander-weeteling-omNcHykDHp8-unsplash.jpg,nofire,unsplash,unsplash_sander-weeteling,train,train,3986,2987,sander-weeteling-omNcHykDHp8-unsplash.jpg
sante-capobianco-B_5P3v52MIc-unsplash.jpg,nofire,unsplash,unsplash_sante-capobianco,train,train,3506,4675,sante-capobianco-B_5P3v52MIc-unsplash.jpg
sante-capobianco-kcKJodlQSxg-unsplash.jpg,nofire,unsplash,unsplash_sante-capobianco,train,train,5333,4000,sante-capobianco-kcKJodlQSxg-unsplash.jpg
sean-foster-9rkn--gf0X4-unsplash.jpg,nofire,unsplash,unsplash_sean-foster,train,train,5184,3456,sean-foster-9rkn--gf0X4-unsplash.jpg
sean-foster-ZK6C4EziOFQ-unsplash.jpg,nofire,unsplash,unsplash_sean-foster,train,train,5184,3456,sean-foster-ZK6C4EziOFQ-unsplash.jpg
sean-pierce-YLYfwyPJl-o-unsplash.jpg,nofire,unsplash,unsplash_sean-pierce,train,train,5472,4902,sean-pierce-YLYfwyPJl-o-unsplash.jpg
sean-stratton-KzYeP16sQ6Q-unsplash.jpg,nofire,unsplash,unsplash_sean-stratton,train,train,5472,3648,sean-stratton-KzYeP16sQ6Q-unsplash.jpg
sean-stratton-rvVOTp6nyaM-unsplash.jpg,nofire,unsplash,unsplash_sean-stratton,train,train,5472,3648,sean-stratton-rvVOTp6nyaM-unsplash.jpg
sebastian-ruck-6j3Ykslbi9g-unsplash.jpg,nofire,unsplash,unsplash_sebastian-ruck,val,train,2425,3640,sebastian-ruck-6j3Ykslbi9g-unsplash.jpg
sekwang-chia-pJ87f72_xvs-unsplash.jpg,nofire,unsplash,unsplash_sekwang-chia,test,train,3581,5371,sekwang-chia-pJ87f72_xvs-unsplash.jpg
sergey-pesterev-i-P1lmY_e1w-unsplash.jpg,nofire,unsplash,unsplash_sergey-pesterev,train,train,4256,2848,sergey-pesterev-i-P1lmY_e1w-unsplash.jpg
shaah-shahidh-2M2N6RjUQao-unsplash.jpg,nofire,unsplash,unsplash_shaah-shahidh,test,train,4000,3000,shaah-shahidh-2M2N6RjUQao-unsplash.jpg
shai-pal-DQviXGWu-KA-unsplash.jpg,nofire,unsplash,unsplash_shai-pal,train,train,3992,2992,shai-pal-DQviXGWu-KA-unsplash.jpg
shayd-johnson-3SYi9YfTXdU-unsplash.jpg,nofire,unsplash,unsplash_shayd-johnson,train,train,6253,4169,shayd-johnson-3SYi9YfTXdU-unsplash.jpg
sheng-l-KC5x7jyd33U-unsplash.jpg,nofire,unsplash,unsplash_sheng-l,train,train,4480,6720,sheng-l-KC5x7jyd33U-unsplash.jpg
shep-mcallister-mKurBTV_5zY-unsplash.jpg,nofire,unsplash,unsplash_shep-mcallister,train,train,3375,2533,shep-mcallister-mKurBTV_5zY-unsplash.jpg
shifaaz-shamoon-6dRYK6FA3tw-unsplash.jpg,nofire,unsplash,unsplash_shifaaz-shamoon,train,train,2703,4811,shifaaz-shamoon-6dRYK6FA3tw-unsplash.jpg
shifaaz-shamoon-rNUa5AB_Ob0-unsplash.jpg,nofire,unsplash,unsplash_shifaaz-shamoon,train,train,3078,5472,shifaaz-shamoon-rNUa5AB_Ob0-unsplash.jpg
shikhar-gupta-pyTdFHnhSIg-unsplash.jpg,nofire,unsplash,unsplash_shikhar-gupta,train,train,6008,4008,shikhar-gupta-pyTdFHnhSIg-unsplash.jpg
shoaib-khan-kvZ6LZVvZiA-unsplash.jpg,nofire,unsplash,unsplash_shoaib-khan,train,train,4000,6000,shoaib-khan-kvZ6LZVvZiA-unsplash.jpg
siddhartha-gupta-quxPC6s5L1A-unsplash.jpg,nofire,unsplash,unsplash_siddhartha-gupta,train,train,3822,2470,siddhartha-gupta-quxPC6s5L1A-unsplash.jpg
silas-baisch-rf5R1qXwlDU-unsplash.jpg,nofire,unsplash,unsplash_silas-baisch,train,train,2992,3992,silas-baisch-rf5R1qXwlDU-unsplash.jpg
simone-daino-6bxvC6of7e4-unsplash.jpg,nofire,unsplash,unsplash_simone-daino,train,train,3869,2176,simone-daino-6bxvC6of7e4-unsplash.jpg
single-earth-FaMAJOWxSZc-unsplash.jpg,nofire,unsplash,unsplash_single-earth,train,train,6000,4000,single-earth-FaMAJOWxSZc-unsplash.jpg
single-earth-HlGxFlKx2nI-unsplash.jpg,nofire,unsplash,unsplash_single-earth,train,train,6000,4000,single-earth-HlGxFlKx2nI-unsplash.jpg
single-earth-TOfzXZ_QGx0-unsplash.jpg,nofire,unsplash,unsplash_single-earth,train,train,6000,4000,single-earth-TOfzXZ_QGx0-unsplash.jpg
single-earth-rb2nf2OjMPs-unsplash.jpg,nofire,unsplash,unsplash_single-earth,train,train,6000,4000,single-earth-rb2nf2OjMPs-unsplash.jpg
sirisvisual-WvitFypONbQ-unsplash.jpg,nofire,unsplash,unsplash_sirisvisual-WvitFypONbQ,train,train,2667,4000,sirisvisual-WvitFypONbQ-unsplash.jpg
slav-romanov-VrqyamatNyc-unsplash.jpg,nofire,unsplash,unsplash_slav-romanov,train,train,3024,4032,slav-romanov-VrqyamatNyc-unsplash.jpg
sonali-shinde-gr92j-seo_8-unsplash.jpg,nofire,unsplash,unsplash_sonali-shinde,train,train,4032,2740,sonali-shinde-gr92j-seo_8-unsplash.jpg
spencer-watson-5TBf16GnHKg-unsplash.jpg,nofire,unsplash,unsplash_spencer-watson,train,train,2500,1667,spencer-watson-5TBf16GnHKg-unsplash.jpg
spencer-watson-5iO8hDFua04-unsplash.jpg,nofire,unsplash,unsplash_spencer-watson,train,train,3000,2248,spencer-watson-5iO8hDFua04-unsplash.jpg
spencer-watson-dEOC8M_lmxI-unsplash.jpg,nofire,unsplash,unsplash_spencer-watson,train,train,2500,1874,spencer-watson-dEOC8M_lmxI-unsplash.jpg
spencer-watson-vzVGHfxZIZ8-unsplash.jpg,nofire,unsplash,unsplash_spencer-watson,train,train,2000,2500,spencer-watson-vzVGHfxZIZ8-unsplash.jpg
srinis-photography-Jcek_kXF3mA-unsplash.jpg,nofire,unsplash,unsplash_srinis-photography,val,train,4000,2250,srinis-photography-Jcek_kXF3mA-unsplash.jpg
staffan-kjellvestad-y1qOT82fd8k-unsplash.jpg,nofire,unsplash,unsplash_staffan-kjellvestad,val,train,1945,2917,staffan-kjellvestad-y1qOT82fd8k-unsplash.jpg
steije-hillewaert-H2Bje-fBHQ0-unsplash.jpg,nofire,unsplash,unsplash_steije-hillewaert,val,train,2342,3125,steije-hillewaert-H2Bje-fBHQ0-unsplash.jpg
steije-hillewaert-aSkYvXsSkwQ-unsplash.jpg,nofire,unsplash,unsplash_steije-hillewaert,val,train,2992,3992,steije-hillewaert-aSkYvXsSkwQ-unsplash.jpg
stephen-leonardi-MDmwQVgDHHM-unsplash.jpg,nofire,unsplash,unsplash_stephen-leonardi,test,train,2730,3412,stephen-leonardi-MDmwQVgDHHM-unsplash.jpg
stephen-leonardi-Y0pPGqqMMYk-unsplash.jpg,nofire,unsplash,unsplash_stephen-leonardi,test,train,6582,4259,stephen-leonardi-Y0pPGqqMMYk-unsplash.jpg
stephen-leonardi-i1bQLAjzRP4-unsplash.jpg,nofire,unsplash,unsplash_stephen-leonardi,test,train,4480,6720,stephen-leonardi-i1bQLAjzRP4-unsplash.jpg
stephen-leonardi-jmDz22mILEk-unsplash.jpg,nofire,unsplash,unsplash_stephen-leonardi,test,train,5489,3659,stephen-leonardi-jmDz22mILEk-unsplash.jpg
stian-vesterinen-yiRHSGZn-eM-unsplash.jpg,nofire,unsplash,unsplash_stian-vesterinen,test,train,3992,2242,stian-vesterinen-yiRHSGZn-eM-unsplash.jpg
sudarshan-bhat-jgLTHYKnd5Q-unsplash.jpg,nofire,unsplash,unsplash_sudarshan-bhat,test,train,6000,3375,sudarshan-bhat-jgLTHYKnd5Q-unsplash.jpg
syahirah-salleh-3A87yA3KteA-unsplash.jpg,nofire,unsplash,unsplash_syahirah-salleh,val,train,4208,2368,syahirah-salleh-3A87yA3KteA-unsplash.jpg
sylas-boesten-wNVB7JG6538-unsplash.jpg,nofire,unsplash,unsplash_sylas-boesten,val,train,3668,2060,sylas-boesten-wNVB7JG6538-unsplash.jpg
tadej-skofic-VWxiaKn-lVc-unsplash.jpg,nofire,unsplash,unsplash_tadej-skofic,train,train,5490,3613,tadej-skofic-VWxiaKn-lVc-unsplash.jpg
tamara-bitter-rEbBI6jbs3A-unsplash.jpg,nofire,unsplash,unsplash_tamara-bitter,val,train,4037,2266,tamara-bitter-rEbBI6jbs3A-unsplash.jpg
tandem-x-visuals-ebd1rqRbV40-unsplash.jpg,nofire,unsplash,unsplash_tandem-x,test,train,3610,5415,tandem-x-visuals-ebd1rqRbV40-unsplash.jpg
tandya-rachmat-Md9mpoTwoaM-unsplash.jpg,nofire,unsplash,unsplash_tandya-rachmat,train,train,5472,3648,tandya-rachmat-Md9mpoTwoaM-unsplash.jpg
tandya-rachmat-o0843wuFf70-unsplash.jpg,nofire,unsplash,unsplash_tandya-rachmat,train,train,5472,3648,tandya-rachmat-o0843wuFf70-unsplash.jpg
tandya-rachmat-wh32vzAZMHo-unsplash.jpg,nofire,unsplash,unsplash_tandya-rachmat,train,train,5472,3648,tandya-rachmat-wh32vzAZMHo-unsplash.jpg
taneli-lahtinen-FUoyHvCUpGY-unsplash.jpg,nofire,unsplash,unsplash_taneli-lahtinen,val,train,2763,3454,taneli-lahtinen-FUoyHvCUpGY-unsplash.jpg
taneli-lahtinen-RVL_gA9dz6o-unsplash.jpg,nofire,unsplash,unsplash_taneli-lahtinen,val,train,2865,3581,taneli-lahtinen-RVL_gA9dz6o-unsplash.jpg
taneli-lahtinen-bJiisZmEB2M-unsplash.jpg,nofire,unsplash,unsplash_taneli-lahtinen,val,train,2854,3567,taneli-lahtinen-bJiisZmEB2M-unsplash.jpg
tatyana-gavrilova-h1VeqL-PYOY-unsplash.jpg,nofire,unsplash,unsplash_tatyana-gavrilova,val,train,6000,4000,tatyana-gavrilova-h1VeqL-PYOY-unsplash.jpg
taylor-smith-tPsrzIQ0JVU-unsplash.jpg,nofire,unsplash,unsplash_taylor-smith,test,train,6000,4000,taylor-smith-tPsrzIQ0JVU-unsplash.jpg
thai-ch-hamelin-chokdidesign-av-04-Ke6Tw-unsplash.jpg,nofire,unsplash,unsplash_thai-ch,train,train,5616,3744,thai-ch-hamelin-chokdidesign-av-04-Ke6Tw-unsplash.jpg
thom-milkovic--PCMaECGDa4-unsplash.jpg,nofire,unsplash,unsplash_thom-milkovic,train,train,4000,2669,thom-milkovic--PCMaECGDa4-unsplash.jpg
thomas-bennie-16fPlBo_UFY-unsplash.jpg,nofire,unsplash,unsplash_thomas-bennie,val,train,6000,3067,thomas-bennie-16fPlBo_UFY-unsplash.jpg
thomas-bennie-CsNq7W6mCU0-unsplash.jpg,nofire,unsplash,unsplash_thomas-bennie,val,train,1899,3376,thomas-bennie-CsNq7W6mCU0-unsplash.jpg
thomas-bjornstad-BXHqHSAojss-unsplash.jpg,nofire,unsplash,unsplash_thomas-bjornstad,test,train,3363,2242,thomas-bjornstad-BXHqHSAojss-unsplash.jpg
thomas-ciszewski-z4rqGnlvqKA-unsplash.jpg,nofire,unsplash,unsplash_thomas-ciszewski,train,train,2880,1620,thomas-ciszewski-z4rqGnlvqKA-unsplash.jpg
thomas-griesbeck-4ShVLvMYyZM-unsplash.jpg,nofire,unsplash,unsplash_thomas-griesbeck,train,train,3936,2624,thomas-griesbeck-4ShVLvMYyZM-unsplash.jpg
thomas-griesbeck-BS-Uxe8wU5Y-unsplash.jpg,nofire,unsplash,unsplash_thomas-griesbeck,train,train,3936,2624,thomas-griesbeck-BS-Uxe8wU5Y-unsplash.jpg
thomas-griesbeck-D76hmAzApkM-unsplash.jpg,nofire,unsplash,unsplash_thomas-griesbeck,train,train,6016,4016,thomas-griesbeck-D76hmAzApkM-unsplash.jpg
thomas-haas-BFyhlZYMd0Y-unsplash.jpg,nofire,unsplash,unsplash_thomas-haas,test,train,5184,3888,thomas-haas-BFyhlZYMd0Y-unsplash.jpg
thor-schroeder-AfvHfK_LBAc-unsplash.jpg,nofire,unsplash,unsplash_thor-schroeder,train,train,3720,2090,thor-schroeder-AfvHfK_LBAc-unsplash.jpg
tim-bernhard-3MDoLdXplac-unsplash.jpg,nofire,unsplash,unsplash_tim-bernhard,train,train,6000,4000,tim-bernhard-3MDoLdXplac-unsplash.jpg
timon-studler-Y9BLAs3qCOU-unsplash.jpg,nofire,unsplash,unsplash_timon-studler,train,train,5760,3840,timon-studler-Y9BLAs3qCOU-unsplash.jpg
timothy-l-brock-UQiBY1yu8U0-unsplash.jpg,nofire,unsplash,unsplash_timothy-l,test,train,3122,1752,timothy-l-brock-UQiBY1yu8U0-unsplash.jpg
toa-heftiba-ujPOme_7e5s-unsplash.jpg,nofire,unsplash,unsplash_toa-heftiba,test,train,4000,2250,toa-heftiba-ujPOme_7e5s-unsplash.jpg
tobias-reich-9Q2lhZICqaw-unsplash.jpg,nofire,unsplash,unsplash_tobias-reich,train,train,3014,4018,tobias-reich-9Q2lhZICqaw-unsplash.jpg
tobias-reich-HB9L970JfDE-unsplash.jpg,nofire,unsplash,unsplash_tobias-reich,train,train,2955,3940,tobias-reich-HB9L970JfDE-unsplash.jpg
tobias-tullius-PXXtq6bp6cs-unsplash.jpg,nofire,unsplash,unsplash_tobias-tullius,test,train,3008,2000,tobias-tullius-PXXtq6bp6cs-unsplash.jpg
tolga-ahmetler-hrQQhBa0uJ8-unsplash.jpg,nofire,unsplash,unsplash_tolga-ahmetler,train,train,3083,4625,tolga-ahmetler-hrQQhBa0uJ8-unsplash.jpg
tom-parsons-F5qVefeCrp8-unsplash.jpg,nofire,unsplash,unsplash_tom-parsons,train,train,2992,3992,tom-parsons-F5qVefeCrp8-unsplash.jpg
tomas-trajan--Ej9dr1mYjI-unsplash.jpg,nofire,unsplash,unsplash_tomas-trajan,train,train,3240,2160,tomas-trajan--Ej9dr1mYjI-unsplash.jpg
tomasz-smal-pXtGzUhnU8s-unsplash.jpg,nofire,unsplash,unsplash_tomasz-smal,test,train,7888,5916,tomasz-smal-pXtGzUhnU8s-unsplash.jpg
tomasz-smal-pkbT-xAbUSE-unsplash.jpg,nofire,unsplash,unsplash_tomasz-smal,test,train,7888,5916,tomasz-smal-pkbT-xAbUSE-unsplash.jpg
tony-phan-asr62h5w66w-unsplash.jpg,nofire,unsplash,unsplash_tony-phan,train,train,4000,6000,tony-phan-asr62h5w66w-unsplash.jpg
tony-reid-UMJUr3st0AE-unsplash.jpg,nofire,unsplash,unsplash_tony-reid,train,train,5767,3813,tony-reid-UMJUr3st0AE-unsplash.jpg
tristan-b-1g4shmgyGaE-unsplash.jpg,nofire,unsplash,unsplash_tristan-b,train,train,3456,5184,tristan-b-1g4shmgyGaE-unsplash.jpg
tristan-b-xVpKodkAZ1c-unsplash.jpg,nofire,unsplash,unsplash_tristan-b,train,train,5184,3456,tristan-b-xVpKodkAZ1c-unsplash.jpg
tyler-lastovich-DMJUIGRO_1M-unsplash.jpg,nofire,unsplash,unsplash_tyler-lastovich,train,train,3999,2619,tyler-lastovich-DMJUIGRO_1M-unsplash.jpg
tyssul-patel-o-zOatT4kQw-unsplash.jpg,nofire,unsplash,unsplash_tyssul-patel,train,train,4896,3264,tyssul-patel-o-zOatT4kQw-unsplash.jpg
umit-yildirim-piBHdSSQX9U-unsplash.jpg,nofire,unsplash,unsplash_umit-yildirim,train,train,3547,1992,umit-yildirim-piBHdSSQX9U-unsplash.jpg
urip-dunker-GPtSep_xvYw-unsplash.jpg,nofire,unsplash,unsplash_urip-dunker,test,train,2992,2992,urip-dunker-GPtSep_xvYw-unsplash.jpg
vadim-sherbakov-NQSWvyVRIJk-unsplash.jpg,nofire,unsplash,unsplash_vadim-sherbakov,test,train,5472,3648,vadim-sherbakov-NQSWvyVRIJk-unsplash.jpg
vangelis-batsikostas-BETurN_ZZPs-unsplash.jpg,nofire,unsplash,unsplash_vangelis-batsikostas,train,train,4896,3264,vangelis-batsikostas-BETurN_ZZPs-unsplash.jpg
vasanth-SvLiRk1wE2s-unsplash.jpg,nofire,unsplash,unsplash_vasanth-SvLiRk1wE2s,train,train,2536,3030,vasanth-SvLiRk1wE2s-unsplash.jpg
venti-views-NliTYm_jD5o-unsplash.jpg,nofire,unsplash,unsplash_venti-views,val,train,3076,5470,venti-views-NliTYm_jD5o-unsplash.jpg
vickry-alvian-ILddwdiE8OY-unsplash.jpg,nofire,unsplash,unsplash_vickry-alvian,test,train,4000,2250,vickry-alvian-ILddwdiE8OY-unsplash.jpg
victor-ene-LvfWrSf5U0k-unsplash.jpg,nofire,unsplash,unsplash_victor-ene,val,train,2026,3601,victor-ene-LvfWrSf5U0k-unsplash.jpg
vincent-battault-0xwsbC_l6SY-unsplash.jpg,nofire,unsplash,unsplash_vincent-battault,train,train,4096,2719,vincent-battault-0xwsbC_l6SY-unsplash.jpg
vincentiu-solomon-fYtSWs7LQuQ-unsplash.jpg,nofire,unsplash,unsplash_vincentiu-solomon,val,train,7971,5064,vincentiu-solomon-fYtSWs7LQuQ-unsplash.jpg
vitaly-sacred-00twZ5qj4GM-unsplash.jpg,nofire,unsplash,unsplash_vitaly-sacred,val,train,3820,5093,vitaly-sacred-00twZ5qj4GM-unsplash.jpg
vitaly-sacred-giho2M2QXQQ-unsplash.jpg,nofire,unsplash,unsplash_vitaly-sacred,val,train,3869,5159,vitaly-sacred-giho2M2QXQQ-unsplash.jpg
vivek-kumar-JKbyACnTvuE-unsplash.jpg,nofire,unsplash,unsplash_vivek-kumar,test,train,5098,3399,vivek-kumar-JKbyACnTvuE-unsplash.jpg
vlad-hilitanu-QqSIuvz94s8-unsplash.jpg,nofire,unsplash,unsplash_vlad-hilitanu,train,train,3875,2167,vlad-hilitanu-QqSIuvz94s8-unsplash.jpg
vlad-hilitanu-pt7QzB4ZLWw-unsplash.jpg,nofire,unsplash,unsplash_vlad-hilitanu,train,train,4000,2250,vlad-hilitanu-pt7QzB4ZLWw-unsplash.jpg
vlad-hilitanu-xXpPNxoPTvI-unsplash.jpg,nofire,unsplash,unsplash_vlad-hilitanu,train,train,3925,2171,vlad-hilitanu-xXpPNxoPTvI-unsplash.jpg
vladimir-fedotov-aVUd4De7Ios-unsplash.jpg,nofire,unsplash,unsplash_vladimir-fedotov,train,train,4016,6016,vladimir-fedotov-aVUd4De7Ios-unsplash.jpg
vladimir-nordmann-g-t4ZsOPDEk-unsplash.jpg,nofire,unsplash,unsplash_vladimir-nordmann,test,train,4000,3000,vladimir-nordmann-g-t4ZsOPDEk-unsplash.jpg
vruyr-martirosyan-MmO1AuKAk3c-unsplash.jpg,nofire,unsplash,unsplash_vruyr-martirosyan,train,train,3727,5590,vruyr-martirosyan-MmO1AuKAk3c-unsplash.jpg
vyacheslav-shatskiy-xTYsGKFPzxQ-unsplash.jpg,nofire,unsplash,unsplash_vyacheslav-shatskiy,val,train,3689,2767,vyacheslav-shatskiy-xTYsGKFPzxQ-unsplash.jpg
wes-hicks-G2W_8eagxNQ-unsplash.jpg,nofire,unsplash,unsplash_wes-hicks,train,train,4480,5600,wes-hicks-G2W_8eagxNQ-unsplash.jpg
wes-hicks-yzQonz7oSUI-unsplash.jpg,nofire,unsplash,unsplash_wes-hicks,train,train,6720,4480,wes-hicks-yzQonz7oSUI-unsplash.jpg
white-rainforest-lq_q5zABCaQ-unsplash.jpg,nofire,unsplash,unsplash_white-rainforest,train,train,7929,5289,white-rainforest-lq_q5zABCaQ-unsplash.jpg
whosaynow--YY2h-Wjv-0-unsplash.jpg,nofire,unsplash,unsplash_whosaynow-,train,train,2605,4630,whosaynow--YY2h-Wjv-0-unsplash.jpg
will-suddreth-mAgKLzhKIqs-unsplash.jpg,nofire,unsplash,unsplash_will-suddreth,train,train,3992,2992,will-suddreth-mAgKLzhKIqs-unsplash.jpg
will-swann-3VdXaG9lvqc-unsplash.jpg,nofire,unsplash,unsplash_will-swann,train,train,4000,6000,will-swann-3VdXaG9lvqc-unsplash.jpg
will-swann-Ajx7k476oW4-unsplash.jpg,nofire,unsplash,unsplash_will-swann,train,train,6000,4000,will-swann-Ajx7k476oW4-unsplash.jpg
will-swann-IyVfWEsb51E-unsplash.jpg,nofire,unsplash,unsplash_will-swann,train,train,6000,4000,will-swann-IyVfWEsb51E-unsplash.jpg
will-swann-feqjO8SWB6Y-unsplash.jpg,nofire,unsplash,unsplash_will-swann,train,train,3587,5380,will-swann-feqjO8SWB6Y-unsplash.jpg
william-topa-tIC1KjXpa58-unsplash.jpg,nofire,unsplash,unsplash_william-topa,val,train,2213,3102,william-topa-tIC1KjXpa58-unsplash.jpg
willian-justen-de-vasconcellos-2UJDfClMpiA-unsplash.jpg,nofire,unsplash,unsplash_willian-justen,train,train,3992,2992,willian-justen-de-vasconcellos-2UJDfClMpiA-unsplash.jpg
willian-justen-de-vasconcellos-S8fNXJimqdU-unsplash.jpg,nofire,unsplash,unsplash_willian-justen,train,train,3992,2584,willian-justen-de-vasconcellos-S8fNXJimqdU-unsplash.jpg
wilson-chen-NCpD5mHUVv8-unsplash.jpg,nofire,unsplash,unsplash_wilson-chen,test,train,3419,4274,wilson-chen-NCpD5mHUVv8-unsplash.jpg
wolfgang-hasselmann-4CTVmBy0Lxc-unsplash.jpg,nofire,unsplash,unsplash_wolfgang-hasselmann,val,train,6000,4000,wolfgang-hasselmann-4CTVmBy0Lxc-unsplash.jpg
wolfgang-hasselmann-RSyKP8_cDAQ-unsplash.jpg,nofire,unsplash,unsplash_wolfgang-hasselmann,val,train,4000,6000,wolfgang-hasselmann-RSyKP8_cDAQ-unsplash.jpg
wolfgang-hasselmann-S0XT-3Wuzj8-unsplash.jpg,nofire,unsplash,unsplash_wolfgang-hasselmann,val,train,5749,3832,wolfgang-hasselmann-S0XT-3Wuzj8-unsplash.jpg
wolfgang-hasselmann-brmewoW0OcU-unsplash.jpg,nofire,unsplash,unsplash_wolfgang-hasselmann,val,train,6982,4655,wolfgang-hasselmann-brmewoW0OcU-unsplash.jpg
wynand-uys-eexqLhY2vtE-unsplash.jpg,nofire,unsplash,unsplash_wynand-uys,test,train,4961,3508,wynand-uys-eexqLhY2vtE-unsplash.jpg
yang-song-5yuDv0hVlBk-unsplash.jpg,nofire,unsplash,unsplash_yang-song,val,train,5472,3648,yang-song-5yuDv0hVlBk-unsplash.jpg
yang-song-8zZCbPprSMk-unsplash.jpg,nofire,unsplash,unsplash_yang-song,val,train,5472,3648,yang-song-8zZCbPprSMk-unsplash.jpg
yang-song-QfoS3mD5wDw-unsplash.jpg,nofire,unsplash,unsplash_yang-song,val,train,5472,3648,yang-song-QfoS3mD5wDw-unsplash.jpg
yang-song-Z2h_-PL8Rr0-unsplash.jpg,nofire,unsplash,unsplash_yang-song,val,train,5472,3648,yang-song-Z2h_-PL8Rr0-unsplash.jpg
yang-song-ol6AnELgDy0-unsplash.jpg,nofire,unsplash,unsplash_yang-song,val,train,5472,3648,yang-song-ol6AnELgDy0-unsplash.jpg
yann-allegre-8EZPQcyDKUA-unsplash.jpg,nofire,unsplash,unsplash_yann-allegre,test,train,3970,5955,yann-allegre-8EZPQcyDKUA-unsplash.jpg
yann-allegre-96moO4t_E1Y-unsplash.jpg,nofire,unsplash,unsplash_yann-allegre,test,train,5946,3964,yann-allegre-96moO4t_E1Y-unsplash.jpg
yann-allegre-szKi9UH_RGI-unsplash.jpg,nofire,unsplash,unsplash_yann-allegre,test,train,4112,5916,yann-allegre-szKi9UH_RGI-unsplash.jpg
yannes-kiefer-tUigI-EE8_s-unsplash.jpg,nofire,unsplash,unsplash_yannes-kiefer,train,train,4182,2788,yannes-kiefer-tUigI-EE8_s-unsplash.jpg
yannick-pulver-5i664o1oY4c-unsplash.jpg,nofire,unsplash,unsplash_yannick-pulver,val,train,4749,3166,yannick-pulver-5i664o1oY4c-unsplash.jpg
yannik-zimmermann-YbRlJPaa3xA-unsplash.jpg,nofire,unsplash,unsplash_yannik-zimmermann,train,train,3992,2246,yannik-zimmermann-YbRlJPaa3xA-unsplash.jpg
yasmine-arfaoui-lxpnFyKaNg4-unsplash.jpg,nofire,unsplash,unsplash_yasmine-arfaoui,train,train,4496,3000,yasmine-arfaoui-lxpnFyKaNg4-unsplash.jpg
yasmine-arfaoui-uTnPkp3TJos-unsplash.jpg,nofire,unsplash,unsplash_yasmine-arfaoui,train,train,4496,3000,yasmine-arfaoui-uTnPkp3TJos-unsplash.jpg
yi-liu-p1oArzgeKm0-unsplash.jpg,nofire,unsplash,unsplash_yi-liu,test,train,5472,3078,yi-liu-p1oArzgeKm0-unsplash.jpg
yin-yin-low-mn_-rlTJc7w-unsplash.jpg,nofire,unsplash,unsplash_yin-yin,train,train,4000,6000,yin-yin-low-mn_-rlTJc7w-unsplash.jpg
yuriy-kleymenov-8FWXLFfmsv8-unsplash.jpg,nofire,unsplash,unsplash_yuriy-kleymenov,train,train,3561,2384,yuriy-kleymenov-8FWXLFfmsv8-unsplash.jpg
zac-edmonds-hKUGBLsdpI8-unsplash.jpg,nofire,unsplash,unsplash_zac-edmonds,val,train,3926,2941,zac-edmonds-hKUGBLsdpI8-unsplash.jpg
zach-camp-UYPqvCvyTNM-unsplash.jpg,nofire,unsplash,unsplash_zach-camp,train,train,4480,6720,zach-camp-UYPqvCvyTNM-unsplash.jpg
zach-lezniewicz-BKun7g77_QI-unsplash.jpg,nofire,unsplash,unsplash_zach-lezniewicz,val,train,2592,3888,zach-lezniewicz-BKun7g77_QI-unsplash.jpg
zach-taiji-hfKuW9ql9HM-unsplash.jpg,nofire,unsplash,unsplash_zach-taiji,train,train,4358,2883,zach-taiji-hfKuW9ql9HM-unsplash.jpg
zetong-li-8DILjg7UIME-unsplash.jpg,nofire,unsplash,unsplash_zetong-li,train,train,4024,5365,zetong-li-8DILjg7UIME-unsplash.jpg
zetong-li-dLHPiKrkw1Q-unsplash.jpg,nofire,unsplash,unsplash_zetong-li,train,train,6048,4024,zetong-li-dLHPiKrkw1Q-unsplash.jpg
zetong-li-eDFJt7M-1Ww-unsplash.jpg,nofire,unsplash,unsplash_zetong-li,train,train,5456,8200,zetong-li-eDFJt7M-1Ww-unsplash.jpg
zetong-li-o0aRmm57u6s-unsplash.jpg,nofire,unsplash,unsplash_zetong-li,train,train,6048,4024,zetong-li-o0aRmm57u6s-unsplash.jpg
zhidong-cao-HNh1W_GDruA-unsplash.jpg,nofire,unsplash,unsplash_zhidong-cao,train,train,4032,3024,zhidong-cao-HNh1W_GDruA-unsplash.jpg
zhihao-ge-xyzLxDG5elM-unsplash.jpg,nofire,unsplash,unsplash_zhihao-ge,train,train,4000,6000,zhihao-ge-xyzLxDG5elM-unsplash.jpg
zhuo-zhang-syzAO3dxJnA-unsplash.jpg,nofire,unsplash,unsplash_zhuo-zhang,test,train,6000,4000,zhuo-zhang-syzAO3dxJnA-unsplash.jpg
18763523793_d0339aed90_o.jpg,fire,flickr,flickr_s21,train,val,5184,3456,18763523793_d0339aed90_o.jpg
20680295374_7af01a40b6_o.jpg,fire,flickr,flickr_s29,train,val,4128,2322,20680295374_7af01a40b6_o.jpg
21195748828_52755e4eb7_o.jpg,fire,flickr,flickr_s38,val,val,5683,3789,21195748828_52755e4eb7_o.jpg
23850021011_1c39edaffb_o.jpg,fire,flickr,flickr_s58,train,val,2000,1333,23850021011_1c39edaffb_o.jpg
26131738158_9595576836_o.jpg,fire,flickr,flickr_s75,train,val,3200,2031,26131738158_9595576836_o.jpg
27357310139_1aa286af73_o.jpg,fire,flickr,flickr_s84,train,val,5472,3648,27357310139_1aa286af73_o.jpg
27951228333_d195406d98_o.jpg,fire,flickr,flickr_s90,test,val,739,1101,27951228333_d195406d98_o.jpg
27951228903_df9a031148_o.jpg,fire,flickr,flickr_s90,test,val,4752,3168,27951228903_df9a031148_o.jpg
27968020276_915a11d5ef_o.jpg,fire,flickr,flickr_s91,val,val,1008,672,27968020276_915a11d5ef_o.jpg
28244826524_f2f1909211_o.jpg,fire,flickr,flickr_s96,test,val,3264,1836,28244826524_f2f1909211_o.jpg
28431975097_210058802f_o.jpg,fire,flickr,flickr_s99,train,val,3648,5472,28431975097_210058802f_o.jpg
28650836400_8fd7854e19_o.jpg,fire,flickr,flickr_s106,train,val,1080,741,28650836400_8fd7854e19_o.jpg
28771750323_d002dec112_o.jpg,fire,flickr,flickr_s111,test,val,19699,3161,28771750323_d002dec112_o.jpg
28786223031_f480e91d11_o.jpg,fire,flickr,flickr_s112,train,val,3264,1836,28786223031_f480e91d11_o.jpg
28869050520_4f6649de0a_o.jpg,fire,flickr,flickr_s119,train,val,3000,2250,28869050520_4f6649de0a_o.jpg
29045955545_4cbe9bf50d_o.jpg,fire,flickr,flickr_s125,train,val,5482,2372,29045955545_4cbe9bf50d_o.jpg
29082529537_76a8cbfeb9_o.jpg,fire,flickr,flickr_s131,train,val,6720,4480,29082529537_76a8cbfeb9_o.jpg
29123278686_3794e7918b_o.jpg,fire,flickr,flickr_s132,val,val,3264,2448,29123278686_3794e7918b_o.jpg
29156511585_e3cd72c63a_o.jpg,fire,flickr,flickr_s134,test,val,720,1080,29156511585_e3cd72c63a_o.jpg
29484713852_668e6a6068_o.jpg,fire,flickr,flickr_s145,train,val,5760,3840,29484713852_668e6a6068_o.jpg
29594596895_8d542ee28d_o.jpg,fire,flickr,flickr_s146,val,val,5342,3561,29594596895_8d542ee28d_o.jpg
29738311161_c22e3fd128_o.jpg,fire,flickr,flickr_s147,train,val,3264,2448,29738311161_c22e3fd128_o.jpg
30146884408_10b26512a0_o.jpg,fire,flickr,flickr_s153,train,val,4160,6240,30146884408_10b26512a0_o.jpg
32923777403_47a764ebc4_o.jpg,fire,flickr,flickr_s168,train,val,4272,2848,32923777403_47a764ebc4_o.jpg
33154271822_acbe8476ac_o.jpg,fire,flickr,flickr_s176,val,val,480,640,33154271822_acbe8476ac_o.jpg
33607854041_a4e27ee5e2_o.jpg,fire,flickr,flickr_s182,val,val,4272,2848,33607854041_a4e27ee5e2_o.jpg
33737011085_d882834aec_o.jpg,fire,flickr,flickr_s184,train,val,4272,2848,33737011085_d882834aec_o.jpg
33829424831_730239b215_o.jpg,fire,flickr,flickr_s185,test,val,720,400,33829424831_730239b215_o.jpg
34025004042_0c4322144d_o.jpg,fire,flickr,flickr_s187,val,val,3024,4032,34025004042_0c4322144d_o.jpg
34182403045_1f2d6e969e_o.jpg,fire,flickr,flickr_s190,test,val,2660,1133,34182403045_1f2d6e969e_o.jpg
34182403805_077d30ccce_o.jpg,fire,flickr,flickr_s190,test,val,1196,1595,34182403805_077d30ccce_o.jpg
34549848670_edabcdedc0_o.jpg,fire,flickr,flickr_s192,train,val,4032,3024,34549848670_edabcdedc0_o.jpg
34791620602_755b61ce4e_o.jpg,fire,flickr,flickr_s198,train,val,2048,1536,34791620602_755b61ce4e_o.jpg
34988213313_a37f44c515_o.jpg,fire,flickr,flickr_s207,val,val,640,480,34988213313_a37f44c515_o.jpg
35531866243_e850450442_o.jpg,fire,flickr,flickr_s216,val,val,5360,3584,35531866243_e850450442_o.jpg
35531876743_9c1021daa1_o.jpg,fire,flickr,flickr_s216,val,val,5364,3580,35531876743_9c1021daa1_o.jpg
35531877963_e66be9d474_o.jpg,fire,flickr,flickr_s216,val,val,5360,3588,35531877963_e66be9d474_o.jpg
35531883543_92244425d5_o.jpg,fire,flickr,flickr_s216,val,val,5352,3572,35531883543_92244425d5_o.jpg
35758154266_3dd36daefb_o.jpg,fire,flickr,flickr_s228,train,val,4000,3000,35758154266_3dd36daefb_o.jpg
35799377385_0047a735f9_o.jpg,fire,flickr,flickr_s231,train,val,640,480,35799377385_0047a735f9_o.jpg
35943844810_b5cec4fa84_o.jpg,fire,flickr,flickr_s235,train,val,5364,3584,35943844810_b5cec4fa84_o.jpg
35944034580_05a1fdde39_o.jpg,fire,flickr,flickr_s236,train,val,5364,3584,35944034580_05a1fdde39_o.jpg
36171931372_8f5deb26bb_o.jpg,fire,flickr,flickr_s238,test,val,5352,3580,36171931372_8f5deb26bb_o.jpg
36171953672_0761109838_o.jpg,fire,flickr,flickr_s238,test,val,5360,3584,36171953672_0761109838_o.jpg
36204006131_b30b633537_o.jpg,fire,flickr,flickr_s240,train,val,5360,3588,36204006131_b30b633537_o.jpg
36204018321_613b22ee38_o.jpg,fire,flickr,flickr_s240,train,val,5360,3584,36204018321_613b22ee38_o.jpg
36296149066_8c2669234e_o.jpg,fire,flickr,flickr_s244,train,val,3584,5360,36296149066_8c2669234e_o.jpg
36340632405_e86618c319_o.jpg,fire,flickr,flickr_s247,train,val,5360,3588,36340632405_e86618c319_o.jpg
36340902915_e6f70366c0_o.jpg,fire,flickr,flickr_s248,test,val,5340,3568,36340902915_e6f70366c0_o.jpg
36702521473_7dcc998a5b_o.jpg,fire,flickr,flickr_s262,train,val,620,465,36702521473_7dcc998a5b_o.jpg
36702523023_6014851db0_o.jpg,fire,flickr,flickr_s262,train,val,1289,1078,36702523023_6014851db0_o.jpg
36870207113_dcafb4635e_o.jpg,fire,flickr,flickr_s266,train,val,6000,3828,36870207113_dcafb4635e_o.jpg
37116028300_a31f3f47b9_o.jpg,fire,flickr,flickr_s270,test,val,2048,1536,37116028300_a31f3f47b9_o.jpg
37239486210_bd95da0d3a_o.jpg,fire,flickr,flickr_s272,train,val,2250,3000,37239486210_bd95da0d3a_o.jpg
37342493112_344558db60_o.jpg,fire,flickr,flickr_s275,val,val,3264,2448,37342493112_344558db60_o.jpg
37372307341_5be19a7d42_o.jpg,fire,flickr,flickr_s277,train,val,3264,2448,37372307341_5be19a7d42_o.jpg
40001728314_0c311f5452_o.jpg,fire,flickr,flickr_s292,train,val,2048,1536,40001728314_0c311f5452_o.jpg
40960262965_6cb26d3f45_o.jpg,fire,flickr,flickr_s298,train,val,6016,4000,40960262965_6cb26d3f45_o.jpg
41491612300_aa77063421_o.jpg,fire,flickr,flickr_s302,train,val,3648,5472,41491612300_aa77063421_o.jpg
42499573694_502b93b6b1_o.jpg,fire,flickr,flickr_s319,train,val,652,367,42499573694_502b93b6b1_o.jpg
42501440020_3902ae82f3_o.jpg,fire,flickr,flickr_s320,train,val,6699,4466,42501440020_3902ae82f3_o.jpg
43251226872_38a5ef9ddc_o.jpg,fire,flickr,flickr_s336,train,val,5184,3456,43251226872_38a5ef9ddc_o.jpg
43251641422_2302157036_o.jpg,fire,flickr,flickr_s337,train,val,5472,3648,43251641422_2302157036_o.jpg
44019993861_da947700c1_o.jpg,fire,flickr,flickr_s349,test,val,4390,6585,44019993861_da947700c1_o.jpg
44157780801_75cfd1055d_o.jpg,fire,flickr,flickr_s351,train,val,4240,2832,44157780801_75cfd1055d_o.jpg
44629828412_0857dfe2f3_o.jpg,fire,flickr,flickr_s352,val,val,6240,4160,44629828412_0857dfe2f3_o.jpg
44918084214_6d2dbae389_o.jpg,fire,flickr,flickr_s357,test,val,6000,3376,44918084214_6d2dbae389_o.jpg
45016005432_b404433887_o.jpg,fire,flickr,flickr_s358,train,val,2048,1536,45016005432_b404433887_o.jpg
45059105205_40a0bcda37_o.jpg,fire,flickr,flickr_s359,train,val,4718,3145,45059105205_40a0bcda37_o.jpg
45923178512_84cdc058d5_o.jpg,fire,flickr,flickr_s367,train,val,5322,3554,45923178512_84cdc058d5_o.jpg
46038334295_6b53b5198e_o.jpg,fire,flickr,flickr_s369,train,val,4160,6240,46038334295_6b53b5198e_o.jpg
48531300051_f51458c359_o.jpg,fire,flickr,flickr_s375,test,val,4272,2848,48531300051_f51458c359_o.jpg
49895176857_7a63e63e0c_o.jpg,fire,flickr,flickr_s390,train,val,6310,3904,49895176857_7a63e63e0c_o.jpg
50163832927_930c00e6f3_o.jpg,fire,flickr,flickr_s394,train,val,3225,2419,50163832927_930c00e6f3_o.jpg
50185290946_b31b086262_o.jpg,fire,flickr,flickr_s398,train,val,2048,1367,50185290946_b31b086262_o.jpg
50230071932_71e567c7de_o.jpg,fire,flickr,flickr_s403,train,val,2500,3248,50230071932_71e567c7de_o.jpg
50240969486_68848f66e4_o.jpg,fire,flickr,flickr_s409,train,val,1616,1080,50240969486_68848f66e4_o.jpg
50246462557_3f08d50cfd_o.jpg,fire,flickr,flickr_s414,test,val,4032,3024,50246462557_3f08d50cfd_o.jpg
50275567657_d37d058420_o.jpg,fire,flickr,flickr_s415,val,val,4032,3024,50275567657_d37d058420_o.jpg
50295006206_a6250175c7_o.jpg,fire,flickr,flickr_s418,train,val,6000,4000,50295006206_a6250175c7_o.jpg
50295162522_e4539874a4_o.jpg,fire,flickr,flickr_s419,test,val,6000,4000,50295162522_e4539874a4_o.jpg
50320255108_cb3c32f87c_o.jpg,fire,flickr,flickr_s423,test,val,6077,4051,50320255108_cb3c32f87c_o.jpg
50323627386_af76996942_o.jpg,fire,flickr,flickr_s427,train,val,1200,900,50323627386_af76996942_o.jpg
50323805432_46208bd7a1_o.jpg,fire,flickr,flickr_s428,train,val,3264,2448,50323805432_46208bd7a1_o.jpg
50379891208_380548b16f_o.jpg,fire,flickr,flickr_s433,train,val,4032,2268,50379891208_380548b16f_o.jpg
50380768992_7f5ef90a0c_o.jpg,fire,flickr,flickr_s435,test,val,4032,2268,50380768992_7f5ef90a0c_o.jpg
50380847122_63f8f557d4_o.jpg,fire,flickr,flickr_s435,test,val,480,360,50380847122_63f8f557d4_o.jpg
50408551433_4d1b52293d_o.jpg,fire,flickr,flickr_s437,val,val,2016,954,50408551433_4d1b52293d_o.jpg
50747827342_6e6ccbcda6_o.jpg,fire,flickr,flickr_s453,train,val,4032,3024,50747827342_6e6ccbcda6_o.jpg
51192742966_2479c412ab_o.jpg,fire,flickr,flickr_s460,test,val,8256,5504,51192742966_2479c412ab_o.jpg
51192954143_69e5e8f03f_o.jpg,fire,flickr,flickr_s461,train,val,8256,5504,51192954143_69e5e8f03f_o.jpg
51235316715_548a38edb1_o.jpg,fire,flickr,flickr_s472,train,val,3494,3013,51235316715_548a38edb1_o.jpg
51353452644_edfda661c6_o.jpg,fire,flickr,flickr_s493,train,val,720,960,51353452644_edfda661c6_o.jpg
51685361523_6215c6cded_o.jpg,fire,flickr,flickr_s505,train,val,4608,2592,51685361523_6215c6cded_o.jpg
51685794509_88fb89007a_o.jpg,fire,flickr,flickr_s506,train,val,2100,1350,51685794509_88fb89007a_o.jpg
51785682356_915e39aa55_o.jpg,fire,flickr,flickr_s511,train,val,6000,4000,51785682356_915e39aa55_o.jpg
51786302099_fd798c493c_o.jpg,fire,flickr,flickr_s513,train,val,4032,3024,51786302099_fd798c493c_o.jpg
51882466649_9e4967621c_o.jpg,fire,flickr,flickr_s520,train,val,5184,3456,51882466649_9e4967621c_o.jpg
52000864706_bc5eca4fb3_o.jpg,fire,flickr,flickr_s522,train,val,1000,667,52000864706_bc5eca4fb3_o.jpg
52020776860_b4a4b0341e_o.jpg,fire,flickr,flickr_s527,test,val,800,600,52020776860_b4a4b0341e_o.jpg
52021778036_4bfdc751da_o.jpg,fire,flickr,flickr_s528,test,val,2048,1536,52021778036_4bfdc751da_o.jpg
52214758010_97f080bc0c_o.png,fire,flickr,flickr_s543,val,val,853,925,52214758010_97f080bc0c_o.jpg
52229215461_34c48da734_o.jpg,fire,flickr,flickr_s549,val,val,622,280,52229215461_34c48da734_o.jpg
52232542289_cbe2cab635_o.jpg,fire,flickr,flickr_s555,train,val,4475,3356,52232542289_cbe2cab635_o.jpg
52232764550_4680f41585_o.jpg,fire,flickr,flickr_s556,train,val,4608,3456,52232764550_4680f41585_o.jpg
52289825117_30661e5573_o.jpg,fire,flickr,flickr_s563,train,val,620,467,52289825117_30661e5573_o.jpg
52290533093_52cfcb67d3_o.jpg,fire,flickr,flickr_s565,train,val,624,358,52290533093_52cfcb67d3_o.jpg
52291286714_963b4d980d_o.jpg,fire,flickr,flickr_s568,val,val,620,465,52291286714_963b4d980d_o.jpg
52292032847_11ca7d4982_o.png,fire,flickr,flickr_s569,train,val,620,425,52292032847_11ca7d4982_o.jpg
52293015538_063ef52f3f_o.jpg,fire,flickr,flickr_s570,train,val,620,465,52293015538_063ef52f3f_o.jpg
52293031038_2905417b0a_o.jpg,fire,flickr,flickr_s570,train,val,4032,3024,52293031038_2905417b0a_o.jpg
52293032111_a18e081f54_o.jpg,fire,flickr,flickr_s570,train,val,4032,3024,52293032111_a18e081f54_o.jpg
52293279869_3651e9f929_o.jpg,fire,flickr,flickr_s571,train,val,620,465,52293279869_3651e9f929_o.jpg
52293280089_14d675cc6e_o.jpg,fire,flickr,flickr_s571,train,val,459,620,52293280089_14d675cc6e_o.jpg
52293501960_e8a2a87063_o.jpg,fire,flickr,flickr_s572,val,val,465,620,52293501960_e8a2a87063_o.jpg
52294130572_46e1f6c276_o.jpg,fire,flickr,flickr_s573,val,val,1440,1078,52294130572_46e1f6c276_o.jpg
52295603790_d2d6a165fc_o.png,fire,flickr,flickr_s575,test,val,620,465,52295603790_d2d6a165fc_o.jpg
52297291876_e27e1488dd_o.jpg,fire,flickr,flickr_s576,train,val,620,465,52297291876_e27e1488dd_o.jpg
52353720724_413222dcdd_o.jpg,fire,flickr,flickr_s581,train,val,4032,3024,52353720724_413222dcdd_o.jpg
52368156431_c01ee93f79_o.jpg,fire,flickr,flickr_s588,train,val,4032,3024,52368156431_c01ee93f79_o.jpg
52368401438_f476ca2927_o.jpg,fire,flickr,flickr_s589,train,val,1000,750,52368401438_f476ca2927_o.jpg
52437107126_8c5b4a2139_o.jpg,fire,flickr,flickr_s596,train,val,3072,4080,52437107126_8c5b4a2139_o.jpg
52465403458_463db11ee6_o.jpg,fire,flickr,flickr_s607,train,val,4032,3024,52465403458_463db11ee6_o.jpg
52465478514_e0dd0f619c_o.png,fire,flickr,flickr_s607,train,val,3024,4032,52465478514_e0dd0f619c_o.jpg
52465479914_82f7f4291a_o.jpg,fire,flickr,flickr_s607,train,val,4032,3024,52465479914_82f7f4291a_o.jpg
52465669997_3a13c3a355_o.jpg,fire,flickr,flickr_s608,train,val,4032,3024,52465669997_3a13c3a355_o.jpg
52465956472_eed7b21ec2_o.jpg,fire,flickr,flickr_s609,test,val,4032,3024,52465956472_eed7b21ec2_o.jpg
52466170271_0139e89cd7_o.jpg,fire,flickr,flickr_s610,train,val,4032,3024,52466170271_0139e89cd7_o.jpg
52466454601_c17c6a555b_o.jpg,fire,flickr,flickr_s611,train,val,2000,1500,52466454601_c17c6a555b_o.jpg
52466734849_ea039a2439_o.jpg,fire,flickr,flickr_s612,val,val,4032,3024,52466734849_ea039a2439_o.jpg
52467007008_a54c5e87a1_o.jpg,fire,flickr,flickr_s613,train,val,4032,3024,52467007008_a54c5e87a1_o.jpg
52527681592_3025cd22b4_o.jpg,fire,flickr,flickr_s615,val,val,3540,2655,52527681592_3025cd22b4_o.jpg
52528146546_9b9f776baa_o.jpg,fire,flickr,flickr_s616,test,val,4000,3000,52528146546_9b9f776baa_o.jpg
52530432059_2cc2463815_o.jpg,fire,flickr,flickr_s619,test,val,4032,3024,52530432059_2cc2463815_o.jpg
52530774058_9013c7e1a3_o.jpg,fire,flickr,flickr_s620,train,val,2048,1536,52530774058_9013c7e1a3_o.jpg
52560549522_ef63e06d7d_o.jpg,fire,flickr,flickr_s621,train,val,4096,2160,52560549522_ef63e06d7d_o.jpg
52572946777_c7781cd948_o.jpg,fire,flickr,flickr_s623,train,val,4032,3024,52572946777_c7781cd948_o.jpg
52573862015_36569215e8_o.jpg,fire,flickr,flickr_s625,train,val,2048,1536,52573862015_36569215e8_o.jpg
52573921790_385d551b60_o.jpg,fire,flickr,flickr_s625,train,val,4032,3024,52573921790_385d551b60_o.jpg
52884347703_0f8daabf60_o.jpg,fire,flickr,flickr_s634,train,val,2048,1148,52884347703_0f8daabf60_o.jpg
53096185649_fa16e50d51_o.jpg,fire,flickr,flickr_s649,val,val,4000,3000,53096185649_fa16e50d51_o.jpg
53106003080_c748b5a9df_o.jpg,fire,flickr,flickr_s650,train,val,2600,1950,53106003080_c748b5a9df_o.jpg
53133335210_a5f8bd5f43_o.jpg,fire,flickr,flickr_s652,train,val,1920,1440,53133335210_a5f8bd5f43_o.jpg
8469662796_2ef60dcdb1_o.jpg,fire,flickr,flickr_s6,test,val,3420,2060,8469662796_2ef60dcdb1_o.jpg
9570762133_a7747aeeb1_o.jpg,fire,flickr,flickr_s10,train,val,4128,2322,9570762133_a7747aeeb1_o.jpg
9570765937_c3e7b93166_o.jpg,fire,flickr,flickr_s10,train,val,2322,4128,9570765937_c3e7b93166_o.jpg
9570768155_9da2cfe6f4_o.jpg,fire,flickr,flickr_s10,train,val,4128,2322,9570768155_9da2cfe6f4_o.jpg
9598069973_cb881cb517_o.jpg,fire,flickr,flickr_s12,train,val,4128,2322,9598069973_cb881cb517_o.jpg
9598243387_236a82f77e_o.jpg,fire,flickr,flickr_s13,train,val,2048,1529,9598243387_236a82f77e_o.jpg
9605221505_ab86c8f4ca_o.jpg,fire,flickr,flickr_s15,train,val,2896,1944,9605221505_ab86c8f4ca_o.jpg
dave-hoefler-nyhI63n7vpQ-unsplash.jpg,fire,unsplash,unsplash_dave-hoefler,train,val,5560,3707,dave-hoefler-nyhI63n7vpQ-unsplash.jpg
egor-vikhrev--E6jqIGzgOY-unsplash.jpg,fire,unsplash,unsplash_egor-vikhrev,test,val,2663,3987,egor-vikhrev--E6jqIGzgOY-unsplash.jpg
felix-bacher-vdQfgQohWOY-unsplash.jpg,fire,unsplash,unsplash_felix-bacher,test,val,4000,5597,felix-bacher-vdQfgQohWOY-unsplash.jpg
kym-mackinnon-6D-j-YOUtt8-unsplash.jpg,fire,unsplash,unsplash_kym-mackinnon,train,val,4758,2694,kym-mackinnon-6D-j-YOUtt8-unsplash.jpg
malachi-brooks--HVh7BRp3ls-unsplash.jpg,fire,unsplash,unsplash_malachi-brooks,val,val,4592,3064,malachi-brooks--HVh7BRp3ls-unsplash.jpg
matt-palmer-zCwDV_Al0mM-unsplash.jpg,fire,unsplash,unsplash_matt-palmer,train,val,7121,4750,matt-palmer-zCwDV_Al0mM-unsplash.jpg
20662591215_043496dda3_o.jpg,nofire,flickr,flickr_s28,test,val,5672,3781,20662591215_043496dda3_o.jpg
20936712539_dc5a8e8230_o.jpg,nofire,flickr,flickr_s32,test,val,2304,1728,20936712539_dc5a8e8230_o.jpg
23564695749_0c2947dc4c_o.jpg,nofire,flickr,flickr_s54,val,val,1728,1152,23564695749_0c2947dc4c_o.jpg
23907524626_fe34fb151b_o.jpg,nofire,flickr,flickr_s64,test,val,3008,2000,23907524626_fe34fb151b_o.jpg
24498327384_2f23658558_o.jpg,nofire,flickr,flickr_s66,test,val,1000,667,24498327384_2f23658558_o.jpg
27330855823_f1bf11e62d_o.jpg,nofire,flickr,flickr_s82,test,val,4800,3200,27330855823_f1bf11e62d_o.jpg
29220250437_04a7fd787a_o.jpg,nofire,flickr,flickr_s137,test,val,4240,2832,29220250437_04a7fd787a_o.jpg
30831368247_d7a64725ef_o.jpg,nofire,flickr,flickr_s159,val,val,4608,3456,30831368247_d7a64725ef_o.jpg
31459091543_47716d7802_o.jpg,nofire,flickr,flickr_s161,test,val,4800,3200,31459091543_47716d7802_o.jpg
49200707272_23fddfdc1e_o.jpg,nofire,flickr,flickr_s383,val,val,4578,1223,49200707272_23fddfdc1e_o.jpg
52232750860_e529e68110_o.jpg,nofire,flickr,flickr_s556,train,val,4608,3456,52232750860_e529e68110_o.jpg
52357656347_4005a65d23_o.jpg,nofire,flickr,flickr_s584,train,val,4000,2665,52357656347_4005a65d23_o.jpg
52358607886_95dc5cffea_o.jpg,nofire,flickr,flickr_s585,train,val,4000,1482,52358607886_95dc5cffea_o.jpg
52358619301_64e860466a_o.jpg,nofire,flickr,flickr_s585,train,val,4000,2667,52358619301_64e860466a_o.jpg
52451079237_0161e76a9c_o.jpg,nofire,flickr,flickr_s598,test,val,4000,2987,52451079237_0161e76a9c_o.jpg
52451973135_caec94d753_o.jpg,nofire,flickr,flickr_s601,train,val,4000,2665,52451973135_caec94d753_o.jpg
52452053220_fa3f6fc2c9_o.jpg,nofire,flickr,flickr_s601,train,val,4000,2665,52452053220_fa3f6fc2c9_o.jpg
52465688917_4b1e5967ef_o.jpg,nofire,flickr,flickr_s608,train,val,4032,3024,52465688917_4b1e5967ef_o.jpg
8468567497_c8d6b8e464_o.jpg,nofire,flickr,flickr_s5,train,val,3092,2096,8468567497_c8d6b8e464_o.jpg
aaron-burden--gqM0N3o0R8-unsplash.jpg,nofire,unsplash,unsplash_aaron-burden,train,val,3992,2992,aaron-burden--gqM0N3o0R8-unsplash.jpg
aaron-burden-oWyzKTEOCZg-unsplash.jpg,nofire,unsplash,unsplash_aaron-burden,train,val,2057,2742,aaron-burden-oWyzKTEOCZg-unsplash.jpg
adrien-brun-tNvHwGRrnaU-unsplash.jpg,nofire,unsplash,unsplash_adrien-brun,train,val,4000,3000,adrien-brun-tNvHwGRrnaU-unsplash.jpg
alejandro-gonzalez-se-zFGkun4Y-unsplash.jpg,nofire,unsplash,unsplash_alejandro-gonzalez,train,val,2088,3712,alejandro-gonzalez-se-zFGkun4Y-unsplash.jpg
ales-krivec-bB_ndHf9W9s-unsplash.jpg,nofire,unsplash,unsplash_ales-krivec,train,val,4048,2702,ales-krivec-bB_ndHf9W9s-unsplash.jpg
alex-trajilovic-4s6slHgL1s8-unsplash.jpg,nofire,unsplash,unsplash_alex-trajilovic,train,val,2434,4327,alex-trajilovic-4s6slHgL1s8-unsplash.jpg
andreas-kretschmer-EA4OispAgrk-unsplash.jpg,nofire,unsplash,unsplash_andreas-kretschmer,train,val,3440,1474,andreas-kretschmer-EA4OispAgrk-unsplash.jpg
andrew-ridley-gCE0LHERISE-unsplash.jpg,nofire,unsplash,unsplash_andrew-ridley,train,val,4112,3084,andrew-ridley-gCE0LHERISE-unsplash.jpg
angel-barnes-p54UP0KvMGw-unsplash.jpg,nofire,unsplash,unsplash_angel-barnes,val,val,6000,4000,angel-barnes-p54UP0KvMGw-unsplash.jpg
anuj-yadav-dZNcDAC8ZtM-unsplash.jpg,nofire,unsplash,unsplash_anuj-yadav,test,val,6000,4000,anuj-yadav-dZNcDAC8ZtM-unsplash.jpg
artem-sapegin-ySnXFQ98qrE-unsplash.jpg,nofire,unsplash,unsplash_artem-sapegin,train,val,3648,5472,artem-sapegin-ySnXFQ98qrE-unsplash.jpg
ashton-morris-cEn0ztKTjes-unsplash.jpg,nofire,unsplash,unsplash_ashton-morris,val,val,4000,3000,ashton-morris-cEn0ztKTjes-unsplash.jpg
balazs-busznyak-B-LtJoWUJCc-unsplash.jpg,nofire,unsplash,unsplash_balazs-busznyak,train,val,5464,3640,balazs-busznyak-B-LtJoWUJCc-unsplash.jpg
balazs-busznyak-U3teH1-XzKQ-unsplash.jpg,nofire,unsplash,unsplash_balazs-busznyak,train,val,3456,5184,balazs-busznyak-U3teH1-XzKQ-unsplash.jpg
benaja-germann-N-GC1dMXwvA-unsplash.jpg,nofire,unsplash,unsplash_benaja-germann,train,val,2242,3992,benaja-germann-N-GC1dMXwvA-unsplash.jpg
bernd-dittrich-cVYzpsQiAiA-unsplash.jpg,nofire,unsplash,unsplash_bernd-dittrich,test,val,2048,3058,bernd-dittrich-cVYzpsQiAiA-unsplash.jpg
bernd-dittrich-iv0nMDmYYbU-unsplash.jpg,nofire,unsplash,unsplash_bernd-dittrich,test,val,4048,3032,bernd-dittrich-iv0nMDmYYbU-unsplash.jpg
bernd-dittrich-og4TkuLTfhg-unsplash.jpg,nofire,unsplash,unsplash_bernd-dittrich,test,val,4036,2531,bernd-dittrich-og4TkuLTfhg-unsplash.jpg
bernd-dittrich-xgab1n88Srg-unsplash.jpg,nofire,unsplash,unsplash_bernd-dittrich,test,val,4096,3204,bernd-dittrich-xgab1n88Srg-unsplash.jpg
boris-misevic-oLXTY5zz1Tc-unsplash.jpg,nofire,unsplash,unsplash_boris-misevic,train,val,6000,3376,boris-misevic-oLXTY5zz1Tc-unsplash.jpg
brendan-beale-ZJh5GUgNngo-unsplash.jpg,nofire,unsplash,unsplash_brendan-beale,train,val,8000,6000,brendan-beale-ZJh5GUgNngo-unsplash.jpg
brina-blum-UCxGjDhopsQ-unsplash.jpg,nofire,unsplash,unsplash_brina-blum,val,val,5184,3456,brina-blum-UCxGjDhopsQ-unsplash.jpg
calin-stan--M7pmQjKzDQ-unsplash.jpg,nofire,unsplash,unsplash_calin-stan,val,val,3992,2992,calin-stan--M7pmQjKzDQ-unsplash.jpg
casey-horner-BxMw-QFdPF4-unsplash.jpg,nofire,unsplash,unsplash_casey-horner,train,val,3996,5003,casey-horner-BxMw-QFdPF4-unsplash.jpg
chad-madden-9HDfRHhCxME-unsplash.jpg,nofire,unsplash,unsplash_chad-madden,train,val,3992,2242,chad-madden-9HDfRHhCxME-unsplash.jpg
chris-holgersson-zshyCr6HGw0-unsplash.jpg,nofire,unsplash,unsplash_chris-holgersson,train,val,4896,3264,chris-holgersson-zshyCr6HGw0-unsplash.jpg
chris-montgomery-l4ut3OqP-UM-unsplash.jpg,nofire,unsplash,unsplash_chris-montgomery,train,val,3542,2655,chris-montgomery-l4ut3OqP-UM-unsplash.jpg
cole-freeman-vGMWGMfp5hg-unsplash.jpg,nofire,unsplash,unsplash_cole-freeman,train,val,3968,2976,cole-freeman-vGMWGMfp5hg-unsplash.jpg
cristofer-maximilian-yCfmQo1DIzw-unsplash.jpg,nofire,unsplash,unsplash_cristofer-maximilian,train,val,5229,3486,cristofer-maximilian-yCfmQo1DIzw-unsplash.jpg
damien-checoury-ZhGbAXHq38A-unsplash.jpg,nofire,unsplash,unsplash_damien-checoury,train,val,2992,3992,damien-checoury-ZhGbAXHq38A-unsplash.jpg
daniel-frank-MdphLdlMlf8-unsplash.jpg,nofire,unsplash,unsplash_daniel-frank,val,val,3888,2592,daniel-frank-MdphLdlMlf8-unsplash.jpg
daniel-j-schwarz-itHh7CVTzfM-unsplash.jpg,nofire,unsplash,unsplash_daniel-j,train,val,6240,4160,daniel-j-schwarz-itHh7CVTzfM-unsplash.jpg
dave-herring-0fq5mr_cBcA-unsplash.jpg,nofire,unsplash,unsplash_dave-herring,test,val,6552,4368,dave-herring-0fq5mr_cBcA-unsplash.jpg
dave-hoefler-ow6bOUW7GMY-unsplash.jpg,nofire,unsplash,unsplash_dave-hoefler,train,val,5111,3651,dave-hoefler-ow6bOUW7GMY-unsplash.jpg
dave-hoefler-tw8zKdo6Ct4-unsplash.jpg,nofire,unsplash,unsplash_dave-hoefler,train,val,6532,4355,dave-hoefler-tw8zKdo6Ct4-unsplash.jpg
david-kovalenko-ohhbshz38SQ-unsplash.jpg,nofire,unsplash,unsplash_david-kovalenko,test,val,4000,3000,david-kovalenko-ohhbshz38SQ-unsplash.jpg
dawson-mccormick-KuI5bEhjvf4-unsplash.jpg,nofire,unsplash,unsplash_dawson-mccormick,train,val,6720,4480,dawson-mccormick-KuI5bEhjvf4-unsplash.jpg
dean-ricciardi-IcszigtEHTU-unsplash.jpg,nofire,unsplash,unsplash_dean-ricciardi,train,val,3534,5305,dean-ricciardi-IcszigtEHTU-unsplash.jpg
dillon-austin-5BOWyfIvaJo-unsplash.jpg,nofire,unsplash,unsplash_dillon-austin,train,val,4000,2250,dillon-austin-5BOWyfIvaJo-unsplash.jpg
dorel-gnatiuc-rlXgUH7Sh_I-unsplash.jpg,nofire,unsplash,unsplash_dorel-gnatiuc,train,val,3548,2370,dorel-gnatiuc-rlXgUH7Sh_I-unsplash.jpg
eberhard-grossgasteiger-EU_rz48u8sY-unsplash.jpg,nofire,unsplash,unsplash_eberhard-grossgasteiger,val,val,3648,5472,eberhard-grossgasteiger-EU_rz48u8sY-unsplash.jpg
eberhard-grossgasteiger-MPaoDigkbGA-unsplash.jpg,nofire,unsplash,unsplash_eberhard-grossgasteiger,val,val,4000,6000,eberhard-grossgasteiger-MPaoDigkbGA-unsplash.jpg
eberhard-grossgasteiger-YJsDlw9yHWs-unsplash.jpg,nofire,unsplash,unsplash_eberhard-grossgasteiger,val,val,3785,5678,eberhard-grossgasteiger-YJsDlw9yHWs-unsplash.jpg
eberhard-grossgasteiger-wUWP53W7KbY-unsplash.jpg,nofire,unsplash,unsplash_eberhard-grossgasteiger,val,val,3670,5496,eberhard-grossgasteiger-wUWP53W7KbY-unsplash.jpg
einar-ingi-sigmundsson-Rf7mZ_OIqPU-unsplash.jpg,nofire,unsplash,unsplash_einar-ingi,test,val,7783,5217,einar-ingi-sigmundsson-Rf7mZ_OIqPU-unsplash.jpg
elena-mozhvilo-tvDuKySFy_o-unsplash.jpg,nofire,unsplash,unsplash_elena-mozhvilo,train,val,4000,6016,elena-mozhvilo-tvDuKySFy_o-unsplash.jpg
elijah-mears-nW3N78niwss-unsplash.jpg,nofire,unsplash,unsplash_elijah-mears,test,val,6000,4000,elijah-mears-nW3N78niwss-unsplash.jpg
elizabeth-gottwald-wkrmkg70p80-unsplash.jpg,nofire,unsplash,unsplash_elizabeth-gottwald,train,val,4800,3200,elizabeth-gottwald-wkrmkg70p80-unsplash.jpg
enaled-orasty-2aCHkqIJpxM-unsplash.jpg,nofire,unsplash,unsplash_enaled-orasty,train,val,4480,6720,enaled-orasty-2aCHkqIJpxM-unsplash.jpg
ethan-dow-0GlH2KooS6Q-unsplash.jpg,nofire,unsplash,unsplash_ethan-dow,train,val,1900,3040,ethan-dow-0GlH2KooS6Q-unsplash.jpg
ethan-dow-xO_FogftzPw-unsplash.jpg,nofire,unsplash,unsplash_ethan-dow,train,val,4048,3032,ethan-dow-xO_FogftzPw-unsplash.jpg
etienne-lehuede-PRGPw7sDhBw-unsplash.jpg,nofire,unsplash,unsplash_etienne-lehuede,train,val,3992,2992,etienne-lehuede-PRGPw7sDhBw-unsplash.jpg
evan-leith-plLiJX7lZtQ-unsplash.jpg,nofire,unsplash,unsplash_evan-leith,val,val,2242,2802,evan-leith-plLiJX7lZtQ-unsplash.jpg
fabian-oelkers-dJ8U37Nd_h0-unsplash.jpg,nofire,unsplash,unsplash_fabian-oelkers,train,val,5168,3448,fabian-oelkers-dJ8U37Nd_h0-unsplash.jpg
garidy-sanders-L-3vdxcF-dc-unsplash.jpg,nofire,unsplash,unsplash_garidy-sanders,train,val,3456,5184,garidy-sanders-L-3vdxcF-dc-unsplash.jpg
geran-de-klerk-uYkdJEYNwSM-unsplash.jpg,nofire,unsplash,unsplash_geran-de,train,val,2646,3570,geran-de-klerk-uYkdJEYNwSM-unsplash.jpg
guillaume-bourdages-VKMx4lonuLg-unsplash.jpg,nofire,unsplash,unsplash_guillaume-bourdages,train,val,3949,5915,guillaume-bourdages-VKMx4lonuLg-unsplash.jpg
guille-pozzi-jWLBon5t0c4-unsplash.jpg,nofire,unsplash,unsplash_guille-pozzi,train,val,1500,2250,guille-pozzi-jWLBon5t0c4-unsplash.jpg
hans-isaacson-5jU3zkieZYA-unsplash.jpg,nofire,unsplash,unsplash_hans-isaacson,test,val,3710,5565,hans-isaacson-5jU3zkieZYA-unsplash.jpg
harrison-steen-WKT-I5lfo8Y-unsplash.jpg,nofire,unsplash,unsplash_harrison-steen,train,val,3936,2624,harrison-steen-WKT-I5lfo8Y-unsplash.jpg
henry-be-Tupfd1MA4hQ-unsplash.jpg,nofire,unsplash,unsplash_henry-be,train,val,6000,4000,henry-be-Tupfd1MA4hQ-unsplash.jpg
honza-reznik-eu25syH-SaE-unsplash.jpg,nofire,unsplash,unsplash_honza-reznik,train,val,2500,3336,honza-reznik-eu25syH-SaE-unsplash.jpg
honza-reznik-tUsIUWNEtsQ-unsplash.jpg,nofire,unsplash,unsplash_honza-reznik,train,val,2500,3336,honza-reznik-tUsIUWNEtsQ-unsplash.jpg
hugh-whyte-733vQRqUNZQ-unsplash.jpg,nofire,unsplash,unsplash_hugh-whyte,train,val,3992,2242,hugh-whyte-733vQRqUNZQ-unsplash.jpg
ivana-cajina-dQejX2ucPBs-unsplash.jpg,nofire,unsplash,unsplash_ivana-cajina,val,val,5184,3456,ivana-cajina-dQejX2ucPBs-unsplash.jpg
izuddin-helmi-adnan-8VJDHw3daGk-unsplash.jpg,nofire,unsplash,unsplash_izuddin-helmi,train,val,3073,5464,izuddin-helmi-adnan-8VJDHw3daGk-unsplash.jpg
j-a-n-u-p-r-a-s-a-d-3WGsI51rL7E-unsplash.jpg,nofire,unsplash,unsplash_j-a,train,val,5184,3456,j-a-n-u-p-r-a-s-a-d-3WGsI51rL7E-unsplash.jpg
jakob-owens-zGSWfxtMvJQ-unsplash.jpg,nofire,unsplash,unsplash_jakob-owens,train,val,4160,6240,jakob-owens-zGSWfxtMvJQ-unsplash.jpg
jan-schulz-webdesigner-stuttgart-iE9k36TlRmI-unsplash.jpg,nofire,unsplash,unsplash_jan-schulz,test,val,5184,3456,jan-schulz-webdesigner-stuttgart-iE9k36TlRmI-unsplash.jpg
jay-mantri-TFyi0QOx08c-unsplash.jpg,nofire,unsplash,unsplash_jay-mantri,train,val,2200,1467,jay-mantri-TFyi0QOx08c-unsplash.jpg
jeremy-perkins-Y6zQOIby_Ow-unsplash.jpg,nofire,unsplash,unsplash_jeremy-perkins,train,val,6000,4000,jeremy-perkins-Y6zQOIby_Ow-unsplash.jpg
joao-branco-bqkny17rS6o-unsplash.jpg,nofire,unsplash,unsplash_joao-branco,train,val,4928,3264,joao-branco-bqkny17rS6o-unsplash.jpg
jonas-jacobsson-kmwhg3N_B-4-unsplash.jpg,nofire,unsplash,unsplash_jonas-jacobsson,train,val,2665,4000,jonas-jacobsson-kmwhg3N_B-4-unsplash.jpg
joseph-recca-1OJKxPCJbXk-unsplash.jpg,nofire,unsplash,unsplash_joseph-recca,train,val,3648,4595,joseph-recca-1OJKxPCJbXk-unsplash.jpg
jp-valery-EAx4OpPCSrs-unsplash.jpg,nofire,unsplash,unsplash_jp-valery,train,val,5472,3648,jp-valery-EAx4OpPCSrs-unsplash.jpg
jp-valery-Y_SlWa1wB8Y-unsplash.jpg,nofire,unsplash,unsplash_jp-valery,train,val,4417,5521,jp-valery-Y_SlWa1wB8Y-unsplash.jpg
julian-hochgesang-ICz0uCq8074-unsplash.jpg,nofire,unsplash,unsplash_julian-hochgesang,train,val,5344,4016,julian-hochgesang-ICz0uCq8074-unsplash.jpg
julian-steenbergen-yIWXizbj7dM-unsplash.jpg,nofire,unsplash,unsplash_julian-steenbergen,train,val,5193,3462,julian-steenbergen-yIWXizbj7dM-unsplash.jpg
justin-ackison-3RbQGrzklHc-unsplash.jpg,nofire,unsplash,unsplash_justin-ackison,test,val,5464,3640,justin-ackison-3RbQGrzklHc-unsplash.jpg
justin-kauffman-a8lTjWJJgLA-unsplash.jpg,nofire,unsplash,unsplash_justin-kauffman,train,val,2971,3964,justin-kauffman-a8lTjWJJgLA-unsplash.jpg
justin-luebke-Y0a6EeC1a6M-unsplash.jpg,nofire,unsplash,unsplash_justin-luebke,train,val,7360,4912,justin-luebke-Y0a6EeC1a6M-unsplash.jpg
keith-wickramasekara-N96-q4oeNrs-unsplash.jpg,nofire,unsplash,unsplash_keith-wickramasekara,train,val,2610,2610,keith-wickramasekara-N96-q4oeNrs-unsplash.jpg
kellen-riggin--7qIMP70tJA-unsplash.jpg,nofire,unsplash,unsplash_kellen-riggin,train,val,3782,2835,kellen-riggin--7qIMP70tJA-unsplash.jpg
kirill-tonkikh-A-5dpyCguJs-unsplash.jpg,nofire,unsplash,unsplash_kirill-tonkikh,train,val,6000,4000,kirill-tonkikh-A-5dpyCguJs-unsplash.jpg
ko-ko-win-ArlEcDy4tlU-unsplash.jpg,nofire,unsplash,unsplash_ko-ko,val,val,4620,3463,ko-ko-win-ArlEcDy4tlU-unsplash.jpg
kristaps-ungurs--3jZpQHq3FE-unsplash.jpg,nofire,unsplash,unsplash_kristaps-ungurs,train,val,3190,3987,kristaps-ungurs--3jZpQHq3FE-unsplash.jpg
kristaps-ungurs-AY27rP4n4d8-unsplash.jpg,nofire,unsplash,unsplash_kristaps-ungurs,train,val,3948,5272,kristaps-ungurs-AY27rP4n4d8-unsplash.jpg
kristaps-ungurs-HQHSzvTHYI0-unsplash.jpg,nofire,unsplash,unsplash_kristaps-ungurs,train,val,5046,3362,kristaps-ungurs-HQHSzvTHYI0-unsplash.jpg
kristaps-ungurs-Nx2UF4e6VOk-unsplash.jpg,nofire,unsplash,unsplash_kristaps-ungurs,train,val,3461,5195,kristaps-ungurs-Nx2UF4e6VOk-unsplash.jpg
kristaps-ungurs-TIUC6Mq39mk-unsplash.jpg,nofire,unsplash,unsplash_kristaps-ungurs,train,val,4047,5059,kristaps-ungurs-TIUC6Mq39mk-unsplash.jpg
kristaps-ungurs-TlJSzJlPRc8-unsplash.jpg,nofire,unsplash,unsplash_kristaps-ungurs,train,val,5464,3640,kristaps-ungurs-TlJSzJlPRc8-unsplash.jpg
kristaps-ungurs-WBXF3C8d2oM-unsplash.jpg,nofire,unsplash,unsplash_kristaps-ungurs,train,val,4497,2996,kristaps-ungurs-WBXF3C8d2oM-unsplash.jpg
kristaps-ungurs-XTHG2ftvSQA-unsplash.jpg,nofire,unsplash,unsplash_kristaps-ungurs,train,val,5224,3483,kristaps-ungurs-XTHG2ftvSQA-unsplash.jpg
kristaps-ungurs-gvAW89kbDUk-unsplash.jpg,nofire,unsplash,unsplash_kristaps-ungurs,train,val,3514,5275,kristaps-ungurs-gvAW89kbDUk-unsplash.jpg
kristaps-ungurs-yTwtODT8XR4-unsplash.jpg,nofire,unsplash,unsplash_kristaps-ungurs,train,val,3331,5000,kristaps-ungurs-yTwtODT8XR4-unsplash.jpg
kurt-liebhaeuser-dBuBvDnDX2Q-unsplash.jpg,nofire,unsplash,unsplash_kurt-liebhaeuser,test,val,3559,2373,kurt-liebhaeuser-dBuBvDnDX2Q-unsplash.jpg
kym-mackinnon-30WeS4oHfDM-unsplash.jpg,nofire,unsplash,unsplash_kym-mackinnon,train,val,4896,2752,kym-mackinnon-30WeS4oHfDM-unsplash.jpg
kym-mackinnon-3GkBT-8fDRE-unsplash.jpg,nofire,unsplash,unsplash_kym-mackinnon,train,val,4608,2592,kym-mackinnon-3GkBT-8fDRE-unsplash.jpg
kym-mackinnon-66W1hKP7Xvg-unsplash.jpg,nofire,unsplash,unsplash_kym-mackinnon,train,val,4896,2752,kym-mackinnon-66W1hKP7Xvg-unsplash.jpg
kym-mackinnon-6IgG18WaYGA-unsplash.jpg,nofire,unsplash,unsplash_kym-mackinnon,train,val,4608,2592,kym-mackinnon-6IgG18WaYGA-unsplash.jpg
kym-mackinnon-IWv0j0Ty2Lw-unsplash.jpg,nofire,unsplash,unsplash_kym-mackinnon,train,val,4896,2752,kym-mackinnon-IWv0j0Ty2Lw-unsplash.jpg
kym-mackinnon-Ibm4PFMw60s-unsplash.jpg,nofire,unsplash,unsplash_kym-mackinnon,train,val,6000,3493,kym-mackinnon-Ibm4PFMw60s-unsplash.jpg
kym-mackinnon-MeahFD3Ldio-unsplash.jpg,nofire,unsplash,unsplash_kym-mackinnon,train,val,4608,2592,kym-mackinnon-MeahFD3Ldio-unsplash.jpg
kym-mackinnon-NUZjuwWTGQg-unsplash.jpg,nofire,unsplash,unsplash_kym-mackinnon,train,val,4896,2752,kym-mackinnon-NUZjuwWTGQg-unsplash.jpg
kym-mackinnon-S-awcL4O_vg-unsplash.jpg,nofire,unsplash,unsplash_kym-mackinnon,train,val,4896,2752,kym-mackinnon-S-awcL4O_vg-unsplash.jpg
kym-mackinnon-SeJLzJ2YcwQ-unsplash.jpg,nofire,unsplash,unsplash_kym-mackinnon,train,val,4598,2716,kym-mackinnon-SeJLzJ2YcwQ-unsplash.jpg
kym-mackinnon-TfsBR17bmAI-unsplash.jpg,nofire,unsplash,unsplash_kym-mackinnon,train,val,4608,2592,kym-mackinnon-TfsBR17bmAI-unsplash.jpg
kym-mackinnon-XzDVr8EhGnU-unsplash.jpg,nofire,unsplash,unsplash_kym-mackinnon,train,val,4608,2592,kym-mackinnon-XzDVr8EhGnU-unsplash.jpg
kym-mackinnon-ePnzLfbHeMw-unsplash.jpg,nofire,unsplash,unsplash_kym-mackinnon,train,val,4896,2752,kym-mackinnon-ePnzLfbHeMw-unsplash.jpg
kym-mackinnon-gzTKexTkvrY-unsplash.jpg,nofire,unsplash,unsplash_kym-mackinnon,train,val,4533,2550,kym-mackinnon-gzTKexTkvrY-unsplash.jpg
kym-mackinnon-jo9mXccPje4-unsplash.jpg,nofire,unsplash,unsplash_kym-mackinnon,train,val,4608,2592,kym-mackinnon-jo9mXccPje4-unsplash.jpg
larry-chen-Nte-4RiRfwU-unsplash.jpg,nofire,unsplash,unsplash_larry-chen,val,val,9682,4803,larry-chen-Nte-4RiRfwU-unsplash.jpg
leon-seierlein-CdW7DkJ4FKc-unsplash.jpg,nofire,unsplash,unsplash_leon-seierlein,train,val,3992,2242,leon-seierlein-CdW7DkJ4FKc-unsplash.jpg
levi-bare-pouX67ISg_k-unsplash.jpg,nofire,unsplash,unsplash_levi-bare,test,val,5129,3417,levi-bare-pouX67ISg_k-unsplash.jpg
liam-pozz-yjmJBkKn26k-unsplash.jpg,nofire,unsplash,unsplash_liam-pozz,test,val,2992,3992,liam-pozz-yjmJBkKn26k-unsplash.jpg
lidya-nada-9pgh8AHfz8I-unsplash.jpg,nofire,unsplash,unsplash_lidya-nada,train,val,4896,3264,lidya-nada-9pgh8AHfz8I-unsplash.jpg
lili-kovac-795KLb6DI7E-unsplash.jpg,nofire,unsplash,unsplash_lili-kovac,train,val,6000,4000,lili-kovac-795KLb6DI7E-unsplash.jpg
lili-kovac-TmvReoXVOyA-unsplash.jpg,nofire,unsplash,unsplash_lili-kovac,train,val,2228,3000,lili-kovac-TmvReoXVOyA-unsplash.jpg
luca-micheli-BKfu9JNYRQc-unsplash.jpg,nofire,unsplash,unsplash_luca-micheli,train,val,3992,2992,luca-micheli-BKfu9JNYRQc-unsplash.jpg
lucas-ludwig-BzHBWSbrDuA-unsplash.jpg,nofire,unsplash,unsplash_lucas-ludwig,train,val,6240,4160,lucas-ludwig-BzHBWSbrDuA-unsplash.jpg
lucas-ludwig-eOov7MDQzAk-unsplash.jpg,nofire,unsplash,unsplash_lucas-ludwig,train,val,4663,3165,lucas-ludwig-eOov7MDQzAk-unsplash.jpg
luismi-sanchez-2EGnGR3OKww-unsplash.jpg,nofire,unsplash,unsplash_luismi-sanchez,val,val,3900,2613,luismi-sanchez-2EGnGR3OKww-unsplash.jpg
luke-paris-M3vZnV7-hPk-unsplash.jpg,nofire,unsplash,unsplash_luke-paris,train,val,5184,3456,luke-paris-M3vZnV7-hPk-unsplash.jpg
maciek-sulkowski-58tP7g7x1LQ-unsplash.jpg,nofire,unsplash,unsplash_maciek-sulkowski,train,val,4812,3208,maciek-sulkowski-58tP7g7x1LQ-unsplash.jpg
maksym-diachenko-jpyqRIuv2DI-unsplash.jpg,nofire,unsplash,unsplash_maksym-diachenko,val,val,5446,3628,maksym-diachenko-jpyqRIuv2DI-unsplash.jpg
malik-skydsgaard-RBecmwlKUS4-unsplash.jpg,nofire,unsplash,unsplash_malik-skydsgaard,train,val,5270,7133,malik-skydsgaard-RBecmwlKUS4-unsplash.jpg
marcin-jozwiak-_Ibr3e8y5po-unsplash.jpg,nofire,unsplash,unsplash_marcin-jozwiak,train,val,5464,3640,marcin-jozwiak-_Ibr3e8y5po-unsplash.jpg
marcin-jozwiak-nnbTctQ9L2w-unsplash.jpg,nofire,unsplash,unsplash_marcin-jozwiak,train,val,5464,3640,marcin-jozwiak-nnbTctQ9L2w-unsplash.jpg
marek-piwnicki-Ds5iv1xhMRY-unsplash.jpg,nofire,unsplash,unsplash_marek-piwnicki,train,val,5417,3386,marek-piwnicki-Ds5iv1xhMRY-unsplash.jpg
marek-piwnicki-EmJy3_FV1ZI-unsplash.jpg,nofire,unsplash,unsplash_marek-piwnicki,train,val,5157,2901,marek-piwnicki-EmJy3_FV1ZI-unsplash.jpg
marek-piwnicki-F9_nfytJ9fo-unsplash.jpg,nofire,unsplash,unsplash_marek-piwnicki,train,val,5252,3283,marek-piwnicki-F9_nfytJ9fo-unsplash.jpg
marek-piwnicki-FrQjnVgiFPQ-unsplash.jpg,nofire,unsplash,unsplash_marek-piwnicki,train,val,5006,2816,marek-piwnicki-FrQjnVgiFPQ-unsplash.jpg
marek-piwnicki-H6Wov65zqsE-unsplash.jpg,nofire,unsplash,unsplash_marek-piwnicki,train,val,3471,5206,marek-piwnicki-H6Wov65zqsE-unsplash.jpg
marek-piwnicki-bibgRlPh5EE-unsplash.jpg,nofire,unsplash,unsplash_marek-piwnicki,train,val,3425,5137,marek-piwnicki-bibgRlPh5EE-unsplash.jpg
marek-piwnicki-gGcrMV1OSAs-unsplash.jpg,nofire,unsplash,unsplash_marek-piwnicki,train,val,5251,2954,marek-piwnicki-gGcrMV1OSAs-unsplash.jpg
marek-piwnicki-h8LT_LA_GDQ-unsplash.jpg,nofire,unsplash,unsplash_marek-piwnicki,train,val,5416,3047,marek-piwnicki-h8LT_LA_GDQ-unsplash.jpg
marek-piwnicki-ieVbO8spLZY-unsplash.jpg,nofire,unsplash,unsplash_marek-piwnicki,train,val,5046,2838,marek-piwnicki-ieVbO8spLZY-unsplash.jpg
mathieu-odin-qi_HNlbCff0-unsplash.jpg,nofire,unsplash,unsplash_mathieu-odin,train,val,6000,4000,mathieu-odin-qi_HNlbCff0-unsplash.jpg
matthew-YzaiSMpzH9w-unsplash.jpg,nofire,unsplash,unsplash_matthew-YzaiSMpzH9w,val,val,5464,3070,matthew-YzaiSMpzH9w-unsplash.jpg
max-bottinger-fEIjWVP_Xjc-unsplash.jpg,nofire,unsplash,unsplash_max-bottinger,train,val,2991,2243,max-bottinger-fEIjWVP_Xjc-unsplash.jpg
max-okhrimenko-iz2jYuf0uN4-unsplash.jpg,nofire,unsplash,unsplash_max-okhrimenko,test,val,2666,4000,max-okhrimenko-iz2jYuf0uN4-unsplash.jpg
melina-kiefer-0AfMtHcK-YQ-unsplash.jpg,nofire,unsplash,unsplash_melina-kiefer,train,val,4000,6000,melina-kiefer-0AfMtHcK-YQ-unsplash.jpg
micah-hallahan-4Pny71fK--k-unsplash.jpg,nofire,unsplash,unsplash_micah-hallahan,test,val,3072,2048,micah-hallahan-4Pny71fK--k-unsplash.jpg
michael-hacker-bQoCZR0YW_w-unsplash.jpg,nofire,unsplash,unsplash_michael-hacker,val,val,5000,3750,michael-hacker-bQoCZR0YW_w-unsplash.jpg
michael-olsen-h_T5EH4yXBI-unsplash.jpg,nofire,unsplash,unsplash_michael-olsen,test,val,3689,2754,michael-olsen-h_T5EH4yXBI-unsplash.jpg
mike-dennler-T9CktnMI8TQ-unsplash.jpg,nofire,unsplash,unsplash_mike-dennler,train,val,3840,2560,mike-dennler-T9CktnMI8TQ-unsplash.jpg
muhammad-masood-5EVrQKXPa5g-unsplash.jpg,nofire,unsplash,unsplash_muhammad-masood,val,val,5472,3539,muhammad-masood-5EVrQKXPa5g-unsplash.jpg
muzammil-soorma-k627Fn-spUg-unsplash.jpg,nofire,unsplash,unsplash_muzammil-soorma,test,val,3666,5499,muzammil-soorma-k627Fn-spUg-unsplash.jpg
nathan-anderson-0mZLht43A_c-unsplash.jpg,nofire,unsplash,unsplash_nathan-anderson,train,val,3992,2992,nathan-anderson-0mZLht43A_c-unsplash.jpg
nathan-anderson-J8bpdsKmN1o-unsplash.jpg,nofire,unsplash,unsplash_nathan-anderson,train,val,3992,2992,nathan-anderson-J8bpdsKmN1o-unsplash.jpg
nathan-dumlao-EIYtJ2WaK68-unsplash.jpg,nofire,unsplash,unsplash_nathan-dumlao,train,val,3456,5184,nathan-dumlao-EIYtJ2WaK68-unsplash.jpg
nathan-queloz-AqJKj-8ogzI-unsplash.jpg,nofire,unsplash,unsplash_nathan-queloz,val,val,3968,2976,nathan-queloz-AqJKj-8ogzI-unsplash.jpg
neha-maheen-mahfin-QseuzWDt_UE-unsplash.jpg,nofire,unsplash,unsplash_neha-maheen,test,val,5355,3570,neha-maheen-mahfin-QseuzWDt_UE-unsplash.jpg
neostalgic-DzUxaWweqXI-unsplash.jpg,nofire,unsplash,unsplash_neostalgic-DzUxaWweqXI,train,val,5268,2963,neostalgic-DzUxaWweqXI-unsplash.jpg
nic-y-c-LPwx5fHnkw4-unsplash.jpg,nofire,unsplash,unsplash_nic-y,train,val,2093,2616,nic-y-c-LPwx5fHnkw4-unsplash.jpg
nils-stahl-GbXf-JJJI2Y-unsplash.jpg,nofire,unsplash,unsplash_nils-stahl,test,val,3968,2976,nils-stahl-GbXf-JJJI2Y-unsplash.jpg
nitish-meena-ytGtKR94nAI-unsplash.jpg,nofire,unsplash,unsplash_nitish-meena,test,val,2200,3300,nitish-meena-ytGtKR94nAI-unsplash.jpg
noah-silliman-CEnE2kDpjZQ-unsplash.jpg,nofire,unsplash,unsplash_noah-silliman,train,val,5184,3456,noah-silliman-CEnE2kDpjZQ-unsplash.jpg
oleg-chursin-vaPoJZB9Mzg-unsplash.jpg,nofire,unsplash,unsplash_oleg-chursin,train,val,6016,4016,oleg-chursin-vaPoJZB9Mzg-unsplash.jpg
olena-sergienko-0brGSwknRsI-unsplash.jpg,nofire,unsplash,unsplash_olena-sergienko,train,val,2250,4000,olena-sergienko-0brGSwknRsI-unsplash.jpg
olena-sergienko-DnnEpb92et0-unsplash.jpg,nofire,unsplash,unsplash_olena-sergienko,train,val,2250,4000,olena-sergienko-DnnEpb92et0-unsplash.jpg
oliver-roos-4eu417cVNo4-unsplash.jpg,nofire,unsplash,unsplash_oliver-roos,train,val,2575,3219,oliver-roos-4eu417cVNo4-unsplash.jpg
ouael-ben-salah-TB3_GhqtxAE-unsplash.jpg,nofire,unsplash,unsplash_ouael-ben,val,val,4160,6240,ouael-ben-salah-TB3_GhqtxAE-unsplash.jpg
parker-hilton-vFzZ1_LPttk-unsplash.jpg,nofire,unsplash,unsplash_parker-hilton,test,val,5472,3648,parker-hilton-vFzZ1_LPttk-unsplash.jpg
pat-whelen-ASEBT9QA6v0-unsplash.jpg,nofire,unsplash,unsplash_pat-whelen,train,val,4000,2250,pat-whelen-ASEBT9QA6v0-unsplash.jpg
pat-whelen-eUywHBGooBo-unsplash.jpg,nofire,unsplash,unsplash_pat-whelen,train,val,2063,2579,pat-whelen-eUywHBGooBo-unsplash.jpg
pat-whelen-kf4Pvq5Vx9M-unsplash.jpg,nofire,unsplash,unsplash_pat-whelen,train,val,4000,2250,pat-whelen-kf4Pvq5Vx9M-unsplash.jpg
patrick-federi-SAVCXJ6LYTU-unsplash.jpg,nofire,unsplash,unsplash_patrick-federi,test,val,5432,3619,patrick-federi-SAVCXJ6LYTU-unsplash.jpg
patrick-schneider-I4fDK4Fz_vw-unsplash.jpg,nofire,unsplash,unsplash_patrick-schneider,train,val,5757,3838,patrick-schneider-I4fDK4Fz_vw-unsplash.jpg
paul-pastourmatzis-OZdKEwDXXJU-unsplash.jpg,nofire,unsplash,unsplash_paul-pastourmatzis,test,val,5472,3080,paul-pastourmatzis-OZdKEwDXXJU-unsplash.jpg
paul-pastourmatzis-Pa6cSkwvF8k-unsplash.jpg,nofire,unsplash,unsplash_paul-pastourmatzis,test,val,5472,3078,paul-pastourmatzis-Pa6cSkwvF8k-unsplash.jpg
paul-pastourmatzis-y3goGHCPylY-unsplash.jpg,nofire,unsplash,unsplash_paul-pastourmatzis,test,val,5472,3078,paul-pastourmatzis-y3goGHCPylY-unsplash.jpg
paul-trienekens-SVur00PsY38-unsplash.jpg,nofire,unsplash,unsplash_paul-trienekens,val,val,3992,2242,paul-trienekens-SVur00PsY38-unsplash.jpg
pavlo-rekun-B4yUqTV5Au0-unsplash.jpg,nofire,unsplash,unsplash_pavlo-rekun,train,val,4000,2250,pavlo-rekun-B4yUqTV5Au0-unsplash.jpg
pawan-thapa-AXB3kLhUDY8-unsplash.jpg,nofire,unsplash,unsplash_pawan-thapa,train,val,5472,3648,pawan-thapa-AXB3kLhUDY8-unsplash.jpg
pine-watt-2Hzmz15wGik-unsplash.jpg,nofire,unsplash,unsplash_pine-watt,val,val,5184,3456,pine-watt-2Hzmz15wGik-unsplash.jpg
porter-raab-zTbIQgZYAJM-unsplash.jpg,nofire,unsplash,unsplash_porter-raab,train,val,4000,3000,porter-raab-zTbIQgZYAJM-unsplash.jpg
rafal-jedrzejek-EfC37DkWAJ0-unsplash.jpg,nofire,unsplash,unsplash_rafal-jedrzejek,train,val,4000,2250,rafal-jedrzejek-EfC37DkWAJ0-unsplash.jpg
rahul-chakraborty-4MwNNPxCq6k-unsplash.jpg,nofire,unsplash,unsplash_rahul-chakraborty,train,val,4055,3039,rahul-chakraborty-4MwNNPxCq6k-unsplash.jpg
raymond-burrage-1LSNEp6bU9U-unsplash.jpg,nofire,unsplash,unsplash_raymond-burrage,val,val,4000,2250,raymond-burrage-1LSNEp6bU9U-unsplash.jpg
red-zeppelin-3IjdrObWrAQ-unsplash.jpg,nofire,unsplash,unsplash_red-zeppelin,test,val,5000,7763,red-zeppelin-3IjdrObWrAQ-unsplash.jpg
red-zeppelin-Ay2PtJjOqos-unsplash.jpg,nofire,unsplash,unsplash_red-zeppelin,test,val,6472,3127,red-zeppelin-Ay2PtJjOqos-unsplash.jpg
redd-f-wxkHg1Tegh4-unsplash.jpg,nofire,unsplash,unsplash_redd-f,train,val,5799,3866,redd-f-wxkHg1Tegh4-unsplash.jpg
renaldo-matamoro-uzI7fVVwlJI-unsplash.jpg,nofire,unsplash,unsplash_renaldo-matamoro,val,val,4000,2250,renaldo-matamoro-uzI7fVVwlJI-unsplash.jpg
rog-shafi-mVFTdCkshMI-unsplash.jpg,nofire,unsplash,unsplash_rog-shafi,val,val,3978,2234,rog-shafi-mVFTdCkshMI-unsplash.jpg
ron-whitaker-aow5C0Y9MjY-unsplash.jpg,nofire,unsplash,unsplash_ron-whitaker,train,val,3992,2992,ron-whitaker-aow5C0Y9MjY-unsplash.jpg
ronald-smeets-QdmJzausBHA-unsplash.jpg,nofire,unsplash,unsplash_ronald-smeets,train,val,3953,2471,ronald-smeets-QdmJzausBHA-unsplash.jpg
rosalind-chang-qoEbOp0T16c-unsplash.jpg,nofire,unsplash,unsplash_rosalind-chang,train,val,4288,2848,rosalind-chang-qoEbOp0T16c-unsplash.jpg
ryan-stone-zwVihRS0jIw-unsplash.jpg,nofire,unsplash,unsplash_ryan-stone,train,val,4851,3234,ryan-stone-zwVihRS0jIw-unsplash.jpg
sajad-baharvandi-xtj4Yhvjsvk-unsplash.jpg,nofire,unsplash,unsplash_sajad-baharvandi,train,val,2930,5215,sajad-baharvandi-xtj4Yhvjsvk-unsplash.jpg
salmen-bejaoui-5D-5BHyNLt0-unsplash.jpg,nofire,unsplash,unsplash_salmen-bejaoui,train,val,6000,4000,salmen-bejaoui-5D-5BHyNLt0-unsplash.jpg
sante-capobianco-a89LR5R20k4-unsplash.jpg,nofire,unsplash,unsplash_sante-capobianco,train,val,3186,4248,sante-capobianco-a89LR5R20k4-unsplash.jpg
sean-foster-rMCNleINHPw-unsplash.jpg,nofire,unsplash,unsplash_sean-foster,train,val,3456,5184,sean-foster-rMCNleINHPw-unsplash.jpg
sean-foster-ulNJ7tgraTo-unsplash.jpg,nofire,unsplash,unsplash_sean-foster,train,val,5184,3456,sean-foster-ulNJ7tgraTo-unsplash.jpg
shaah-shahidh-Xqj_cMVI3-E-unsplash.jpg,nofire,unsplash,unsplash_shaah-shahidh,test,val,4000,3000,shaah-shahidh-Xqj_cMVI3-E-unsplash.jpg
shivansh-singh-MuD4DADl9fc-unsplash.jpg,nofire,unsplash,unsplash_shivansh-singh,train,val,3344,2508,shivansh-singh-MuD4DADl9fc-unsplash.jpg
soheb-zaidi-Hp8NymG7IIU-unsplash.jpg,nofire,unsplash,unsplash_soheb-zaidi,val,val,3984,2656,soheb-zaidi-Hp8NymG7IIU-unsplash.jpg
stefan-briggs-QnTrOktAp9k-unsplash.jpg,nofire,unsplash,unsplash_stefan-briggs,test,val,3958,3032,stefan-briggs-QnTrOktAp9k-unsplash.jpg
steije-hillewaert-I8gOQo-CXQk-unsplash.jpg,nofire,unsplash,unsplash_steije-hillewaert,val,val,2992,3992,steije-hillewaert-I8gOQo-CXQk-unsplash.jpg
subhasish-dutta-toW4Nybgl_M-unsplash.jpg,nofire,unsplash,unsplash_subhasish-dutta,train,val,4000,4082,subhasish-dutta-toW4Nybgl_M-unsplash.jpg
sylwia-bartyzel-tME8s001BNQ-unsplash.jpg,nofire,unsplash,unsplash_sylwia-bartyzel,train,val,4928,3264,sylwia-bartyzel-tME8s001BNQ-unsplash.jpg
tandya-rachmat-UapXwTcw5XE-unsplash.jpg,nofire,unsplash,unsplash_tandya-rachmat,train,val,3328,8000,tandya-rachmat-UapXwTcw5XE-unsplash.jpg
tautvydas-juknevicius-rYO6kc3mXfo-unsplash.jpg,nofire,unsplash,unsplash_tautvydas-juknevicius,train,val,3992,2242,tautvydas-juknevicius-rYO6kc3mXfo-unsplash.jpg
thomas-tixtaaz-RA6vbIVis2Y-unsplash.jpg,nofire,unsplash,unsplash_thomas-tixtaaz,val,val,4608,3456,thomas-tixtaaz-RA6vbIVis2Y-unsplash.jpg
tim-mossholder-p3kpqGBRPok-unsplash.jpg,nofire,unsplash,unsplash_tim-mossholder,train,val,3008,2000,tim-mossholder-p3kpqGBRPok-unsplash.jpg
tobias-reich-0AGM_55Beuw-unsplash.jpg,nofire,unsplash,unsplash_tobias-reich,train,val,4017,3013,tobias-reich-0AGM_55Beuw-unsplash.jpg
tobias-tullius-RhjVGxILcqE-unsplash.jpg,nofire,unsplash,unsplash_tobias-tullius,test,val,3008,2000,tobias-tullius-RhjVGxILcqE-unsplash.jpg
tomas-kor-IY33j3_vpIY-unsplash.jpg,nofire,unsplash,unsplash_tomas-kor,train,val,4000,3000,tomas-kor-IY33j3_vpIY-unsplash.jpg
tomas-kor-skyj5sJOim8-unsplash.jpg,nofire,unsplash,unsplash_tomas-kor,train,val,3485,2391,tomas-kor-skyj5sJOim8-unsplash.jpg
tomas-trajan-tU1vOEIYucQ-unsplash.jpg,nofire,unsplash,unsplash_tomas-trajan,train,val,2160,3240,tomas-trajan-tU1vOEIYucQ-unsplash.jpg
tony-l-lNJK66HPWag-unsplash.jpg,nofire,unsplash,unsplash_tony-l,train,val,4000,6000,tony-l-lNJK66HPWag-unsplash.jpg
tony-phan-xnT_Yyw_Di8-unsplash.jpg,nofire,unsplash,unsplash_tony-phan,train,val,4000,6000,tony-phan-xnT_Yyw_Di8-unsplash.jpg
tyler-lastovich-KQU1OHFLKgE-unsplash.jpg,nofire,unsplash,unsplash_tyler-lastovich,train,val,4000,2750,tyler-lastovich-KQU1OHFLKgE-unsplash.jpg
usman-omar-ho7e8JYEo3w-unsplash.jpg,nofire,unsplash,unsplash_usman-omar,train,val,3264,4928,usman-omar-ho7e8JYEo3w-unsplash.jpg
v2osk-1Z2niiBPg5A-unsplash.jpg,nofire,unsplash,unsplash_v2osk-1Z2niiBPg5A,val,val,7372,4392,v2osk-1Z2niiBPg5A-unsplash.jpg
vashishtha-jogi-FRphS4dfsMk-unsplash.jpg,nofire,unsplash,unsplash_vashishtha-jogi,train,val,4398,2997,vashishtha-jogi-FRphS4dfsMk-unsplash.jpg
wes-hicks-u-jh6blYQmQ-unsplash.jpg,nofire,unsplash,unsplash_wes-hicks,train,val,6720,4480,wes-hicks-u-jh6blYQmQ-unsplash.jpg
will-swann-nYvZYB2NKdY-unsplash.jpg,nofire,unsplash,unsplash_will-swann,train,val,4000,6000,will-swann-nYvZYB2NKdY-unsplash.jpg
wunna-aung-DubvD-hEd3M-unsplash.jpg,nofire,unsplash,unsplash_wunna-aung,train,val,5853,3902,wunna-aung-DubvD-hEd3M-unsplash.jpg
yang-song-PTgPdhrg5aQ-unsplash.jpg,nofire,unsplash,unsplash_yang-song,val,val,5472,2712,yang-song-PTgPdhrg5aQ-unsplash.jpg
yann-allegre--LAsMAK_qok-unsplash.jpg,nofire,unsplash,unsplash_yann-allegre,test,val,3931,4914,yann-allegre--LAsMAK_qok-unsplash.jpg
yannik-mika-ymRMOsSgRRA-unsplash.jpg,nofire,unsplash,unsplash_yannik-mika,val,val,4032,2268,yannik-mika-ymRMOsSgRRA-unsplash.jpg
zach-taiji-iBh14jRMBI4-unsplash.jpg,nofire,unsplash,unsplash_zach-taiji,train,val,4351,2869,zach-taiji-iBh14jRMBI4-unsplash.jpg
zainal-azrin-mohamad-saari-4NBUUxceWf4-unsplash.jpg,nofire,unsplash,unsplash_zainal-azrin,train,val,4000,3000,zainal-azrin-mohamad-saari-4NBUUxceWf4-unsplash.jpg
zetong-li-HLvjhUqi1bM-unsplash.jpg,nofire,unsplash,unsplash_zetong-li,train,val,8200,4612,zetong-li-HLvjhUqi1bM-unsplash.jpg
zetong-li-teBqf0BTY_8-unsplash.jpg,nofire,unsplash,unsplash_zetong-li,train,val,6048,4024,zetong-li-teBqf0BTY_8-unsplash.jpg
zetong-li-vHIOWBWo3rc-unsplash.jpg,nofire,unsplash,unsplash_zetong-li,train,val,5681,3780,zetong-li-vHIOWBWo3rc-unsplash.jpg
19196558588_267f24b847_o.jpg,fire,flickr,flickr_s23,train,test,17000,4616,19196558588_267f24b847_o.jpg
20960888741_8c4be2c1df_o.jpg,fire,flickr,flickr_s33,train,test,4000,2248,20960888741_8c4be2c1df_o.jpg
26131736898_9e6a8cd68f_o.jpg,fire,flickr,flickr_s75,train,test,3200,2020,26131736898_9e6a8cd68f_o.jpg
26549039025_b4cce14ec7_o.jpg,fire,flickr,flickr_s78,test,test,8257,4500,26549039025_b4cce14ec7_o.jpg
27002088114_aa5cc7f353_o.jpg,fire,flickr,flickr_s80,test,test,4928,3264,27002088114_aa5cc7f353_o.jpg
27335331950_39b376eddd_o.jpg,fire,flickr,flickr_s83,train,test,4928,3264,27335331950_39b376eddd_o.jpg
27389369514_cd30397ac2_o.jpg,fire,flickr,flickr_s85,train,test,4608,3456,27389369514_cd30397ac2_o.jpg
27951228213_2dd961ac1f_o.jpg,fire,flickr,flickr_s90,test,test,1188,792,27951228213_2dd961ac1f_o.jpg
27968020506_5f1a59f2a5_o.jpg,fire,flickr,flickr_s91,val,test,2560,1440,27968020506_5f1a59f2a5_o.jpg
28020330864_d7a2429a7e_o.jpg,fire,flickr,flickr_s94,train,test,1000,1500,28020330864_d7a2429a7e_o.jpg
28347651877_ce21ed134e_o.png,fire,flickr,flickr_s97,train,test,800,600,28347651877_ce21ed134e_o.jpg
28431967367_37bc44b0c1_o.jpg,fire,flickr,flickr_s99,train,test,5472,3648,28431967367_37bc44b0c1_o.jpg
28431975607_7fc4cc466c_o.jpg,fire,flickr,flickr_s99,train,test,5472,3648,28431975607_7fc4cc466c_o.jpg
28431976467_0ff1af4b17_o.jpg,fire,flickr,flickr_s99,train,test,5472,3648,28431976467_0ff1af4b17_o.jpg
28528946360_5254cdafba_o.jpg,fire,flickr,flickr_s103,test,test,1280,1280,28528946360_5254cdafba_o.jpg
28537699003_1a422593ca_o.jpg,fire,flickr,flickr_s105,train,test,375,500,28537699003_1a422593ca_o.jpg
28809454424_c694988115_o.jpg,fire,flickr,flickr_s114,train,test,5760,3840,28809454424_c694988115_o.jpg
28811952773_710e9d2d23_o.jpg,fire,flickr,flickr_s115,train,test,3264,2448,28811952773_710e9d2d23_o.jpg
28839451467_99ba52a28b_o.jpg,fire,flickr,flickr_s117,train,test,1072,804,28839451467_99ba52a28b_o.jpg
29050868872_a81cc9e411_o.jpg,fire,flickr,flickr_s126,train,test,960,540,29050868872_a81cc9e411_o.jpg
29071683967_b1ed99cb89_o.jpg,fire,flickr,flickr_s129,val,test,5900,3729,29071683967_b1ed99cb89_o.jpg
29123316786_b55ae67b44_o.jpg,fire,flickr,flickr_s132,val,test,3648,5472,29123316786_b55ae67b44_o.jpg
29217093202_705f9dda46_o.jpg,fire,flickr,flickr_s136,train,test,5107,3385,29217093202_705f9dda46_o.jpg
29431355988_ba5c97c131_o.jpg,fire,flickr,flickr_s143,train,test,5472,3648,29431355988_ba5c97c131_o.jpg
30227808988_2cd8f53145_o.jpg,fire,flickr,flickr_s154,train,test,5685,3789,30227808988_2cd8f53145_o.jpg
32923774463_8a894851d1_o.jpg,fire,flickr,flickr_s168,train,test,4272,2848,32923774463_8a894851d1_o.jpg
32923781413_197187fc02_o.jpg,fire,flickr,flickr_s168,train,test,4272,2848,32923781413_197187fc02_o.jpg
33100052071_1903ff386b_o.jpg,fire,flickr,flickr_s171,train,test,480,640,33100052071_1903ff386b_o.jpg
33116128054_0169df2131_o.jpg,fire,flickr,flickr_s173,test,test,1334,750,33116128054_0169df2131_o.jpg
33352231150_03c54e5e9b_o.jpg,fire,flickr,flickr_s177,train,test,4272,2848,33352231150_03c54e5e9b_o.jpg
34025009332_4229aabd8d_o.jpg,fire,flickr,flickr_s187,val,test,2540,1905,34025009332_4229aabd8d_o.jpg
34549858860_4a9183e9af_o.jpg,fire,flickr,flickr_s192,train,test,4032,3024,34549858860_4a9183e9af_o.jpg
34823336661_82a258fa12_o.jpg,fire,flickr,flickr_s200,train,test,2250,3000,34823336661_82a258fa12_o.jpg
34957472404_14d39d5c12_o.jpg,fire,flickr,flickr_s204,train,test,5312,2988,34957472404_14d39d5c12_o.jpg
34984770664_84f9f5cc6c_o.jpg,fire,flickr,flickr_s206,train,test,1200,949,34984770664_84f9f5cc6c_o.jpg
35015024723_7500837d08_o.jpg,fire,flickr,flickr_s208,train,test,1200,926,35015024723_7500837d08_o.jpg
35410488130_9455032ce9_o.jpg,fire,flickr,flickr_s211,train,test,3264,2448,35410488130_9455032ce9_o.jpg
35410492380_c881508ce7_o.jpg,fire,flickr,flickr_s211,train,test,3264,2448,35410492380_c881508ce7_o.jpg
35410741240_4dde737981_o.jpg,fire,flickr,flickr_s212,train,test,3264,2448,35410741240_4dde737981_o.jpg
35436556160_7c7c9ab2b2_o.jpg,fire,flickr,flickr_s213,train,test,1100,619,35436556160_7c7c9ab2b2_o.jpg
35436611810_9b938fc10c_o.jpg,fire,flickr,flickr_s213,train,test,1200,816,35436611810_9b938fc10c_o.jpg
35531872313_eb8772df72_o.jpg,fire,flickr,flickr_s216,val,test,5356,3588,35531872313_eb8772df72_o.jpg
35531882843_042b0075e7_o.jpg,fire,flickr,flickr_s216,val,test,5360,3580,35531882843_042b0075e7_o.jpg
35784580196_cb15962e4e_o.jpg,fire,flickr,flickr_s229,test,test,1100,619,35784580196_cb15962e4e_o.jpg
36171933842_96ffbd3205_o.jpg,fire,flickr,flickr_s238,test,test,5360,3580,36171933842_96ffbd3205_o.jpg
36171934502_d220ec0b90_o.jpg,fire,flickr,flickr_s238,test,test,5360,3588,36171934502_d220ec0b90_o.jpg
36171982712_d1839b35aa_o.jpg,fire,flickr,flickr_s238,test,test,5348,3568,36171982712_d1839b35aa_o.jpg
36204002431_91b77a7dc5_o.jpg,fire,flickr,flickr_s240,train,test,5356,3592,36204002431_91b77a7dc5_o.jpg
36296148516_0a2b440e28_o.jpg,fire,flickr,flickr_s244,train,test,5356,3584,36296148516_0a2b440e28_o.jpg
36891202290_e559c37e66_o.jpg,fire,flickr,flickr_s267,train,test,5760,3840,36891202290_e559c37e66_o.jpg
37325108026_bb99689e1f_o.jpg,fire,flickr,flickr_s274,train,test,3264,2448,37325108026_bb99689e1f_o.jpg
37342469502_36f0ec280c_o.jpg,fire,flickr,flickr_s275,val,test,2048,1536,37342469502_36f0ec280c_o.jpg
37342469552_ca9891fdd5_o.jpg,fire,flickr,flickr_s275,val,test,960,540,37342469552_ca9891fdd5_o.jpg
37342470222_39ab7a0005_o.jpg,fire,flickr,flickr_s275,val,test,640,360,37342470222_39ab7a0005_o.jpg
41094811384_1382be1721_o.jpg,fire,flickr,flickr_s300,train,test,6000,4000,41094811384_1382be1721_o.jpg
41816155542_df8bf25a37_o.jpg,fire,flickr,flickr_s308,test,test,6016,4000,41816155542_df8bf25a37_o.jpg
41870900650_fb240bb4ac_o.jpg,fire,flickr,flickr_s309,train,test,640,480,41870900650_fb240bb4ac_o.jpg
42286648270_e517db94be_o.jpg,fire,flickr,flickr_s316,train,test,6000,4000,42286648270_e517db94be_o.jpg
42582898944_13a64c057f_o.jpg,fire,flickr,flickr_s321,train,test,5472,3648,42582898944_13a64c057f_o.jpg
42818488645_1588e3fc8d_o.jpg,fire,flickr,flickr_s325,train,test,5184,3456,42818488645_1588e3fc8d_o.jpg
43145068490_8263ca98d9_o.jpg,fire,flickr,flickr_s333,test,test,3000,2000,43145068490_8263ca98d9_o.jpg
43772086021_c501debc58_o.jpg,fire,flickr,flickr_s343,train,test,1536,2048,43772086021_c501debc58_o.jpg
44629829372_5916777e44_o.jpg,fire,flickr,flickr_s352,val,test,6240,4160,44629829372_5916777e44_o.jpg
45642971861_abbca24c56_o.jpg,fire,flickr,flickr_s365,train,test,6000,3376,45642971861_abbca24c56_o.jpg
45922878832_c4755cc402_o.jpg,fire,flickr,flickr_s366,train,test,5727,3222,45922878832_c4755cc402_o.jpg
45972183211_9a67172c34_o.jpg,fire,flickr,flickr_s368,test,test,5453,3636,45972183211_9a67172c34_o.jpg
46580252795_53d18db27b_o.jpg,fire,flickr,flickr_s370,train,test,6000,4000,46580252795_53d18db27b_o.jpg
48250059981_62acdb5742_o.jpg,fire,flickr,flickr_s372,train,test,4272,2848,48250059981_62acdb5742_o.jpg
48250134737_d2cd909008_o.jpg,fire,flickr,flickr_s372,train,test,4272,2848,48250134737_d2cd909008_o.jpg
48690175756_6a3aca7c53_o.jpg,fire,flickr,flickr_s378,train,test,3000,2250,48690175756_6a3aca7c53_o.jpg
50229336772_7f5719786b_o.jpg,fire,flickr,flickr_s401,train,test,3000,2808,50229336772_7f5719786b_o.jpg
50237377031_208e2379f2_o.jpg,fire,flickr,flickr_s405,train,test,2500,1667,50237377031_208e2379f2_o.jpg
50237932316_549109d674_o.jpg,fire,flickr,flickr_s407,val,test,4032,3024,50237932316_549109d674_o.jpg
50238074027_f2473f2d8a_o.jpg,fire,flickr,flickr_s408,test,test,3024,4032,50238074027_f2473f2d8a_o.jpg
50245620368_2f03cf7055_o.jpg,fire,flickr,flickr_s410,train,test,4032,3024,50245620368_2f03cf7055_o.jpg
50245909001_e383b539af_o.jpg,fire,flickr,flickr_s411,test,test,1280,960,50245909001_e383b539af_o.jpg
50293973463_065aaf4378_o.jpg,fire,flickr,flickr_s416,test,test,4032,3024,50293973463_065aaf4378_o.jpg
50321123752_d1ae13455a_o.jpg,fire,flickr,flickr_s425,train,test,8256,5504,50321123752_d1ae13455a_o.jpg
50321143652_b8f0cefa95_o.jpg,fire,flickr,flickr_s425,train,test,8256,5504,50321143652_b8f0cefa95_o.jpg
50322960443_27d53066ce_o.jpg,fire,flickr,flickr_s426,val,test,1200,900,50322960443_27d53066ce_o.jpg
50323624771_c50229c6f9_o.jpg,fire,flickr,flickr_s427,train,test,1440,960,50323624771_c50229c6f9_o.jpg
50331586642_e1f77b7c27_o.jpg,fire,flickr,flickr_s429,train,test,2560,1244,50331586642_e1f77b7c27_o.jpg
50380652301_a49c4c245b_o.jpg,fire,flickr,flickr_s434,train,test,1536,1152,50380652301_a49c4c245b_o.jpg
50380846762_05de20fe60_o.jpg,fire,flickr,flickr_s435,test,test,4032,3024,50380846762_05de20fe60_o.jpg
50380847162_24a484981b_o.jpg,fire,flickr,flickr_s435,test,test,2250,3000,50380847162_24a484981b_o.jpg
50408559278_10f041ed61_o.jpg,fire,flickr,flickr_s437,val,test,864,648,50408559278_10f041ed61_o.jpg
50517815722_17ae2240d2_o.jpg,fire,flickr,flickr_s442,train,test,2000,1500,50517815722_17ae2240d2_o.jpg
50517815882_2959039cc0_o.jpg,fire,flickr,flickr_s442,train,test,4032,3024,50517815882_2959039cc0_o.jpg
50575966873_8cef16dcc6_o.jpg,fire,flickr,flickr_s443,test,test,960,1280,50575966873_8cef16dcc6_o.jpg
50622019883_c988dcf6ba_o.jpg,fire,flickr,flickr_s448,train,test,1280,960,50622019883_c988dcf6ba_o.jpg
50622843556_679c9aec75_o.jpg,fire,flickr,flickr_s450,train,test,4912,3264,50622843556_679c9aec75_o.jpg
50622961901_b344261876_o.jpg,fire,flickr,flickr_s450,train,test,10244,3315,50622961901_b344261876_o.jpg
51233526390_1d23dbc6b5_o.jpg,fire,flickr,flickr_s467,train,test,2641,1981,51233526390_1d23dbc6b5_o.jpg
51236039150_95c87d9260_o.jpg,fire,flickr,flickr_s473,train,test,4608,3456,51236039150_95c87d9260_o.jpg
51284080730_6ab71a3862_o.jpg,fire,flickr,flickr_s480,test,test,3520,1980,51284080730_6ab71a3862_o.jpg
51306907748_6e28024e7d_o.jpg,fire,flickr,flickr_s486,train,test,1600,900,51306907748_6e28024e7d_o.jpg
51339519791_6c87189d8b_o.jpg,fire,flickr,flickr_s490,test,test,4032,3024,51339519791_6c87189d8b_o.jpg
51341732084_4bb62bfa4c_o.jpg,fire,flickr,flickr_s491,train,test,4030,2536,51341732084_4bb62bfa4c_o.jpg
51404893429_95e004cb03_o.jpg,fire,flickr,flickr_s497,train,test,2420,1816,51404893429_95e004cb03_o.jpg
51685793514_6fa6a94347_o.jpg,fire,flickr,flickr_s506,train,test,2800,2000,51685793514_6fa6a94347_o.jpg
51785682491_8b035b8bbb_o.jpg,fire,flickr,flickr_s511,train,test,6000,4000,51785682491_8b035b8bbb_o.jpg
51839424127_49f8e61656_o.jpg,fire,flickr,flickr_s516,train,test,1000,1000,51839424127_49f8e61656_o.jpg
51840740529_300582b71b_o.jpg,fire,flickr,flickr_s518,test,test,5472,3648,51840740529_300582b71b_o.jpg
51840740734_ef14b3e4dd_o.jpg,fire,flickr,flickr_s518,test,test,1280,960,51840740734_ef14b3e4dd_o.jpg
51840740744_6b8646f329_o.jpg,fire,flickr,flickr_s518,test,test,4032,3024,51840740744_6b8646f329_o.jpg
51841108815_6d296388af_o.jpg,fire,flickr,flickr_s519,train,test,1632,1224,51841108815_6d296388af_o.jpg
52036933602_3e5592af75_o.jpg,fire,flickr,flickr_s529,train,test,667,1000,52036933602_3e5592af75_o.jpg
52106050158_5ef7a57835_o.jpg,fire,flickr,flickr_s538,train,test,7360,4912,52106050158_5ef7a57835_o.jpg
52178171048_d3745e41da_o.jpg,fire,flickr,flickr_s542,train,test,960,1280,52178171048_d3745e41da_o.jpg
52224743582_c267792d90_o.jpg,fire,flickr,flickr_s544,train,test,3024,4032,52224743582_c267792d90_o.jpg
52224745932_9f43b81b98_o.jpg,fire,flickr,flickr_s544,train,test,2448,3264,52224745932_9f43b81b98_o.jpg
52224774932_ea3e1aca55_o.jpg,fire,flickr,flickr_s544,train,test,2048,1536,52224774932_ea3e1aca55_o.jpg
52225751111_53c7f3b819_o.jpg,fire,flickr,flickr_s545,train,test,3264,2448,52225751111_53c7f3b819_o.jpg
52227794918_250e3e0ba6_o.jpg,fire,flickr,flickr_s548,train,test,4608,3456,52227794918_250e3e0ba6_o.jpg
52230132421_efbcf13fe2_o.png,fire,flickr,flickr_s551,train,test,1280,960,52230132421_efbcf13fe2_o.jpg
52230401409_3653f5cf3b_o.png,fire,flickr,flickr_s552,train,test,960,1280,52230401409_3653f5cf3b_o.jpg
52231247312_2442b7ef01_o.jpg,fire,flickr,flickr_s553,test,test,4608,3456,52231247312_2442b7ef01_o.jpg
52258839816_bbb2d7b2ac_o.jpg,fire,flickr,flickr_s559,train,test,1280,960,52258839816_bbb2d7b2ac_o.jpg
52289825127_2e4869a883_o.jpg,fire,flickr,flickr_s563,train,test,620,465,52289825127_2e4869a883_o.jpg
52290796314_c886e9fd0e_o.jpg,fire,flickr,flickr_s566,val,test,180,240,52290796314_c886e9fd0e_o.jpg
52290801988_c24208ebc2_o.jpg,fire,flickr,flickr_s566,val,test,620,465,52290801988_c24208ebc2_o.jpg
52291063924_0a29bb857f_o.jpg,fire,flickr,flickr_s567,test,test,620,279,52291063924_0a29bb857f_o.jpg
52293015808_1e4f9d5b0a_o.jpg,fire,flickr,flickr_s570,train,test,620,229,52293015808_1e4f9d5b0a_o.jpg
52293502090_77032c6be0_o.jpg,fire,flickr,flickr_s572,val,test,620,294,52293502090_77032c6be0_o.jpg
52297292176_94a7486256_o.jpg,fire,flickr,flickr_s576,train,test,620,465,52297292176_94a7486256_o.jpg
52304531978_24c1bbebcf_o.png,fire,flickr,flickr_s577,test,test,2106,1404,52304531978_24c1bbebcf_o.jpg
52374364783_31f068752b_o.jpg,fire,flickr,flickr_s591,test,test,2000,1500,52374364783_31f068752b_o.jpg
52390588912_3c6e5f2f67_o.jpg,fire,flickr,flickr_s592,train,test,4005,3004,52390588912_3c6e5f2f67_o.jpg
52390706166_2ef8a61765_o.jpg,fire,flickr,flickr_s593,train,test,1512,2016,52390706166_2ef8a61765_o.jpg
52391937615_5103401805_o.jpg,fire,flickr,flickr_s594,train,test,946,1261,52391937615_5103401805_o.jpg
52465192596_bdd7f52f1c_o.png,fire,flickr,flickr_s606,train,test,3024,4032,52465192596_bdd7f52f1c_o.jpg
52465911062_9046fcbb0f_o.jpg,fire,flickr,flickr_s609,test,test,4032,3024,52465911062_9046fcbb0f_o.jpg
52466691809_7b709ba3af_o.jpg,fire,flickr,flickr_s612,val,test,4032,3024,52466691809_7b709ba3af_o.jpg
52466779720_f12b1c76f8_o.jpg,fire,flickr,flickr_s612,val,test,2048,1536,52466779720_f12b1c76f8_o.jpg
52530147676_f293f65c1d_o.jpg,fire,flickr,flickr_s618,val,test,5184,3456,52530147676_f293f65c1d_o.jpg
52530238331_60e6ced567_o.jpg,fire,flickr,flickr_s618,val,test,4032,2268,52530238331_60e6ced567_o.jpg
52561565423_bbc7b2daf8_o.jpg,fire,flickr,flickr_s622,train,test,4032,3024,52561565423_bbc7b2daf8_o.jpg
52573007327_cc6dfd6afe_o.jpg,fire,flickr,flickr_s623,train,test,4032,3024,52573007327_cc6dfd6afe_o.jpg
52573687964_c448942429_o.jpg,fire,flickr,flickr_s624,val,test,4032,3024,52573687964_c448942429_o.jpg
52871129020_848fde461c_o.jpg,fire,flickr,flickr_s632,test,test,2048,1536,52871129020_848fde461c_o.jpg
52871185823_2561dcb25a_o.jpg,fire,flickr,flickr_s632,test,test,2048,1536,52871185823_2561dcb25a_o.jpg
52925330921_787d02fcd0_o.jpg,fire,flickr,flickr_s636,train,test,1280,960,52925330921_787d02fcd0_o.jpg
53080010483_005d9f15a9_o.jpg,fire,flickr,flickr_s648,val,test,4030,3023,53080010483_005d9f15a9_o.jpg
8468567365_18760a6d8b_o.jpg,fire,flickr,flickr_s5,train,test,3048,2096,8468567365_18760a6d8b_o.jpg
8468567451_a6900fa875_o.jpg,fire,flickr,flickr_s5,train,test,2244,3384,8468567451_a6900fa875_o.jpg
8469662828_371dbcb70d_o.jpg,fire,flickr,flickr_s6,test,test,3224,2040,8469662828_371dbcb70d_o.jpg
8469663002_0ee1993038_o.jpg,fire,flickr,flickr_s6,test,test,3456,2304,8469663002_0ee1993038_o.jpg
9570772331_0822c9b670_o.jpg,fire,flickr,flickr_s10,train,test,4128,2322,9570772331_0822c9b670_o.jpg
9573557452_dfb9664b2f_o.jpg,fire,flickr,flickr_s11,train,test,4128,2322,9573557452_dfb9664b2f_o.jpg
9573568070_ec00ce554d_o.jpg,fire,flickr,flickr_s11,train,test,4128,2322,9573568070_ec00ce554d_o.jpg
9598063779_5a497ff60e_o.jpg,fire,flickr,flickr_s12,train,test,4128,2322,9598063779_5a497ff60e_o.jpg
9600858470_9d349a2271_o.jpg,fire,flickr,flickr_s14,train,test,2322,4128,9600858470_9d349a2271_o.jpg
malachi-brooks-44Kg_VToFzU-unsplash.jpg,fire,unsplash,unsplash_malachi-brooks,val,test,4592,3064,malachi-brooks-44Kg_VToFzU-unsplash.jpg
malachi-brooks-QFa3PaR5aos-unsplash.jpg,fire,unsplash,unsplash_malachi-brooks,val,test,4592,3064,malachi-brooks-QFa3PaR5aos-unsplash.jpg
malachi-brooks-lhZ61YqYhnA-unsplash.jpg,fire,unsplash,unsplash_malachi-brooks,val,test,4592,3448,malachi-brooks-lhZ61YqYhnA-unsplash.jpg
matt-palmer-kbTp7dBzHyY-unsplash.jpg,fire,unsplash,unsplash_matt-palmer,train,test,7952,5304,matt-palmer-kbTp7dBzHyY-unsplash.jpg
matt-palmer-qmFU0516eAk-unsplash.jpg,fire,unsplash,unsplash_matt-palmer,train,test,7952,5304,matt-palmer-qmFU0516eAk-unsplash.jpg
michael-chacon-wRw3L6hwB2E-unsplash.jpg,fire,unsplash,unsplash_michael-chacon,train,test,4288,2848,michael-chacon-wRw3L6hwB2E-unsplash.jpg
norman-meyer-tai1cTT5eX0-unsplash.jpg,fire,unsplash,unsplash_norman-meyer,train,test,7360,4912,norman-meyer-tai1cTT5eX0-unsplash.jpg
23289748533_1a14a0f249_o.jpg,nofire,flickr,flickr_s50,train,test,4095,2719,23289748533_1a14a0f249_o.jpg
24498907094_491ca433dd_o.jpg,nofire,flickr,flickr_s67,test,test,1500,1125,24498907094_491ca433dd_o.jpg
33696343816_811bd98925_o.jpg,nofire,flickr,flickr_s183,train,test,4272,2848,33696343816_811bd98925_o.jpg
35554264024_b33afa21ac_o.jpg,nofire,flickr,flickr_s219,test,test,16632,5810,35554264024_b33afa21ac_o.jpg
35581707273_fed23248e8_o.jpg,nofire,flickr,flickr_s220,test,test,15923,5934,35581707273_fed23248e8_o.jpg
36644001004_f3e3a56edc_o.jpg,nofire,flickr,flickr_s257,test,test,12814,3660,36644001004_f3e3a56edc_o.jpg
39728540251_888dc24afa_o.jpg,nofire,flickr,flickr_s291,train,test,4272,2848,39728540251_888dc24afa_o.jpg
41058079202_08ce34a338_o.jpg,nofire,flickr,flickr_s299,train,test,518,291,41058079202_08ce34a338_o.jpg
42376136734_b4524237bf_o.jpg,nofire,flickr,flickr_s317,test,test,3008,2000,42376136734_b4524237bf_o.jpg
43078090081_07d1f9ec0f_o.jpg,nofire,flickr,flickr_s332,test,test,1126,2001,43078090081_07d1f9ec0f_o.jpg
45636031272_8408d32834_o.jpg,nofire,flickr,flickr_s364,test,test,6720,4480,45636031272_8408d32834_o.jpg
49200563427_e5295b4455_o.jpg,nofire,flickr,flickr_s382,val,test,3456,2304,49200563427_e5295b4455_o.jpg
49422069676_3e89abc052_o.jpg,nofire,flickr,flickr_s384,test,test,4032,3024,49422069676_3e89abc052_o.jpg
50010867961_903b6432f7_o.jpg,nofire,flickr,flickr_s391,val,test,1024,767,50010867961_903b6432f7_o.jpg
50380847112_db217aea45_o.jpg,nofire,flickr,flickr_s435,test,test,4032,3024,50380847112_db217aea45_o.jpg
51099217941_143488e656_o.jpg,nofire,flickr,flickr_s455,test,test,4032,3024,51099217941_143488e656_o.jpg
52357656897_dde5e5a66a_o.jpg,nofire,flickr,flickr_s584,train,test,4000,2702,52357656897_dde5e5a66a_o.jpg
52358616216_ec885ff145_o.jpg,nofire,flickr,flickr_s585,train,test,4000,2667,52358616216_ec885ff145_o.jpg
52358931719_b6fbcc77f2_o.jpg,nofire,flickr,flickr_s586,test,test,4000,2380,52358931719_b6fbcc77f2_o.jpg
52359026765_4a4ba189c8_o.jpg,nofire,flickr,flickr_s586,test,test,3840,2160,52359026765_4a4ba189c8_o.jpg
52359041065_1566fd6ec1_o.jpg,nofire,flickr,flickr_s586,test,test,4000,1485,52359041065_1566fd6ec1_o.jpg
52452040025_916ddf3f9d_o.jpg,nofire,flickr,flickr_s601,train,test,4000,2665,52452040025_916ddf3f9d_o.jpg
52452051055_4e2a4e4de0_o.jpg,nofire,flickr,flickr_s601,train,test,4000,2665,52452051055_4e2a4e4de0_o.jpg
53078944067_43c7e3552a_o.jpg,nofire,flickr,flickr_s645,test,test,1440,1920,53078944067_43c7e3552a_o.jpg
adrian-mag-l9p-7JBmVFE-unsplash.jpg,nofire,unsplash,unsplash_adrian-mag,train,test,4000,6000,adrian-mag-l9p-7JBmVFE-unsplash.jpg
alan-hardman-pLq3oZDUEWk-unsplash.jpg,nofire,unsplash,unsplash_alan-hardman,train,test,3968,2976,alan-hardman-pLq3oZDUEWk-unsplash.jpg
ales-krivec-7-Og8aZTRyM-unsplash.jpg,nofire,unsplash,unsplash_ales-krivec,train,test,7360,4300,ales-krivec-7-Og8aZTRyM-unsplash.jpg
ales-krivec-VfMgiZscSXE-unsplash.jpg,nofire,unsplash,unsplash_ales-krivec,train,test,7331,4874,ales-krivec-VfMgiZscSXE-unsplash.jpg
ales-krivec-sTEg_SLAyUs-unsplash.jpg,nofire,unsplash,unsplash_ales-krivec,train,test,7360,3920,ales-krivec-sTEg_SLAyUs-unsplash.jpg
alina-fedorchenko-UyQU4SlZTaA-unsplash.jpg,nofire,unsplash,unsplash_alina-fedorchenko,train,test,6000,4000,alina-fedorchenko-UyQU4SlZTaA-unsplash.jpg
alina-fedorchenko-p2B1b56FjvQ-unsplash.jpg,nofire,unsplash,unsplash_alina-fedorchenko,train,test,6000,4000,alina-fedorchenko-p2B1b56FjvQ-unsplash.jpg
andrei-p-Sc_jhFDkqQc-unsplash.jpg,nofire,unsplash,unsplash_andrei-p,train,test,5472,3648,andrei-p-Sc_jhFDkqQc-unsplash.jpg
andrew-svk-X4b2DK80F1k-unsplash.jpg,nofire,unsplash,unsplash_andrew-svk,train,test,5441,8161,andrew-svk-X4b2DK80F1k-unsplash.jpg
andrew-svk-ob1NS03tWSE-unsplash.jpg,nofire,unsplash,unsplash_andrew-svk,train,test,16384,6217,andrew-svk-ob1NS03tWSE-unsplash.jpg
annie-spratt-FdlsmCxwHGU-unsplash.jpg,nofire,unsplash,unsplash_annie-spratt,train,test,4000,3000,annie-spratt-FdlsmCxwHGU-unsplash.jpg
anthony-intraversato-YG5l5XIZ76w-unsplash.jpg,nofire,unsplash,unsplash_anthony-intraversato,train,test,4000,3000,anthony-intraversato-YG5l5XIZ76w-unsplash.jpg
anton-repponen-zNxlvCZhHNA-unsplash.jpg,nofire,unsplash,unsplash_anton-repponen,train,test,5760,3840,anton-repponen-zNxlvCZhHNA-unsplash.jpg
arnold-dogelis-04JZFPD5eBA-unsplash.jpg,nofire,unsplash,unsplash_arnold-dogelis,train,test,3992,2242,arnold-dogelis-04JZFPD5eBA-unsplash.jpg
arnold-dogelis-JN782tahBLI-unsplash.jpg,nofire,unsplash,unsplash_arnold-dogelis,train,test,3855,2165,arnold-dogelis-JN782tahBLI-unsplash.jpg
arnold-dogelis-lsjRjuJlg5M-unsplash.jpg,nofire,unsplash,unsplash_arnold-dogelis,train,test,3992,2242,arnold-dogelis-lsjRjuJlg5M-unsplash.jpg
artem-sapegin-8c6eS43iq1o-unsplash.jpg,nofire,unsplash,unsplash_artem-sapegin,train,test,5472,3648,artem-sapegin-8c6eS43iq1o-unsplash.jpg
augustine-wong-pdjFlhFqznc-unsplash.jpg,nofire,unsplash,unsplash_augustine-wong,train,test,3930,5888,augustine-wong-pdjFlhFqznc-unsplash.jpg
austin-schmid-zQ-y4Gj8194-unsplash.jpg,nofire,unsplash,unsplash_austin-schmid,val,test,5472,3648,austin-schmid-zQ-y4Gj8194-unsplash.jpg
bahadir-L2G0g3mSliU-unsplash.jpg,nofire,unsplash,unsplash_bahadir-L2G0g3mSliU,val,test,3328,7936,bahadir-L2G0g3mSliU-unsplash.jpg
balazs-busznyak-AhMSy4GpU0w-unsplash.jpg,nofire,unsplash,unsplash_balazs-busznyak,train,test,4096,2304,balazs-busznyak-AhMSy4GpU0w-unsplash.jpg
ben-den-engelsen-htcQ7uAWzAo-unsplash.jpg,nofire,unsplash,unsplash_ben-den,train,test,2242,3992,ben-den-engelsen-htcQ7uAWzAo-unsplash.jpg
bernd-dittrich-l8UiD8xY3IA-unsplash.jpg,nofire,unsplash,unsplash_bernd-dittrich,test,test,4036,2397,bernd-dittrich-l8UiD8xY3IA-unsplash.jpg
brendan-beale-h3qe4EZd4_4-unsplash.jpg,nofire,unsplash,unsplash_brendan-beale,train,test,7712,5784,brendan-beale-h3qe4EZd4_4-unsplash.jpg
caleb-russell-gYUK48mFopg-unsplash.jpg,nofire,unsplash,unsplash_caleb-russell,train,test,6000,4000,caleb-russell-gYUK48mFopg-unsplash.jpg
calvin-craig-MLf4-0_k-P8-unsplash.jpg,nofire,unsplash,unsplash_calvin-craig,train,test,5760,3840,calvin-craig-MLf4-0_k-P8-unsplash.jpg
carles-rabada-c9RYAY5f4Ac-unsplash.jpg,nofire,unsplash,unsplash_carles-rabada,test,test,5472,3078,carles-rabada-c9RYAY5f4Ac-unsplash.jpg
carles-rabada-f7UprkNqi08-unsplash.jpg,nofire,unsplash,unsplash_carles-rabada,test,test,3078,5472,carles-rabada-f7UprkNqi08-unsplash.jpg
casey-horner--ulHK_2i1aY-unsplash.jpg,nofire,unsplash,unsplash_casey-horner,train,test,3654,5473,casey-horner--ulHK_2i1aY-unsplash.jpg
casey-horner-TI2iMeyOo-o-unsplash.jpg,nofire,unsplash,unsplash_casey-horner,train,test,4016,6016,casey-horner-TI2iMeyOo-o-unsplash.jpg
casey-horner-Tmev8bpBSvw-unsplash.jpg,nofire,unsplash,unsplash_casey-horner,train,test,4028,4964,casey-horner-Tmev8bpBSvw-unsplash.jpg
cathal-mac-an-bheatha-6OrHxKx_tMc-unsplash.jpg,nofire,unsplash,unsplash_cathal-mac,train,test,3504,2336,cathal-mac-an-bheatha-6OrHxKx_tMc-unsplash.jpg
chris-barbalis-SIbpq4Lvzdk-unsplash.jpg,nofire,unsplash,unsplash_chris-barbalis,val,test,6000,4000,chris-barbalis-SIbpq4Lvzdk-unsplash.jpg
chris-linnett-FatkDF8j3pk-unsplash.jpg,nofire,unsplash,unsplash_chris-linnett,test,test,4308,2873,chris-linnett-FatkDF8j3pk-unsplash.jpg
christine-kozak-HuwH6i0_pwk-unsplash.jpg,nofire,unsplash,unsplash_christine-kozak,train,test,4000,6000,christine-kozak-HuwH6i0_pwk-unsplash.jpg
christopher-burns-9wgdqT2VNSE-unsplash.jpg,nofire,unsplash,unsplash_christopher-burns,val,test,5760,3840,christopher-burns-9wgdqT2VNSE-unsplash.jpg
clay-banks-EBW1p0vGqDc-unsplash.jpg,nofire,unsplash,unsplash_clay-banks,train,test,5000,3333,clay-banks-EBW1p0vGqDc-unsplash.jpg
clay-banks-yBAgX-oGSeo-unsplash.jpg,nofire,unsplash,unsplash_clay-banks,train,test,3800,2134,clay-banks-yBAgX-oGSeo-unsplash.jpg
cole-freeman-x2Gxd6ohasU-unsplash.jpg,nofire,unsplash,unsplash_cole-freeman,train,test,3968,2976,cole-freeman-x2Gxd6ohasU-unsplash.jpg
corey-agopian-XGOzlCNeP1I-unsplash.jpg,nofire,unsplash,unsplash_corey-agopian,train,test,4240,2832,corey-agopian-XGOzlCNeP1I-unsplash.jpg
cosmic-timetraveler-pIfF5Q8AYaE-unsplash.jpg,nofire,unsplash,unsplash_cosmic-timetraveler,test,test,6016,4000,cosmic-timetraveler-pIfF5Q8AYaE-unsplash.jpg
cristian-vieriu-lDC7L1cQCeY-unsplash.jpg,nofire,unsplash,unsplash_cristian-vieriu,train,test,4000,2250,cristian-vieriu-lDC7L1cQCeY-unsplash.jpg
dan-rogers-G807nWEuFIo-unsplash.jpg,nofire,unsplash,unsplash_dan-rogers,test,test,6000,4000,dan-rogers-G807nWEuFIo-unsplash.jpg
daniel-mirlea-sS7GkbDdpMY-unsplash.jpg,nofire,unsplash,unsplash_daniel-mirlea,test,test,4615,3079,daniel-mirlea-sS7GkbDdpMY-unsplash.jpg
daniil-silantev-JfAzBxcRbv4-unsplash.jpg,nofire,unsplash,unsplash_daniil-silantev,train,test,3268,4895,daniil-silantev-JfAzBxcRbv4-unsplash.jpg
daniil-silantev-VggwSJxYlAw-unsplash.jpg,nofire,unsplash,unsplash_daniil-silantev,train,test,2310,3461,daniil-silantev-VggwSJxYlAw-unsplash.jpg
darpan-WwegI5jjJ4c-unsplash.jpg,nofire,unsplash,unsplash_darpan-WwegI5jjJ4c,train,test,4000,5000,darpan-WwegI5jjJ4c-unsplash.jpg
dave-hoefler-H2fNMhs7lVo-unsplash.jpg,nofire,unsplash,unsplash_dave-hoefler,train,test,3977,2841,dave-hoefler-H2fNMhs7lVo-unsplash.jpg
dave-hoefler-U-Dhokv9iXk-unsplash.jpg,nofire,unsplash,unsplash_dave-hoefler,train,test,5760,3240,dave-hoefler-U-Dhokv9iXk-unsplash.jpg
dave-hoefler-UFnHt94r91w-unsplash.jpg,nofire,unsplash,unsplash_dave-hoefler,train,test,2841,3977,dave-hoefler-UFnHt94r91w-unsplash.jpg
dave-hoefler-XfRglWxgJXk-unsplash.jpg,nofire,unsplash,unsplash_dave-hoefler,train,test,3673,4591,dave-hoefler-XfRglWxgJXk-unsplash.jpg
dave-hoefler-swH_IVJGLDA-unsplash.jpg,nofire,unsplash,unsplash_dave-hoefler,train,test,3566,4992,dave-hoefler-swH_IVJGLDA-unsplash.jpg
dawson-mccormick-dZrXqr0IA8A-unsplash.jpg,nofire,unsplash,unsplash_dawson-mccormick,train,test,4480,6720,dawson-mccormick-dZrXqr0IA8A-unsplash.jpg
dimitry-ljasuk-7q3xrpcBwuM-unsplash.jpg,nofire,unsplash,unsplash_dimitry-ljasuk,val,test,3928,2946,dimitry-ljasuk-7q3xrpcBwuM-unsplash.jpg
dominik-fischer-90HyQxrg7ZE-unsplash.jpg,nofire,unsplash,unsplash_dominik-fischer,train,test,3543,2362,dominik-fischer-90HyQxrg7ZE-unsplash.jpg
drew-dau-w8uYD-4zbEo-unsplash.jpg,nofire,unsplash,unsplash_drew-dau,train,test,3648,5472,drew-dau-w8uYD-4zbEo-unsplash.jpg
eberhard-grossgasteiger--n-2Xhr3dOA-unsplash.jpg,nofire,unsplash,unsplash_eberhard-grossgasteiger,val,test,6000,4000,eberhard-grossgasteiger--n-2Xhr3dOA-unsplash.jpg
eberhard-grossgasteiger-HU_Ahk35FK8-unsplash.jpg,nofire,unsplash,unsplash_eberhard-grossgasteiger,val,test,3648,5472,eberhard-grossgasteiger-HU_Ahk35FK8-unsplash.jpg
eberhard-grossgasteiger-LmqySFs3TQQ-unsplash.jpg,nofire,unsplash,unsplash_eberhard-grossgasteiger,val,test,3635,5437,eberhard-grossgasteiger-LmqySFs3TQQ-unsplash.jpg
eberhard-grossgasteiger-NB3dTVw1T0o-unsplash.jpg,nofire,unsplash,unsplash_eberhard-grossgasteiger,val,test,4000,6000,eberhard-grossgasteiger-NB3dTVw1T0o-unsplash.jpg
eberhard-grossgasteiger-Np1l2KmC0WA-unsplash.jpg,nofire,unsplash,unsplash_eberhard-grossgasteiger,val,test,2432,3648,eberhard-grossgasteiger-Np1l2KmC0WA-unsplash.jpg
eberhard-grossgasteiger-QoXYAE2hFJQ-unsplash.jpg,nofire,unsplash,unsplash_eberhard-grossgasteiger,val,test,5472,3648,eberhard-grossgasteiger-QoXYAE2hFJQ-unsplash.jpg
eberhard-grossgasteiger-gptRZytFzFQ-unsplash.jpg,nofire,unsplash,unsplash_eberhard-grossgasteiger,val,test,3812,5742,eberhard-grossgasteiger-gptRZytFzFQ-unsplash.jpg
eberhard-grossgasteiger-l_oWTzCrgoA-unsplash.jpg,nofire,unsplash,unsplash_eberhard-grossgasteiger,val,test,3648,5472,eberhard-grossgasteiger-l_oWTzCrgoA-unsplash.jpg
eberhard-grossgasteiger-m9dWtVvoEww-unsplash.jpg,nofire,unsplash,unsplash_eberhard-grossgasteiger,val,test,4000,6000,eberhard-grossgasteiger-m9dWtVvoEww-unsplash.jpg
eberhard-grossgasteiger-wzuySoHrtX0-unsplash.jpg,nofire,unsplash,unsplash_eberhard-grossgasteiger,val,test,4000,6000,eberhard-grossgasteiger-wzuySoHrtX0-unsplash.jpg
enrico-naletto-W0yZbLyshzc-unsplash.jpg,nofire,unsplash,unsplash_enrico-naletto,val,test,4892,3270,enrico-naletto-W0yZbLyshzc-unsplash.jpg
eric-muhr-C6AY64q2l84-unsplash.jpg,nofire,unsplash,unsplash_eric-muhr,train,test,4272,2848,eric-muhr-C6AY64q2l84-unsplash.jpg
erik-mclean-0aYkdo3XfYo-unsplash.jpg,nofire,unsplash,unsplash_erik-mclean,train,test,4048,2699,erik-mclean-0aYkdo3XfYo-unsplash.jpg
ethan-dow-l7Wb6FXHIOQ-unsplash.jpg,nofire,unsplash,unsplash_ethan-dow,train,test,4928,3264,ethan-dow-l7Wb6FXHIOQ-unsplash.jpg
evan-leith-7fuZmBjjXjE-unsplash.jpg,nofire,unsplash,unsplash_evan-leith,val,test,2242,2803,evan-leith-7fuZmBjjXjE-unsplash.jpg
federico-bottos-JUFuI-kBtas-unsplash.jpg,nofire,unsplash,unsplash_federico-bottos,train,test,4000,2667,federico-bottos-JUFuI-kBtas-unsplash.jpg
felix-besombes-fAseBsd1r0U-unsplash.jpg,nofire,unsplash,unsplash_felix-besombes,test,test,3648,5472,felix-besombes-fAseBsd1r0U-unsplash.jpg
filip-varga-AsgsGO6U78g-unsplash.jpg,nofire,unsplash,unsplash_filip-varga,train,test,3906,2602,filip-varga-AsgsGO6U78g-unsplash.jpg
florian-van-duyn-grCP1PYmw60-unsplash.jpg,nofire,unsplash,unsplash_florian-van,test,test,5616,3744,florian-van-duyn-grCP1PYmw60-unsplash.jpg
guy-tsror-ibpr-RbpRG8-unsplash.jpg,nofire,unsplash,unsplash_guy-tsror,train,test,4000,2250,guy-tsror-ibpr-RbpRG8-unsplash.jpg
gwyn-DlTcL3W6fOs-unsplash.jpg,nofire,unsplash,unsplash_gwyn-DlTcL3W6fOs,test,test,5464,3640,gwyn-DlTcL3W6fOs-unsplash.jpg
gwyn-jqdZhPMqsg4-unsplash.jpg,nofire,unsplash,unsplash_gwyn-jqdZhPMqsg4,train,test,5464,3640,gwyn-jqdZhPMqsg4-unsplash.jpg
hala-alghanim-yyE90v_E8dA-unsplash.jpg,nofire,unsplash,unsplash_hala-alghanim,test,test,3456,5184,hala-alghanim-yyE90v_E8dA-unsplash.jpg
hans-isaacson-Ke1haOmqjdM-unsplash.jpg,nofire,unsplash,unsplash_hans-isaacson,test,test,2250,3000,hans-isaacson-Ke1haOmqjdM-unsplash.jpg
harrison-steen-lUDMZUWFUXE-unsplash.jpg,nofire,unsplash,unsplash_harrison-steen,train,test,6000,3375,harrison-steen-lUDMZUWFUXE-unsplash.jpg
hunter-bryant-C0bPTsZnoH8-unsplash.jpg,nofire,unsplash,unsplash_hunter-bryant,train,test,3719,4649,hunter-bryant-C0bPTsZnoH8-unsplash.jpg
huper-by-joshua-earle-Hm68X4fFf6s-unsplash.jpg,nofire,unsplash,unsplash_huper-by,test,test,3000,2000,huper-by-joshua-earle-Hm68X4fFf6s-unsplash.jpg
iewek-gnos-W6y6xCk2s6c-unsplash.jpg,nofire,unsplash,unsplash_iewek-gnos,train,test,6000,4000,iewek-gnos-W6y6xCk2s6c-unsplash.jpg
inggrid-koe-kbKEuU-YEIw-unsplash.jpg,nofire,unsplash,unsplash_inggrid-koe,test,test,3152,2304,inggrid-koe-kbKEuU-YEIw-unsplash.jpg
ivars-utinans-r_LT_Ne3pVo-unsplash.jpg,nofire,unsplash,unsplash_ivars-utinans,train,test,5464,3640,ivars-utinans-r_LT_Ne3pVo-unsplash.jpg
j-brouwer-43jy3ugj8pk-unsplash.jpg,nofire,unsplash,unsplash_j-brouwer,train,test,4730,3153,j-brouwer-43jy3ugj8pk-unsplash.jpg
jakub-sejkora-utqJcneoFjo-unsplash.jpg,nofire,unsplash,unsplash_jakub-sejkora,train,test,3000,2250,jakub-sejkora-utqJcneoFjo-unsplash.jpg
jan-szwagrzyk-TGOorJ1Fkfo-unsplash.jpg,nofire,unsplash,unsplash_jan-szwagrzyk,train,test,4174,2783,jan-szwagrzyk-TGOorJ1Fkfo-unsplash.jpg
jean-wimmerlin-Dmsiauit2z0-unsplash.jpg,nofire,unsplash,unsplash_jean-wimmerlin,train,test,3543,2656,jean-wimmerlin-Dmsiauit2z0-unsplash.jpg
jeffrey-blum-oFd4y82w9VY-unsplash.jpg,nofire,unsplash,unsplash_jeffrey-blum,train,test,5472,3648,jeffrey-blum-oFd4y82w9VY-unsplash.jpg
jeremy-bishop-1GJnLJjQ9sg-unsplash.jpg,nofire,unsplash,unsplash_jeremy-bishop,val,test,5472,3648,jeremy-bishop-1GJnLJjQ9sg-unsplash.jpg
john-gibbons-fB_aqZDhKFw-unsplash.jpg,nofire,unsplash,unsplash_john-gibbons,train,test,4896,3264,john-gibbons-fB_aqZDhKFw-unsplash.jpg
john-o-nolan-uMWPrcRsrto-unsplash.jpg,nofire,unsplash,unsplash_john-o,train,test,3777,2831,john-o-nolan-uMWPrcRsrto-unsplash.jpg
john-towner-89PFnHKg8HE-unsplash.jpg,nofire,unsplash,unsplash_john-towner,train,test,7952,5304,john-towner-89PFnHKg8HE-unsplash.jpg
john-towner-CakC6u4d95g-unsplash.jpg,nofire,unsplash,unsplash_john-towner,train,test,5415,4293,john-towner-CakC6u4d95g-unsplash.jpg
john-vowles-lYbT6HBkimk-unsplash.jpg,nofire,unsplash,unsplash_john-vowles,val,test,4000,2250,john-vowles-lYbT6HBkimk-unsplash.jpg
jonathan-arbely-5D9k7RnOgLQ-unsplash.jpg,nofire,unsplash,unsplash_jonathan-arbely,val,test,8000,6000,jonathan-arbely-5D9k7RnOgLQ-unsplash.jpg
josh-sorenson-w_QAjcf1ipU-unsplash.jpg,nofire,unsplash,unsplash_josh-sorenson,train,test,5463,3073,josh-sorenson-w_QAjcf1ipU-unsplash.jpg
josh-withers-UN_W3z4D0pw-unsplash.jpg,nofire,unsplash,unsplash_josh-withers,val,test,3992,2992,josh-withers-UN_W3z4D0pw-unsplash.jpg
jp-valery-W9iWetsS4EE-unsplash.jpg,nofire,unsplash,unsplash_jp-valery,train,test,5472,3648,jp-valery-W9iWetsS4EE-unsplash.jpg
julien-lanoy-EGqaqmSNc2I-unsplash.jpg,nofire,unsplash,unsplash_julien-lanoy,train,test,4000,6000,julien-lanoy-EGqaqmSNc2I-unsplash.jpg
julien-lanoy-EjMMJPrfb5E-unsplash.jpg,nofire,unsplash,unsplash_julien-lanoy,train,test,6000,4000,julien-lanoy-EjMMJPrfb5E-unsplash.jpg
kirill-tonkikh-gZIl698xiGc-unsplash.jpg,nofire,unsplash,unsplash_kirill-tonkikh,train,test,6000,4000,kirill-tonkikh-gZIl698xiGc-unsplash.jpg
komang-gita-krishna-murti-bVeodNsZQZI-unsplash.jpg,nofire,unsplash,unsplash_komang-gita,train,test,3992,2992,komang-gita-krishna-murti-bVeodNsZQZI-unsplash.jpg
kristaps-ungurs-7aY6JOyFY8A-unsplash.jpg,nofire,unsplash,unsplash_kristaps-ungurs,train,test,3385,5077,kristaps-ungurs-7aY6JOyFY8A-unsplash.jpg
kristaps-ungurs-gnrKdXxeLrQ-unsplash.jpg,nofire,unsplash,unsplash_kristaps-ungurs,train,test,3640,5464,kristaps-ungurs-gnrKdXxeLrQ-unsplash.jpg
kristaps-ungurs-hBWPG68Cct4-unsplash.jpg,nofire,unsplash,unsplash_kristaps-ungurs,train,test,3640,5464,kristaps-ungurs-hBWPG68Cct4-unsplash.jpg
kristaps-ungurs-jywLBT6YHiM-unsplash.jpg,nofire,unsplash,unsplash_kristaps-ungurs,train,test,5464,3640,kristaps-ungurs-jywLBT6YHiM-unsplash.jpg
kristaps-ungurs-s-4CYrJJXCU-unsplash.jpg,nofire,unsplash,unsplash_kristaps-ungurs,train,test,3547,5324,kristaps-ungurs-s-4CYrJJXCU-unsplash.jpg
kyle-mesdag-xrLn6YsmjI4-unsplash.jpg,nofire,unsplash,unsplash_kyle-mesdag,train,test,4000,3000,kyle-mesdag-xrLn6YsmjI4-unsplash.jpg
kym-mackinnon-4wlQBd2xXDI-unsplash.jpg,nofire,unsplash,unsplash_kym-mackinnon,train,test,4608,2592,kym-mackinnon-4wlQBd2xXDI-unsplash.jpg
kym-mackinnon-DDyw4XRzojA-unsplash.jpg,nofire,unsplash,unsplash_kym-mackinnon,train,test,4608,2592,kym-mackinnon-DDyw4XRzojA-unsplash.jpg
kym-mackinnon-GOAbTarWc0Q-unsplash.jpg,nofire,unsplash,unsplash_kym-mackinnon,train,test,4608,2592,kym-mackinnon-GOAbTarWc0Q-unsplash.jpg
kym-mackinnon-HCSWKjv_cys-unsplash.jpg,nofire,unsplash,unsplash_kym-mackinnon,train,test,4608,2592,kym-mackinnon-HCSWKjv_cys-unsplash.jpg
kym-mackinnon-SMb0XdJxxfI-unsplash.jpg,nofire,unsplash,unsplash_kym-mackinnon,train,test,4896,2752,kym-mackinnon-SMb0XdJxxfI-unsplash.jpg
kym-mackinnon-ZaannBOrvY8-unsplash.jpg,nofire,unsplash,unsplash_kym-mackinnon,train,test,4608,2592,kym-mackinnon-ZaannBOrvY8-unsplash.jpg
kym-mackinnon-bYMkg-r-E0A-unsplash.jpg,nofire,unsplash,unsplash_kym-mackinnon,train,test,4216,2372,kym-mackinnon-bYMkg-r-E0A-unsplash.jpg
kym-mackinnon-imEpwtWEPPQ-unsplash.jpg,nofire,unsplash,unsplash_kym-mackinnon,train,test,4608,2592,kym-mackinnon-imEpwtWEPPQ-unsplash.jpg
kym-mackinnon-mT8BWsYyeU0-unsplash.jpg,nofire,unsplash,unsplash_kym-mackinnon,train,test,4608,2592,kym-mackinnon-mT8BWsYyeU0-unsplash.jpg
kym-mackinnon-y70s9rNiuvY-unsplash.jpg,nofire,unsplash,unsplash_kym-mackinnon,train,test,4216,2372,kym-mackinnon-y70s9rNiuvY-unsplash.jpg
kym-mackinnon-zzlvHbtI1F8-unsplash.jpg,nofire,unsplash,unsplash_kym-mackinnon,train,test,4608,2592,kym-mackinnon-zzlvHbtI1F8-unsplash.jpg
kyson-dana-uTRC5HzYyXE-unsplash.jpg,nofire,unsplash,unsplash_kyson-dana,train,test,1948,2762,kyson-dana-uTRC5HzYyXE-unsplash.jpg
lasma-artmane-II0WWqBorw0-unsplash.jpg,nofire,unsplash,unsplash_lasma-artmane,train,test,5184,3456,lasma-artmane-II0WWqBorw0-unsplash.jpg
leslie-cross-v7nyWOBSnLw-unsplash.jpg,nofire,unsplash,unsplash_leslie-cross,train,test,5184,3456,leslie-cross-v7nyWOBSnLw-unsplash.jpg
levi-bare-5__JKMn5H_c-unsplash.jpg,nofire,unsplash,unsplash_levi-bare,test,test,6000,4000,levi-bare-5__JKMn5H_c-unsplash.jpg
levi-bare-tI1Kc3LuRMI-unsplash.jpg,nofire,unsplash,unsplash_levi-bare,test,test,5043,3360,levi-bare-tI1Kc3LuRMI-unsplash.jpg
linford-miles-ECYv-bIJ3s4-unsplash.jpg,nofire,unsplash,unsplash_linford-miles,val,test,3992,2992,linford-miles-ECYv-bIJ3s4-unsplash.jpg
lukas-mann-d-CvnGwwJts-unsplash.jpg,nofire,unsplash,unsplash_lukas-mann,train,test,3333,5000,lukas-mann-d-CvnGwwJts-unsplash.jpg
mael-seigneurie-UAFp3u8Rcvk-unsplash.jpg,nofire,unsplash,unsplash_mael-seigneurie,train,test,3390,5085,mael-seigneurie-UAFp3u8Rcvk-unsplash.jpg
malik-skydsgaard-GDDe4yAW5W4-unsplash.jpg,nofire,unsplash,unsplash_malik-skydsgaard,train,test,5270,4679,malik-skydsgaard-GDDe4yAW5W4-unsplash.jpg
malik-skydsgaard-GxEOyQLP7xY-unsplash.jpg,nofire,unsplash,unsplash_malik-skydsgaard,train,test,5269,8366,malik-skydsgaard-GxEOyQLP7xY-unsplash.jpg
malik-skydsgaard-OSQyEh1siCo-unsplash.jpg,nofire,unsplash,unsplash_malik-skydsgaard,train,test,5272,8974,malik-skydsgaard-OSQyEh1siCo-unsplash.jpg
marek-piwnicki-2W7GMDQGuzI-unsplash.jpg,nofire,unsplash,unsplash_marek-piwnicki,train,test,5412,3044,marek-piwnicki-2W7GMDQGuzI-unsplash.jpg
marek-piwnicki-C8pKTvqtug0-unsplash.jpg,nofire,unsplash,unsplash_marek-piwnicki,train,test,3418,5127,marek-piwnicki-C8pKTvqtug0-unsplash.jpg
marek-piwnicki-DCGABYDIdT0-unsplash.jpg,nofire,unsplash,unsplash_marek-piwnicki,train,test,9160,5153,marek-piwnicki-DCGABYDIdT0-unsplash.jpg
marek-piwnicki-H7oXHL19SlU-unsplash.jpg,nofire,unsplash,unsplash_marek-piwnicki,train,test,13421,5616,marek-piwnicki-H7oXHL19SlU-unsplash.jpg
marek-piwnicki-U22rbeq3m5E-unsplash.jpg,nofire,unsplash,unsplash_marek-piwnicki,train,test,5420,3388,marek-piwnicki-U22rbeq3m5E-unsplash.jpg
marek-piwnicki-Yg7PWiIFqWM-unsplash.jpg,nofire,unsplash,unsplash_marek-piwnicki,train,test,5123,2882,marek-piwnicki-Yg7PWiIFqWM-unsplash.jpg
marek-piwnicki-Z45VspLrGYk-unsplash.jpg,nofire,unsplash,unsplash_marek-piwnicki,train,test,5227,3267,marek-piwnicki-Z45VspLrGYk-unsplash.jpg
marek-piwnicki-bxsFTaNFFRY-unsplash.jpg,nofire,unsplash,unsplash_marek-piwnicki,train,test,3520,5280,marek-piwnicki-bxsFTaNFFRY-unsplash.jpg
marek-piwnicki-mTmKpI53NcY-unsplash.jpg,nofire,unsplash,unsplash_marek-piwnicki,train,test,5057,3161,marek-piwnicki-mTmKpI53NcY-unsplash.jpg
marek-piwnicki-z14zNu59bLo-unsplash.jpg,nofire,unsplash,unsplash_marek-piwnicki,train,test,5202,3251,marek-piwnicki-z14zNu59bLo-unsplash.jpg
mariusz-slonski-MxkcVyolp-4-unsplash.jpg,nofire,unsplash,unsplash_mariusz-slonski,train,test,2381,3572,mariusz-slonski-MxkcVyolp-4-unsplash.jpg
mark-basarab-okYSDKshIes-unsplash.jpg,nofire,unsplash,unsplash_mark-basarab,val,test,3616,2712,mark-basarab-okYSDKshIes-unsplash.jpg
mark-boss-KG8N1Rqf02w-unsplash.jpg,nofire,unsplash,unsplash_mark-boss,val,test,4000,2250,mark-boss-KG8N1Rqf02w-unsplash.jpg
martin-sanchez-ML6kHR--Uys-unsplash.jpg,nofire,unsplash,unsplash_martin-sanchez,test,test,3640,5464,martin-sanchez-ML6kHR--Uys-unsplash.jpg
mathilda-khoo-00qUCwYToAY-unsplash.jpg,nofire,unsplash,unsplash_mathilda-khoo,train,test,5242,3495,mathilda-khoo-00qUCwYToAY-unsplash.jpg
matthew-brodeur-aIxDXa4T-u8-unsplash.jpg,nofire,unsplash,unsplash_matthew-brodeur,train,test,2177,2817,matthew-brodeur-aIxDXa4T-u8-unsplash.jpg
matthias-heil-T7lMR-syZAg-unsplash.jpg,nofire,unsplash,unsplash_matthias-heil,train,test,3000,1994,matthias-heil-T7lMR-syZAg-unsplash.jpg
max-voxberg-hY5OUxg_Zgc-unsplash.jpg,nofire,unsplash,unsplash_max-voxberg,train,test,2992,3992,max-voxberg-hY5OUxg_Zgc-unsplash.jpg
mj-lDXV1dVQrTA-unsplash.jpg,nofire,unsplash,unsplash_mj-lDXV1dVQrTA,val,test,2426,3032,mj-lDXV1dVQrTA-unsplash.jpg
nathan-anderson-EZ9kyweogsI-unsplash.jpg,nofire,unsplash,unsplash_nathan-anderson,train,test,3992,2992,nathan-anderson-EZ9kyweogsI-unsplash.jpg
nathan-anderson-MEIBNPI1RC8-unsplash.jpg,nofire,unsplash,unsplash_nathan-anderson,train,test,5275,3428,nathan-anderson-MEIBNPI1RC8-unsplash.jpg
nathan-anderson-PpZiXBY7_Nw-unsplash.jpg,nofire,unsplash,unsplash_nathan-anderson,train,test,6016,4016,nathan-anderson-PpZiXBY7_Nw-unsplash.jpg
nathan-anderson-YWWMGwXX2JY-unsplash.jpg,nofire,unsplash,unsplash_nathan-anderson,train,test,3992,2992,nathan-anderson-YWWMGwXX2JY-unsplash.jpg
nathan-anderson-ajFuxNTkRiE-unsplash.jpg,nofire,unsplash,unsplash_nathan-anderson,train,test,3992,2992,nathan-anderson-ajFuxNTkRiE-unsplash.jpg
nathan-anderson-d1gPSEN9dOE-unsplash.jpg,nofire,unsplash,unsplash_nathan-anderson,train,test,5464,3640,nathan-anderson-d1gPSEN9dOE-unsplash.jpg
nathan-anderson-eelpgSLWrqo-unsplash.jpg,nofire,unsplash,unsplash_nathan-anderson,train,test,5464,3640,nathan-anderson-eelpgSLWrqo-unsplash.jpg
nathan-anderson-n5RPHzjxUWM-unsplash.jpg,nofire,unsplash,unsplash_nathan-anderson,train,test,5464,3640,nathan-anderson-n5RPHzjxUWM-unsplash.jpg
nathan-queloz-1e_HHIbqk7s-unsplash.jpg,nofire,unsplash,unsplash_nathan-queloz,val,test,4000,3000,nathan-queloz-1e_HHIbqk7s-unsplash.jpg
nathan-queloz-gce72ixcGyU-unsplash.jpg,nofire,unsplash,unsplash_nathan-queloz,val,test,4000,3000,nathan-queloz-gce72ixcGyU-unsplash.jpg
nathan-queloz-gkMuexmFMR4-unsplash.jpg,nofire,unsplash,unsplash_nathan-queloz,val,test,4000,3000,nathan-queloz-gkMuexmFMR4-unsplash.jpg
nathan-queloz-rj0KbZGsOP4-unsplash.jpg,nofire,unsplash,unsplash_nathan-queloz,val,test,3968,2976,nathan-queloz-rj0KbZGsOP4-unsplash.jpg
neven-krcmarek-50HS3AzJsvQ-unsplash.jpg,nofire,unsplash,unsplash_neven-krcmarek,train,test,3000,4500,neven-krcmarek-50HS3AzJsvQ-unsplash.jpg
neven-krcmarek-ZM7PgZ1zU2k-unsplash.jpg,nofire,unsplash,unsplash_neven-krcmarek,train,test,4000,2544,neven-krcmarek-ZM7PgZ1zU2k-unsplash.jpg
nick-scheerbart-xFjAftU8lMY-unsplash.jpg,nofire,unsplash,unsplash_nick-scheerbart,train,test,4902,3268,nick-scheerbart-xFjAftU8lMY-unsplash.jpg
nicolas-cool-kG2uTD1KxYI-unsplash.jpg,nofire,unsplash,unsplash_nicolas-cool,test,test,4000,3000,nicolas-cool-kG2uTD1KxYI-unsplash.jpg
nigel-tadyanehondo-RonhCA39VRw-unsplash.jpg,nofire,unsplash,unsplash_nigel-tadyanehondo,train,test,3992,2242,nigel-tadyanehondo-RonhCA39VRw-unsplash.jpg
nikola-knezevic-lPzO6ZGRGYI-unsplash.jpg,nofire,unsplash,unsplash_nikola-knezevic,val,test,5616,3744,nikola-knezevic-lPzO6ZGRGYI-unsplash.jpg
nitish-meena-ANo5_iE9dcU-unsplash.jpg,nofire,unsplash,unsplash_nitish-meena,test,test,3300,2200,nitish-meena-ANo5_iE9dcU-unsplash.jpg
olena-sergienko-3BlVILvh9hM-unsplash.jpg,nofire,unsplash,unsplash_olena-sergienko,train,test,2250,4000,olena-sergienko-3BlVILvh9hM-unsplash.jpg
olena-sergienko-ZYZeA_rwW9I-unsplash.jpg,nofire,unsplash,unsplash_olena-sergienko,train,test,2250,4000,olena-sergienko-ZYZeA_rwW9I-unsplash.jpg
olivier-mesnage-lO6DOAIxDE0-unsplash.jpg,nofire,unsplash,unsplash_olivier-mesnage,train,test,3992,2992,olivier-mesnage-lO6DOAIxDE0-unsplash.jpg
ozark-drones-XfnxPrd0-2g-unsplash.jpg,nofire,unsplash,unsplash_ozark-drones,train,test,4608,3456,ozark-drones-XfnxPrd0-2g-unsplash.jpg
ozark-drones-iWMksWAU0so-unsplash.jpg,nofire,unsplash,unsplash_ozark-drones,train,test,3992,2992,ozark-drones-iWMksWAU0so-unsplash.jpg
pat-whelen-5PGbTcaX9rs-unsplash.jpg,nofire,unsplash,unsplash_pat-whelen,train,test,6720,4480,pat-whelen-5PGbTcaX9rs-unsplash.jpg
pat-whelen-H5RYQLQMR38-unsplash.jpg,nofire,unsplash,unsplash_pat-whelen,train,test,5250,6561,pat-whelen-H5RYQLQMR38-unsplash.jpg
patrick-langwallner-zzRNMpEjppI-unsplash.jpg,nofire,unsplash,unsplash_patrick-langwallner,val,test,3640,5464,patrick-langwallner-zzRNMpEjppI-unsplash.jpg
paul-pastourmatzis-KT3WlrL_bsg-unsplash.jpg,nofire,unsplash,unsplash_paul-pastourmatzis,test,test,5472,3078,paul-pastourmatzis-KT3WlrL_bsg-unsplash.jpg
peter-robbins-g1HdaJxDFrk-unsplash.jpg,nofire,unsplash,unsplash_peter-robbins,train,test,5152,3864,peter-robbins-g1HdaJxDFrk-unsplash.jpg
raphael-biscaldi-Ux_6dqF8WiQ-unsplash.jpg,nofire,unsplash,unsplash_raphael-biscaldi,val,test,4000,2250,raphael-biscaldi-Ux_6dqF8WiQ-unsplash.jpg
rc-victorino--o3x_dhZijU-unsplash.jpg,nofire,unsplash,unsplash_rc-victorino,val,test,4032,3024,rc-victorino--o3x_dhZijU-unsplash.jpg
rhema-kallianpur-t0GpJ2cdJuo-unsplash.jpg,nofire,unsplash,unsplash_rhema-kallianpur,train,test,3264,2448,rhema-kallianpur-t0GpJ2cdJuo-unsplash.jpg
ryan-searle-bMQEHzEm09w-unsplash.jpg,nofire,unsplash,unsplash_ryan-searle,val,test,2992,3992,ryan-searle-bMQEHzEm09w-unsplash.jpg
ryo-yoshitake-c_rWbq-Bcb4-unsplash.jpg,nofire,unsplash,unsplash_ryo-yoshitake,train,test,3992,2992,ryo-yoshitake-c_rWbq-Bcb4-unsplash.jpg
saketh-garuda-9nkoCtI1HnI-unsplash.jpg,nofire,unsplash,unsplash_saketh-garuda,train,test,4000,3000,saketh-garuda-9nkoCtI1HnI-unsplash.jpg
sander-lenaerts-X4yQIgcSYcQ-unsplash.jpg,nofire,unsplash,unsplash_sander-lenaerts,train,test,5472,3072,sander-lenaerts-X4yQIgcSYcQ-unsplash.jpg
sander-weeteling-rLvCmdZrS4Y-unsplash.jpg,nofire,unsplash,unsplash_sander-weeteling,train,test,3992,2242,sander-weeteling-rLvCmdZrS4Y-unsplash.jpg
scott-taylor-rOrGGkyllm4-unsplash.jpg,nofire,unsplash,unsplash_scott-taylor,train,test,2447,3059,scott-taylor-rOrGGkyllm4-unsplash.jpg
sergio-melo-YYXh3QHhk40-unsplash.jpg,nofire,unsplash,unsplash_sergio-melo,train,test,4032,3024,sergio-melo-YYXh3QHhk40-unsplash.jpg
silas-baisch-IRk4gKJQLBI-unsplash.jpg,nofire,unsplash,unsplash_silas-baisch,train,test,3992,2992,silas-baisch-IRk4gKJQLBI-unsplash.jpg
single-earth-FP5tOXT6aMs-unsplash.jpg,nofire,unsplash,unsplash_single-earth,train,test,7008,3872,single-earth-FP5tOXT6aMs-unsplash.jpg
single-earth-pfXTECJcppk-unsplash.jpg,nofire,unsplash,unsplash_single-earth,train,test,11654,3973,single-earth-pfXTECJcppk-unsplash.jpg
smaran-alva-yOj9j2Ho-kE-unsplash.jpg,nofire,unsplash,unsplash_smaran-alva,train,test,4048,3032,smaran-alva-yOj9j2Ho-kE-unsplash.jpg
spencer-watson-G5QSfcEUQ-M-unsplash.jpg,nofire,unsplash,unsplash_spencer-watson,train,test,2500,1667,spencer-watson-G5QSfcEUQ-M-unsplash.jpg
spencer-watson-bYLHitxMHmU-unsplash.jpg,nofire,unsplash,unsplash_spencer-watson,train,test,2500,1874,spencer-watson-bYLHitxMHmU-unsplash.jpg
steven-van-elk-Vu23WPzGBr8-unsplash.jpg,nofire,unsplash,unsplash_steven-van,train,test,3992,2992,steven-van-elk-Vu23WPzGBr8-unsplash.jpg
stories-tNhGCix_HvA-unsplash.jpg,nofire,unsplash,unsplash_stories-tNhGCix_HvA,train,test,4056,3040,stories-tNhGCix_HvA-unsplash.jpg
sunnie-KJ_G43MHDf0-unsplash.jpg,nofire,unsplash,unsplash_sunnie-KJ_G43MHDf0,train,test,6000,4000,sunnie-KJ_G43MHDf0-unsplash.jpg
t-selin-erkan--2xRZIGu3EU-unsplash.jpg,nofire,unsplash,unsplash_t-selin,test,test,3456,5184,t-selin-erkan--2xRZIGu3EU-unsplash.jpg
taras-chuiko-QiWzwOet4dQ-unsplash.jpg,nofire,unsplash,unsplash_taras-chuiko,train,test,4000,6000,taras-chuiko-QiWzwOet4dQ-unsplash.jpg
thought-catalog-bGiMXk8sMHw-unsplash.jpg,nofire,unsplash,unsplash_thought-catalog,train,test,3000,2249,thought-catalog-bGiMXk8sMHw-unsplash.jpg
tobias-reich-SfhLrF4yxXI-unsplash.jpg,nofire,unsplash,unsplash_tobias-reich,train,test,2774,3699,tobias-reich-SfhLrF4yxXI-unsplash.jpg
tobias-reich-zwoFKAgEvT0-unsplash.jpg,nofire,unsplash,unsplash_tobias-reich,train,test,3987,2990,tobias-reich-zwoFKAgEvT0-unsplash.jpg
toby-elliott-zeuK1e-c0wI-unsplash.jpg,nofire,unsplash,unsplash_toby-elliott,train,test,6000,4000,toby-elliott-zeuK1e-c0wI-unsplash.jpg
tolga-ahmetler-_b_80WiUkzY-unsplash.jpg,nofire,unsplash,unsplash_tolga-ahmetler,train,test,2509,3763,tolga-ahmetler-_b_80WiUkzY-unsplash.jpg
tom-allport-Yh8_B8NlcFU-unsplash.jpg,nofire,unsplash,unsplash_tom-allport,val,test,5902,3935,tom-allport-Yh8_B8NlcFU-unsplash.jpg
tom-podmore-BdFn6XZzPOY-unsplash.jpg,nofire,unsplash,unsplash_tom-podmore,train,test,6000,4000,tom-podmore-BdFn6XZzPOY-unsplash.jpg
tom-podmore-eNWJIJeLnbk-unsplash.jpg,nofire,unsplash,unsplash_tom-podmore,train,test,4000,6000,tom-podmore-eNWJIJeLnbk-unsplash.jpg
tomasz-smal-v3N-gJf62nE-unsplash.jpg,nofire,unsplash,unsplash_tomasz-smal,test,test,7888,5916,tomasz-smal-v3N-gJf62nE-unsplash.jpg
trey-gibson-MGtUhF7oN70-unsplash.jpg,nofire,unsplash,unsplash_trey-gibson,train,test,6000,4000,trey-gibson-MGtUhF7oN70-unsplash.jpg
tristan-mckenzie-JZ7D9NsEO5I-unsplash.jpg,nofire,unsplash,unsplash_tristan-mckenzie,val,test,2943,3679,tristan-mckenzie-JZ7D9NsEO5I-unsplash.jpg
troy-williams-7M6ZmfnKI6g-unsplash.jpg,nofire,unsplash,unsplash_troy-williams,train,test,5568,3712,troy-williams-7M6ZmfnKI6g-unsplash.jpg
venti-views-Clwh1mksdAM-unsplash.jpg,nofire,unsplash,unsplash_venti-views,val,test,5471,3076,venti-views-Clwh1mksdAM-unsplash.jpg
victor-rodriguez-e5g9otcYzkU-unsplash.jpg,nofire,unsplash,unsplash_victor-rodriguez,test,test,3216,2136,victor-rodriguez-e5g9otcYzkU-unsplash.jpg
waranont-joe-CJ1oBPZJFPg-unsplash.jpg,nofire,unsplash,unsplash_waranont-joe,train,test,2976,3184,waranont-joe-CJ1oBPZJFPg-unsplash.jpg
wil-stewart-WxXMapKQujw-unsplash.jpg,nofire,unsplash,unsplash_wil-stewart,train,test,4000,3000,wil-stewart-WxXMapKQujw-unsplash.jpg
will-suddreth-hneAIGb01xQ-unsplash.jpg,nofire,unsplash,unsplash_will-suddreth,train,test,3992,2992,will-suddreth-hneAIGb01xQ-unsplash.jpg
wolfgang-hasselmann-6yQbmbaucqg-unsplash.jpg,nofire,unsplash,unsplash_wolfgang-hasselmann,val,test,6000,4000,wolfgang-hasselmann-6yQbmbaucqg-unsplash.jpg
yann-allegre-ZDwp-QdzoH8-unsplash.jpg,nofire,unsplash,unsplash_yann-allegre,test,test,3382,4228,yann-allegre-ZDwp-QdzoH8-unsplash.jpg
yevhenii-dubrovskyi-7Ya_HBl5dpk-unsplash.jpg,nofire,unsplash,unsplash_yevhenii-dubrovskyi,train,test,4672,7008,yevhenii-dubrovskyi-7Ya_HBl5dpk-unsplash.jpg
yulian-alexeyev-R2BuLIE-i3M-unsplash.jpg,nofire,unsplash,unsplash_yulian-alexeyev,test,test,3992,2992,yulian-alexeyev-R2BuLIE-i3M-unsplash.jpg
zetong-li-79sabz_JrXg-unsplash.jpg,nofire,unsplash,unsplash_zetong-li,train,test,6048,4024,zetong-li-79sabz_JrXg-unsplash.jpg
zetong-li-UVv2vL3ih7o-unsplash.jpg,nofire,unsplash,unsplash_zetong-li,train,test,6048,4024,zetong-li-UVv2vL3ih7o-unsplash.jpg
zhu-yunxiao-m6ao043bsrI-unsplash.jpg,nofire,unsplash,unsplash_zhu-yunxiao,train,test,3696,5536,zhu-yunxiao-m6ao043bsrI-unsplash.jpg
zongnan-bao-deagK9-Dmt0-unsplash.jpg,nofire,unsplash,unsplash_zongnan-bao,train,test,7542,5031,zongnan-bao-deagK9-Dmt0-unsplash.jpg
