orig_split,cls,src,rawkey,name,path,w,h,fmt,mode,short
train,fire,flickr,11713547914,11713547914_dd11630b77_o.jpg,/kaggle/input/datasets/elmadafri/the-wildfire-dataset/the_wildfire_dataset_2n_version/train/fire/11713547914_dd11630b77_o.jpg,4000,3000,MPO,RGB,3000
train,fire,flickr,11826515394,11826515394_7959916eff_o.jpg,/kaggle/input/datasets/elmadafri/the-wildfire-dataset/the_wildfire_dataset_2n_version/train/fire/11826515394_7959916eff_o.jpg,2816,2112,JPEG,RGB,2112
train,fire,flickr,11875858055,11875858055_b291d73a36_o.jpg,/kaggle/input/datasets/elmadafri/the-wildfire-dataset/the_wildfire_dataset_2n_version/train/fire/11875858055_b291d73a36_o.jpg,2048,1536,JPEG,RGB,1536
train,fire,flickr,11876298944,11876298944_d12f714d39_o.jpg,/kaggle/input/datasets/elmadafri/the-wildfire-dataset/the_wildfire_dataset_2n_version/train/fire/11876298944_d12f714d39_o.jpg,2048,1536,JPEG,RGB,1536
train,fire,flickr,11876299854,11876299854_f22f787159_o.jpg,/kaggle/input/datasets/elmadafri/the-wildfire-dataset/the_wildfire_dataset_2n_version/train/fire/11876299854_f22f787159_o.jpg,2048,1536,JPEG,RGB,1536
train,fire,flickr,18983401442,18983401442_9023bb668c_o.jpg,/kaggle/input/datasets/elmadafri/the-wildfire-dataset/the_wildfire_dataset_2n_version/train/fire/18983401442_9023bb668c_o.jpg,3264,2448,JPEG,RGB,2448
train,fire,flickr,19197957859,19197957859_cb989ed680_o.jpg,/kaggle/input/datasets/elmadafri/the-wildfire-dataset/the_wildfire_dataset_2n_version/train/fire/19197957859_cb989ed680_o.jpg,5184,3456,JPEG,RGB,3456
train,fire,flickr,20419875863,20419875863_40d4dbbea0_o.jpg,/kaggle/input/datasets/elmadafri/the-wildfire-dataset/the_wildfire_dataset_2n_version/train/fire/20419875863_40d4dbbea0_o.jpg,3264,2448,JPEG,RGB,2448
train,fire,flickr,20475688001,20475688001_740a054dc2_o.jpg,/kaggle/input/datasets/elmadafri/the-wildfire-dataset/the_wildfire_dataset_2n_version/train/fire/20475688001_740a054dc2_o.jpg,2064,1161,JPEG,RGB,1161
train,fire,flickr,20766695979,20766695979_328dc0d014_o.jpg,/kaggle/input/datasets/elmadafri/the-wildfire-dataset/the_wildfire_dataset_2n_version/train/fire/20766695979_328dc0d014_o.jpg,4000,2248,JPEG,RGB,2248
train,fire,flickr,20852908138,20852908138_6197e27db6_o.jpg,/kaggle/input/datasets/elmadafri/the-wildfire-dataset/the_wildfire_dataset_2n_version/train/fire/20852908138_6197e27db6_o.jpg,1024,768,JPEG,RGB,768
train,fire,flickr,21034703142,21034703142_ff5b7a78a9_o.jpg,/kaggle/input/datasets/elmadafri/the-wildfire-dataset/the_wildfire_dataset_2n_version/train/fire/21034703142_ff5b7a78a9_o.jpg,1280,960,JPEG,RGB,960
train,fire,flickr,21114883420,21114883420_0cf47eb43a_o.jpg,/kaggle/input/datasets/elmadafri/the-wildfire-dataset/the_wildfire_dataset_2n_version/train/fire/21114883420_0cf47eb43a_o.jpg,4128,2322,JPEG,RGB,2322
train,fire,flickr,21195497870,21195497870_9865f62d8b_o.jpg,/kaggle/input/datasets/elmadafri/the-wildfire-dataset/the_wildfire_dataset_2n_version/train/fire/21195497870_9865f62d8b_o.jpg,8844,5008,JPEG,RGB,5008
train,fire,flickr,21195499370,21195499370_69227bf392_o.jpg,/kaggle/input/datasets/elmadafri/the-wildfire-dataset/the_wildfire_dataset_2n_version/train/fire/21195499370_69227bf392_o.jpg,3789,5683,JPEG,RGB,3789
train,fire,flickr,21195741668,21195741668_17c1281e9c_o.jpg,/kaggle/input/datasets/elmadafri/the-wildfire-dataset/the_wildfire_dataset_2n_version/train/fire/21195741668_17c1281e9c_o.jpg,9599,5327,JPEG,RGB,5327
train,fire,flickr,21253785740,21253785740_22d7735335_o.jpg,/kaggle/input/datasets/elmadafri/the-wildfire-dataset/the_wildfire_dataset_2n_version/train/fire/21253785740_22d7735335_o.jpg,5041,3361,JPEG,RGB,3361
train,fire,flickr,21292365472,21292365472_7045d2f1bc_o.jpg,/kaggle/input/datasets/elmadafri/the-wildfire-dataset/the_wildfire_dataset_2n_version/train/fire/21292365472_7045d2f1bc_o.jpg,4128,2322,JPEG,RGB,2322
train,fire,flickr,21302983615,21302983615_746b31213b_o.jpg,/kaggle/input/datasets/elmadafri/the-wildfire-dataset/the_wildfire_dataset_2n_version/train/fire/21302983615_746b31213b_o.jpg,4128,2322,JPEG,RGB,2322
train,fire,flickr,21338590626,21338590626_bcb81e24eb_o.jpg,/kaggle/input/datasets/elmadafri/the-wildfire-dataset/the_wildfire_dataset_2n_version/train/fire/21338590626_bcb81e24eb_o.jpg,4128,3096,JPEG,RGB,3096
train,fire,flickr,21373170891,21373170891_b45a5cfd52_o.jpg,/kaggle/input/datasets/elmadafri/the-wildfire-dataset/the_wildfire_dataset_2n_version/train/fire/21373170891_b45a5cfd52_o.jpg,4128,3096,JPEG,RGB,3096
train,fire,flickr,21420066145,21420066145_eef9273782_o.jpg,/kaggle/input/datasets/elmadafri/the-wildfire-dataset/the_wildfire_dataset_2n_version/train/fire/21420066145_eef9273782_o.jpg,8427,2088,JPEG,RGB,2088
train,fire,flickr,21421381505,21421381505_d553b92779_o.jpg,/kaggle/input/datasets/elmadafri/the-wildfire-dataset/the_wildfire_dataset_2n_version/train/fire/21421381505_d553b92779_o.jpg,2576,1716,JPEG,RGB,1716
train,fire,flickr,21429820471,21429820471_b637dc46de_o.jpg,/kaggle/input/datasets/elmadafri/the-wildfire-dataset/the_wildfire_dataset_2n_version/train/fire/21429820471_b637dc46de_o.jpg,2576,1716,JPEG,RGB,1716
train,fire,flickr,21430901462,21430901462_34c777a3b0_o.jpg,/kaggle/input/datasets/elmadafri/the-wildfire-dataset/the_wildfire_dataset_2n_version/train/fire/21430901462_34c777a3b0_o.jpg,5739,3826,JPEG,RGB,3826
train,fire,flickr,21445932255,21445932255_5c5391fcc5_o.jpg,/kaggle/input/datasets/elmadafri/the-wildfire-dataset/the_wildfire_dataset_2n_version/train/fire/21445932255_5c5391fcc5_o.jpg,4320,3240,MPO,RGB,3240
train,fire,flickr,21450338211,21450338211_5e5932e711_o.jpg,/kaggle/input/datasets/elmadafri/the-wildfire-dataset/the_wildfire_dataset_2n_version/train/fire/21450338211_5e5932e711_o.jpg,5599,3733,JPEG,RGB,3733
train,fire,flickr,23520595608,23520595608_990735d4cb_o.jpg,/kaggle/input/datasets/elmadafri/the-wildfire-dataset/the_wildfire_dataset_2n_version/train/fire/23520595608_990735d4cb_o.jpg,3264,2448,JPEG,RGB,2448
train,fire,flickr,23862985278,23862985278_40828912c5_o.jpg,/kaggle/input/datasets/elmadafri/the-wildfire-dataset/the_wildfire_dataset_2n_version/train/fire/23862985278_40828912c5_o.jpg,5562,3120,JPEG,RGB,3120
train,fire,flickr,25268092618,25268092618_d42532a7db_o.jpg,/kaggle/input/datasets/elmadafri/the-wildfire-dataset/the_wildfire_dataset_2n_version/train/fire/25268092618_d42532a7db_o.jpg,5472,3648,JPEG,RGB,3648
train,fire,flickr,26072333151,26072333151_58603327f0_o.jpg,/kaggle/input/datasets/elmadafri/the-wildfire-dataset/the_wildfire_dataset_2n_version/train/fire/26072333151_58603327f0_o.jpg,3264,2448,JPEG,RGB,2448
train,fire,flickr,26522932166,26522932166_35e042ca06_o.jpg,/kaggle/input/datasets/elmadafri/the-wildfire-dataset/the_wildfire_dataset_2n_version/train/fire/26522932166_35e042ca06_o.jpg,8724,4500,JPEG,RGB,4500
train,fire,flickr,26943699047,26943699047_f37536c99a_o.jpg,/kaggle/input/datasets/elmadafri/the-wildfire-dataset/the_wildfire_dataset_2n_version/train/fire/26943699047_f37536c99a_o.jpg,6000,4000,JPEG,RGB,4000
train,fire,flickr,26943713307,26943713307_03bc33d56f_o.jpg,/kaggle/input/datasets/elmadafri/the-wildfire-dataset/the_wildfire_dataset_2n_version/train/fire/26943713307_03bc33d56f_o.jpg,6000,4000,JPEG,RGB,4000
train,fire,flickr,26943717707,26943717707_d2f58089f8_o.jpg,/kaggle/input/datasets/elmadafri/the-wildfire-dataset/the_wildfire_dataset_2n_version/train/fire/26943717707_d2f58089f8_o.jpg,6000,4000,JPEG,RGB,4000
train,fire,flickr,26943722567,26943722567_2e81b7882d_o.jpg,/kaggle/input/datasets/elmadafri/the-wildfire-dataset/the_wildfire_dataset_2n_version/train/fire/26943722567_2e81b7882d_o.jpg,6000,4000,JPEG,RGB,4000
train,fire,flickr,27002907153,27002907153_c817ac6558_o.jpg,/kaggle/input/datasets/elmadafri/the-wildfire-dataset/the_wildfire_dataset_2n_version/train/fire/27002907153_c817ac6558_o.jpg,3264,2448,JPEG,RGB,2448
train,fire,flickr,27389369134,27389369134_99b5b0da54_o.jpg,/kaggle/input/datasets/elmadafri/the-wildfire-dataset/the_wildfire_dataset_2n_version/train/fire/27389369134_99b5b0da54_o.jpg,2592,1936,JPEG,RGB,1936
train,fire,flickr,27389369204,27389369204_5f76e1e3f1_o.jpg,/kaggle/input/datasets/elmadafri/the-wildfire-dataset/the_wildfire_dataset_2n_version/train/fire/27389369204_5f76e1e3f1_o.jpg,1632,1224,JPEG,RGB,1224
train,fire,flickr,27539093561,27539093561_c89709c6c0_o.jpg,/kaggle/input/datasets/elmadafri/the-wildfire-dataset/the_wildfire_dataset_2n_version/train/fire/27539093561_c89709c6c0_o.jpg,5312,2988,JPEG,RGB,2988
train,fire,flickr,27866316047,27866316047_a4b6968d59_o.jpg,/kaggle/input/datasets/elmadafri/the-wildfire-dataset/the_wildfire_dataset_2n_version/train/fire/27866316047_a4b6968d59_o.jpg,2048,1365,JPEG,RGB,1365
train,fire,flickr,27900338542,27900338542_810a1ba4be_o.jpg,/kaggle/input/datasets/elmadafri/the-wildfire-dataset/the_wildfire_dataset_2n_version/train/fire/27900338542_810a1ba4be_o.jpg,3000,2250,JPEG,RGB,2250
train,fire,flickr,27949942844,27949942844_6a9d195535_o.jpg,/kaggle/input/datasets/elmadafri/the-wildfire-dataset/the_wildfire_dataset_2n_version/train/fire/27949942844_6a9d195535_o.jpg,2000,1501,JPEG,RGB,1501
train,fire,flickr,27951203483,27951203483_b40a9b0aa5_o.jpg,/kaggle/input/datasets/elmadafri/the-wildfire-dataset/the_wildfire_dataset_2n_version/train/fire/27951203483_b40a9b0aa5_o.jpg,2086,1536,JPEG,RGB,1536
train,fire,flickr,27978266643,27978266643_95de6efafa_o.jpg,/kaggle/input/datasets/elmadafri/the-wildfire-dataset/the_wildfire_dataset_2n_version/train/fire/27978266643_95de6efafa_o.jpg,5312,2988,JPEG,RGB,2988
train,fire,flickr,27978279043,27978279043_c8e3467021_o.jpg,/kaggle/input/datasets/elmadafri/the-wildfire-dataset/the_wildfire_dataset_2n_version/train/fire/27978279043_c8e3467021_o.jpg,5312,2988,JPEG,RGB,2988
train,fire,flickr,28015042694,28015042694_dcc7244bfd_o.jpg,/kaggle/input/datasets/elmadafri/the-wildfire-dataset/the_wildfire_dataset_2n_version/train/fire/28015042694_dcc7244bfd_o.jpg,1224,1632,JPEG,RGB,1224
train,fire,flickr,28072622597,28072622597_f789e0f490_o.jpg,/kaggle/input/datasets/elmadafri/the-wildfire-dataset/the_wildfire_dataset_2n_version/train/fire/28072622597_f789e0f490_o.jpg,5068,3379,JPEG,RGB,3379
train,fire,flickr,28368363193,28368363193_a86b925901_o.jpg,/kaggle/input/datasets/elmadafri/the-wildfire-dataset/the_wildfire_dataset_2n_version/train/fire/28368363193_a86b925901_o.jpg,2814,3752,JPEG,RGB,2814
train,fire,flickr,28431966447,28431966447_1533de1d5f_o.jpg,/kaggle/input/datasets/elmadafri/the-wildfire-dataset/the_wildfire_dataset_2n_version/train/fire/28431966447_1533de1d5f_o.jpg,5178,3452,JPEG,RGB,3452
train,fire,flickr,28431966937,28431966937_30ca6f9f2e_o.jpg,/kaggle/input/datasets/elmadafri/the-wildfire-dataset/the_wildfire_dataset_2n_version/train/fire/28431966937_30ca6f9f2e_o.jpg,5472,3648,JPEG,RGB,3648
train,fire,flickr,28431967897,28431967897_9feb07ecd5_o.jpg,/kaggle/input/datasets/elmadafri/the-wildfire-dataset/the_wildfire_dataset_2n_version/train/fire/28431967897_9feb07ecd5_o.jpg,3648,5472,JPEG,RGB,3648
train,fire,flickr,28431968257,28431968257_796522ea52_o.jpg,/kaggle/input/datasets/elmadafri/the-wildfire-dataset/the_wildfire_dataset_2n_version/train/fire/28431968257_796522ea52_o.jpg,5472,3648,JPEG,RGB,3648
train,fire,flickr,28431969527,28431969527_cc48b18b05_o.jpg,/kaggle/input/datasets/elmadafri/the-wildfire-dataset/the_wildfire_dataset_2n_version/train/fire/28431969527_cc48b18b05_o.jpg,5472,3648,JPEG,RGB,3648
train,fire,flickr,28431969917,28431969917_c7ae8874e7_o.jpg,/kaggle/input/datasets/elmadafri/the-wildfire-dataset/the_wildfire_dataset_2n_version/train/fire/28431969917_c7ae8874e7_o.jpg,3648,5472,JPEG,RGB,3648
train,fire,flickr,28431970167,28431970167_11c406b50f_o.jpg,/kaggle/input/datasets/elmadafri/the-wildfire-dataset/the_wildfire_dataset_2n_version/train/fire/28431970167_11c406b50f_o.jpg,3648,5472,JPEG,RGB,3648
train,fire,flickr,28431971297,28431971297_d7b1c5383a_o.jpg,/kaggle/input/datasets/elmadafri/the-wildfire-dataset/the_wildfire_dataset_2n_version/train/fire/28431971297_d7b1c5383a_o.jpg,5472,3648,JPEG,RGB,3648
train,fire,flickr,28431972557,28431972557_7b9a741b18_o.jpg,/kaggle/input/datasets/elmadafri/the-wildfire-dataset/the_wildfire_dataset_2n_version/train/fire/28431972557_7b9a741b18_o.jpg,5472,3648,JPEG,RGB,3648
train,fire,flickr,28431975197,28431975197_d6415bdce5_o.jpg,/kaggle/input/datasets/elmadafri/the-wildfire-dataset/the_wildfire_dataset_2n_version/train/fire/28431975197_d6415bdce5_o.jpg,5472,3648,JPEG,RGB,3648
train,fire,flickr,28431976157,28431976157_b75441158f_o.jpg,/kaggle/input/datasets/elmadafri/the-wildfire-dataset/the_wildfire_dataset_2n_version/train/fire/28431976157_b75441158f_o.jpg,3648,5472,JPEG,RGB,3648
train,fire,flickr,28431976667,28431976667_00d38c095d_o.jpg,/kaggle/input/datasets/elmadafri/the-wildfire-dataset/the_wildfire_dataset_2n_version/train/fire/28431976667_00d38c095d_o.jpg,5472,3648,JPEG,RGB,3648
train,fire,flickr,28459940212,28459940212_0009f6b02b_o.jpg,/kaggle/input/datasets/elmadafri/the-wildfire-dataset/the_wildfire_dataset_2n_version/train/fire/28459940212_0009f6b02b_o.jpg,3024,3024,JPEG,RGB,3024
train,fire,flickr,28459976202,28459976202_11d097d569_o.jpg,/kaggle/input/datasets/elmadafri/the-wildfire-dataset/the_wildfire_dataset_2n_version/train/fire/28459976202_11d097d569_o.jpg,4752,3168,JPEG,RGB,3168
train,fire,flickr,28460392672,28460392672_b45947296a_o.jpg,/kaggle/input/datasets/elmadafri/the-wildfire-dataset/the_wildfire_dataset_2n_version/train/fire/28460392672_b45947296a_o.jpg,3072,4608,JPEG,RGB,3072
train,fire,flickr,28460392742,28460392742_954d8b5806_o.jpg,/kaggle/input/datasets/elmadafri/the-wildfire-dataset/the_wildfire_dataset_2n_version/train/fire/28460392742_954d8b5806_o.jpg,2988,5312,JPEG,RGB,2988
train,fire,flickr,28460392812,28460392812_9697a4061b_o.jpg,/kaggle/input/datasets/elmadafri/the-wildfire-dataset/the_wildfire_dataset_2n_version/train/fire/28460392812_9697a4061b_o.jpg,2988,5312,JPEG,RGB,2988
train,fire,flickr,28460392862,28460392862_87e7994f28_o.jpg,/kaggle/input/datasets/elmadafri/the-wildfire-dataset/the_wildfire_dataset_2n_version/train/fire/28460392862_87e7994f28_o.jpg,5312,2988,JPEG,RGB,2988
train,fire,flickr,28460392932,28460392932_8f8f418376_o.jpg,/kaggle/input/datasets/elmadafri/the-wildfire-dataset/the_wildfire_dataset_2n_version/train/fire/28460392932_8f8f418376_o.jpg,2048,1536,JPEG,RGB,1536
train,fire,flickr,28460393002,28460393002_6997371aa6_o.jpg,/kaggle/input/datasets/elmadafri/the-wildfire-dataset/the_wildfire_dataset_2n_version/train/fire/28460393002_6997371aa6_o.jpg,768,1024,JPEG,RGB,768
train,fire,flickr,28515641211,28515641211_84eba008bd_o.jpg,/kaggle/input/datasets/elmadafri/the-wildfire-dataset/the_wildfire_dataset_2n_version/train/fire/28515641211_84eba008bd_o.jpg,2988,5312,JPEG,RGB,2988
train,fire,flickr,28534641454,28534641454_6e250001b1_o.jpg,/kaggle/input/datasets/elmadafri/the-wildfire-dataset/the_wildfire_dataset_2n_version/train/fire/28534641454_6e250001b1_o.jpg,1632,1224,JPEG,RGB,1224
train,fire,flickr,28534678716,28534678716_d2721e1f16_o.jpg,/kaggle/input/datasets/elmadafri/the-wildfire-dataset/the_wildfire_dataset_2n_version/train/fire/28534678716_d2721e1f16_o.jpg,1152,768,JPEG,RGB,768
train,fire,flickr,28537729283,28537729283_1d2daeaf5f_o.jpg,/kaggle/input/datasets/elmadafri/the-wildfire-dataset/the_wildfire_dataset_2n_version/train/fire/28537729283_1d2daeaf5f_o.jpg,2080,1560,JPEG,RGB,1560
train,fire,flickr,28736630711,28736630711_0e5dfc16db_o.jpg,/kaggle/input/datasets/elmadafri/the-wildfire-dataset/the_wildfire_dataset_2n_version/train/fire/28736630711_0e5dfc16db_o.jpg,4032,3024,JPEG,RGB,3024
train,fire,flickr,28743621984,28743621984_dde9e64c11_o.jpg,/kaggle/input/datasets/elmadafri/the-wildfire-dataset/the_wildfire_dataset_2n_version/train/fire/28743621984_dde9e64c11_o.jpg,3648,5472,JPEG,RGB,3648
train,fire,flickr,28743622414,28743622414_9982dcd3e0_o.jpg,/kaggle/input/datasets/elmadafri/the-wildfire-dataset/the_wildfire_dataset_2n_version/train/fire/28743622414_9982dcd3e0_o.jpg,3648,5472,JPEG,RGB,3648
train,fire,flickr,28752190796,28752190796_96d6b5ed3a_o.jpg,/kaggle/input/datasets/elmadafri/the-wildfire-dataset/the_wildfire_dataset_2n_version/train/fire/28752190796_96d6b5ed3a_o.jpg,3264,2448,JPEG,RGB,2448
train,fire,flickr,28757337722,28757337722_68a87d1f68_o.jpg,/kaggle/input/datasets/elmadafri/the-wildfire-dataset/the_wildfire_dataset_2n_version/train/fire/28757337722_68a87d1f68_o.jpg,3264,1836,JPEG,RGB,1836
train,fire,flickr,28786217271,28786217271_4051825d50_o.jpg,/kaggle/input/datasets/elmadafri/the-wildfire-dataset/the_wildfire_dataset_2n_version/train/fire/28786217271_4051825d50_o.jpg,2560,1440,JPEG,RGB,1440
train,fire,flickr,28790160057,28790160057_7f620b0f0e_o.jpg,/kaggle/input/datasets/elmadafri/the-wildfire-dataset/the_wildfire_dataset_2n_version/train/fire/28790160057_7f620b0f0e_o.jpg,1200,900,JPEG,RGB,900
train,fire,flickr,28809483774,28809483774_95e628c956_o.jpg,/kaggle/input/datasets/elmadafri/the-wildfire-dataset/the_wildfire_dataset_2n_version/train/fire/28809483774_95e628c956_o.jpg,5760,3840,JPEG,RGB,3840
train,fire,flickr,28811874523,28811874523_557bd5d653_o.jpg,/kaggle/input/datasets/elmadafri/the-wildfire-dataset/the_wildfire_dataset_2n_version/train/fire/28811874523_557bd5d653_o.jpg,3840,5760,JPEG,RGB,3840
train,fire,flickr,28812298933,28812298933_d2076951cd_o.jpg,/kaggle/input/datasets/elmadafri/the-wildfire-dataset/the_wildfire_dataset_2n_version/train/fire/28812298933_d2076951cd_o.jpg,5472,3648,JPEG,RGB,3648
train,fire,flickr,28861884925,28861884925_bdfb4316a2_o.jpg,/kaggle/input/datasets/elmadafri/the-wildfire-dataset/the_wildfire_dataset_2n_version/train/fire/28861884925_bdfb4316a2_o.jpg,2560,1440,JPEG,RGB,1440
train,fire,flickr,28884029841,28884029841_1c482d5cea_o.jpg,/kaggle/input/datasets/elmadafri/the-wildfire-dataset/the_wildfire_dataset_2n_version/train/fire/28884029841_1c482d5cea_o.jpg,2048,1152,JPEG,RGB,1152
train,fire,flickr,28884030381,28884030381_30546358a6_o.jpg,/kaggle/input/datasets/elmadafri/the-wildfire-dataset/the_wildfire_dataset_2n_version/train/fire/28884030381_30546358a6_o.jpg,2048,1152,JPEG,RGB,1152
train,fire,flickr,28884030621,28884030621_a460cbd512_o.jpg,/kaggle/input/datasets/elmadafri/the-wildfire-dataset/the_wildfire_dataset_2n_version/train/fire/28884030621_a460cbd512_o.jpg,2048,1152,JPEG,RGB,1152
train,fire,flickr,28938988265,28938988265_c0f1b478ce_o.jpg,/kaggle/input/datasets/elmadafri/the-wildfire-dataset/the_wildfire_dataset_2n_version/train/fire/28938988265_c0f1b478ce_o.jpg,730,487,JPEG,RGB,487
train,fire,flickr,28963795860,28963795860_47a7439e21_o.jpg,/kaggle/input/datasets/elmadafri/the-wildfire-dataset/the_wildfire_dataset_2n_version/train/fire/28963795860_47a7439e21_o.jpg,3413,1920,JPEG,RGB,1920
train,fire,flickr,29012886626,29012886626_b81f04e597_o.jpg,/kaggle/input/datasets/elmadafri/the-wildfire-dataset/the_wildfire_dataset_2n_version/train/fire/29012886626_b81f04e597_o.jpg,2448,3264,JPEG,RGB,2448
train,fire,flickr,29039280892,29039280892_0be96308bd_o.jpg,/kaggle/input/datasets/elmadafri/the-wildfire-dataset/the_wildfire_dataset_2n_version/train/fire/29039280892_0be96308bd_o.jpg,3000,1326,JPEG,RGB,1326
train,fire,flickr,29050868782,29050868782_35d8ca6835_o.jpg,/kaggle/input/datasets/elmadafri/the-wildfire-dataset/the_wildfire_dataset_2n_version/train/fire/29050868782_35d8ca6835_o.jpg,1080,720,JPEG,RGB,720
train,fire,flickr,29050919492,29050919492_af920985de_o.jpg,/kaggle/input/datasets/elmadafri/the-wildfire-dataset/the_wildfire_dataset_2n_version/train/fire/29050919492_af920985de_o.jpg,5472,3648,JPEG,RGB,3648
train,fire,flickr,29050921152,29050921152_a962e3e84f_o.jpg,/kaggle/input/datasets/elmadafri/the-wildfire-dataset/the_wildfire_dataset_2n_version/train/fire/29050921152_a962e3e84f_o.jpg,768,1024,JPEG,RGB,768
train,fire,flickr,29051042712,29051042712_4e90da02eb_o.jpg,/kaggle/input/datasets/elmadafri/the-wildfire-dataset/the_wildfire_dataset_2n_version/train/fire/29051042712_4e90da02eb_o.jpg,2964,2037,JPEG,RGB,2037
train,fire,flickr,29051042872,29051042872_3c7a0a50a6_o.jpg,/kaggle/input/datasets/elmadafri/the-wildfire-dataset/the_wildfire_dataset_2n_version/train/fire/29051042872_3c7a0a50a6_o.jpg,720,1080,JPEG,RGB,720
train,fire,flickr,29053748132,29053748132_7a1d89ea91_o.jpg,/kaggle/input/datasets/elmadafri/the-wildfire-dataset/the_wildfire_dataset_2n_version/train/fire/29053748132_7a1d89ea91_o.jpg,7360,4912,JPEG,RGB,4912
train,fire,flickr,29079516630,29079516630_d726213e54_o.jpg,/kaggle/input/datasets/elmadafri/the-wildfire-dataset/the_wildfire_dataset_2n_version/train/fire/29079516630_d726213e54_o.jpg,5472,3648,JPEG,RGB,3648
train,fire,flickr,29079517220,29079517220_5146896fc8_o.jpg,/kaggle/input/datasets/elmadafri/the-wildfire-dataset/the_wildfire_dataset_2n_version/train/fire/29079517220_5146896fc8_o.jpg,6000,4000,JPEG,RGB,4000
train,fire,flickr,29130251788,29130251788_bf65aa8530_o.jpg,/kaggle/input/datasets/elmadafri/the-wildfire-dataset/the_wildfire_dataset_2n_version/train/fire/29130251788_bf65aa8530_o.jpg,4288,2848,JPEG,RGB,2848
train,fire,flickr,29156511165,29156511165_7f0a1cf263_o.jpg,/kaggle/input/datasets/elmadafri/the-wildfire-dataset/the_wildfire_dataset_2n_version/train/fire/29156511165_7f0a1cf263_o.jpg,1500,1125,JPEG,RGB,1125
train,fire,flickr,29156511225,29156511225_78225ab62c_o.jpg,/kaggle/input/datasets/elmadafri/the-wildfire-dataset/the_wildfire_dataset_2n_version/train/fire/29156511225_78225ab62c_o.jpg,560,560,JPEG,RGB,560
train,fire,flickr,29156511375,29156511375_4c6bdfcc17_o.jpg,/kaggle/input/datasets/elmadafri/the-wildfire-dataset/the_wildfire_dataset_2n_version/train/fire/29156511375_4c6bdfcc17_o.jpg,2448,3264,JPEG,RGB,2448
train,fire,flickr,29156511535,29156511535_6c37844879_o.jpg,/kaggle/input/datasets/elmadafri/the-wildfire-dataset/the_wildfire_dataset_2n_version/train/fire/29156511535_6c37844879_o.jpg,1500,1125,JPEG,RGB,1125
train,fire,flickr,29156511655,29156511655_b5a7073d55_o.jpg,/kaggle/input/datasets/elmadafri/the-wildfire-dataset/the_wildfire_dataset_2n_version/train/fire/29156511655_b5a7073d55_o.jpg,1080,741,JPEG,RGB,741
train,fire,flickr,29156511905,29156511905_354ebebd35_o.jpg,/kaggle/input/datasets/elmadafri/the-wildfire-dataset/the_wildfire_dataset_2n_version/train/fire/29156511905_354ebebd35_o.jpg,1560,2080,JPEG,RGB,1560
train,fire,flickr,29193406884,29193406884_e425662e76_o.jpg,/kaggle/input/datasets/elmadafri/the-wildfire-dataset/the_wildfire_dataset_2n_version/train/fire/29193406884_e425662e76_o.jpg,2448,3264,JPEG,RGB,2448
train,fire,flickr,29217069592,29217069592_e139451645_o.jpg,/kaggle/input/datasets/elmadafri/the-wildfire-dataset/the_wildfire_dataset_2n_version/train/fire/29217069592_e139451645_o.jpg,4997,3456,JPEG,RGB,3456
train,fire,flickr,29217081572,29217081572_916011567e_o.jpg,/kaggle/input/datasets/elmadafri/the-wildfire-dataset/the_wildfire_dataset_2n_version/train/fire/29217081572_916011567e_o.jpg,5184,3456,JPEG,RGB,3456
train,fire,flickr,29291581436,29291581436_f8f73e28cd_o.jpg,/kaggle/input/datasets/elmadafri/the-wildfire-dataset/the_wildfire_dataset_2n_version/train/fire/29291581436_f8f73e28cd_o.jpg,5472,3648,JPEG,RGB,3648
train,fire,flickr,29325398052,29325398052_e2e665bfca_o.jpg,/kaggle/input/datasets/elmadafri/the-wildfire-dataset/the_wildfire_dataset_2n_version/train/fire/29325398052_e2e665bfca_o.jpg,5490,3660,JPEG,RGB,3660
train,fire,flickr,29325831982,29325831982_e5743845e0_o.jpg,/kaggle/input/datasets/elmadafri/the-wildfire-dataset/the_wildfire_dataset_2n_version/train/fire/29325831982_e5743845e0_o.jpg,5472,3648,JPEG,RGB,3648
train,fire,flickr,29333324226,29333324226_cf4d807cd4_o.jpg,/kaggle/input/datasets/elmadafri/the-wildfire-dataset/the_wildfire_dataset_2n_version/train/fire/29333324226_cf4d807cd4_o.jpg,1500,1125,JPEG,RGB,1125
train,fire,flickr,29369955805,29369955805_f0a93ac77e_o.jpg,/kaggle/input/datasets/elmadafri/the-wildfire-dataset/the_wildfire_dataset_2n_version/train/fire/29369955805_f0a93ac77e_o.jpg,2784,1945,JPEG,RGB,1945
train,fire,flickr,29369957265,29369957265_4873339791_o.jpg,/kaggle/input/datasets/elmadafri/the-wildfire-dataset/the_wildfire_dataset_2n_version/train/fire/29369957265_4873339791_o.jpg,3306,2432,JPEG,RGB,2432
train,fire,flickr,29431349738,29431349738_46e59567ea_o.jpg,/kaggle/input/datasets/elmadafri/the-wildfire-dataset/the_wildfire_dataset_2n_version/train/fire/29431349738_46e59567ea_o.jpg,5472,3648,JPEG,RGB,3648
train,fire,flickr,29434256445,29434256445_0fb01747a6_o.jpg,/kaggle/input/datasets/elmadafri/the-wildfire-dataset/the_wildfire_dataset_2n_version/train/fire/29434256445_0fb01747a6_o.jpg,5724,3816,JPEG,RGB,3816
train,fire,flickr,29738293001,29738293001_f2830b44bf_o.jpg,/kaggle/input/datasets/elmadafri/the-wildfire-dataset/the_wildfire_dataset_2n_version/train/fire/29738293001_f2830b44bf_o.jpg,8432,2348,JPEG,RGB,2348
train,fire,flickr,29741635257,29741635257_93de7a3830_o.jpg,/kaggle/input/datasets/elmadafri/the-wildfire-dataset/the_wildfire_dataset_2n_version/train/fire/29741635257_93de7a3830_o.jpg,6205,4137,JPEG,RGB,4137
train,fire,flickr,29813751658,29813751658_b7a76805cc_o.jpg,/kaggle/input/datasets/elmadafri/the-wildfire-dataset/the_wildfire_dataset_2n_version/train/fire/29813751658_b7a76805cc_o.jpg,4032,3024,JPEG,RGB,3024
train,fire,flickr,29920980588,29920980588_680c4fac49_o.jpg,/kaggle/input/datasets/elmadafri/the-wildfire-dataset/the_wildfire_dataset_2n_version/train/fire/29920980588_680c4fac49_o.jpg,387,303,JPEG,RGB,303
train,fire,flickr,29942433238,29942433238_47496555ca_o.jpg,/kaggle/input/datasets/elmadafri/the-wildfire-dataset/the_wildfire_dataset_2n_version/train/fire/29942433238_47496555ca_o.jpg,621,388,JPEG,RGB,388
train,fire,flickr,30071151131,30071151131_f1d7306553_o.jpg,/kaggle/input/datasets/elmadafri/the-wildfire-dataset/the_wildfire_dataset_2n_version/train/fire/30071151131_f1d7306553_o.jpg,3264,2448,JPEG,RGB,2448
train,fire,flickr,30146885628,30146885628_91cb57f5e9_o.jpg,/kaggle/input/datasets/elmadafri/the-wildfire-dataset/the_wildfire_dataset_2n_version/train/fire/30146885628_91cb57f5e9_o.jpg,6240,4160,JPEG,RGB,4160
train,fire,flickr,30227791868,30227791868_e72b72e0c3_o.jpg,/kaggle/input/datasets/elmadafri/the-wildfire-dataset/the_wildfire_dataset_2n_version/train/fire/30227791868_e72b72e0c3_o.jpg,4628,3084,MPO,RGB,3084
train,fire,flickr,30227794198,30227794198_1bde9f94aa_o.jpg,/kaggle/input/datasets/elmadafri/the-wildfire-dataset/the_wildfire_dataset_2n_version/train/fire/30227794198_1bde9f94aa_o.jpg,6000,4000,MPO,RGB,4000
train,fire,flickr,30227796028,30227796028_4e2866cd30_o.jpg,/kaggle/input/datasets/elmadafri/the-wildfire-dataset/the_wildfire_dataset_2n_version/train/fire/30227796028_4e2866cd30_o.jpg,4564,3043,MPO,RGB,3043
train,fire,flickr,30291241988,30291241988_abd1397d0e_o.jpg,/kaggle/input/datasets/elmadafri/the-wildfire-dataset/the_wildfire_dataset_2n_version/train/fire/30291241988_abd1397d0e_o.jpg,4240,2832,JPEG,RGB,2832
train,fire,flickr,30465240868,30465240868_fed7cbb366_o.jpg,/kaggle/input/datasets/elmadafri/the-wildfire-dataset/the_wildfire_dataset_2n_version/train/fire/30465240868_fed7cbb366_o.jpg,4160,6240,JPEG,RGB,4160
train,fire,flickr,30581369867,30581369867_cc70426796_o.jpg,/kaggle/input/datasets/elmadafri/the-wildfire-dataset/the_wildfire_dataset_2n_version/train/fire/30581369867_cc70426796_o.jpg,3264,1836,JPEG,RGB,1836
train,fire,flickr,30874319678,30874319678_b44a05f558_o.jpg,/kaggle/input/datasets/elmadafri/the-wildfire-dataset/the_wildfire_dataset_2n_version/train/fire/30874319678_b44a05f558_o.jpg,4032,3024,JPEG,RGB,3024
train,fire,flickr,31779181068,31779181068_48e3660d32_o.jpg,/kaggle/input/datasets/elmadafri/the-wildfire-dataset/the_wildfire_dataset_2n_version/train/fire/31779181068_48e3660d32_o.jpg,3916,2211,JPEG,RGB,2211
train,fire,flickr,32175874454,32175874454_a929b41edf_o.jpg,/kaggle/input/datasets/elmadafri/the-wildfire-dataset/the_wildfire_dataset_2n_version/train/fire/32175874454_a929b41edf_o.jpg,960,542,JPEG,RGB,542
train,fire,flickr,32333431933,32333431933_1ef83b3a4f_o.jpg,/kaggle/input/datasets/elmadafri/the-wildfire-dataset/the_wildfire_dataset_2n_version/train/fire/32333431933_1ef83b3a4f_o.jpg,1280,720,JPEG,RGB,720
train,fire,flickr,32894104394,32894104394_bfe4bf3c79_o.jpg,/kaggle/input/datasets/elmadafri/the-wildfire-dataset/the_wildfire_dataset_2n_version/train/fire/32894104394_bfe4bf3c79_o.jpg,4272,2848,JPEG,RGB,2848
train,fire,flickr,32894125434,32894125434_2ce366b021_o.jpg,/kaggle/input/datasets/elmadafri/the-wildfire-dataset/the_wildfire_dataset_2n_version/train/fire/32894125434_2ce366b021_o.jpg,4272,2848,JPEG,RGB,2848
train,fire,flickr,32918982992,32918982992_f824f8a63d_o.jpg,/kaggle/input/datasets/elmadafri/the-wildfire-dataset/the_wildfire_dataset_2n_version/train/fire/32918982992_f824f8a63d_o.jpg,600,400,JPEG,RGB,400
train,fire,flickr,32923762953,32923762953_0a7618d118_o.jpg,/kaggle/input/datasets/elmadafri/the-wildfire-dataset/the_wildfire_dataset_2n_version/train/fire/32923762953_0a7618d118_o.jpg,4272,2848,JPEG,RGB,2848
train,fire,flickr,32923776623,32923776623_06c59b5d7f_o.jpg,/kaggle/input/datasets/elmadafri/the-wildfire-dataset/the_wildfire_dataset_2n_version/train/fire/32923776623_06c59b5d7f_o.jpg,4272,2848,JPEG,RGB,2848
train,fire,flickr,32939733596,32939733596_6bed2927a5_o.jpg,/kaggle/input/datasets/elmadafri/the-wildfire-dataset/the_wildfire_dataset_2n_version/train/fire/32939733596_6bed2927a5_o.jpg,3110,2014,JPEG,RGB,2014
train,fire,flickr,32979370456,32979370456_aa15ee0a1a_o.jpg,/kaggle/input/datasets/elmadafri/the-wildfire-dataset/the_wildfire_dataset_2n_version/train/fire/32979370456_aa15ee0a1a_o.jpg,960,496,JPEG,RGB,496
train,fire,flickr,32979370576,32979370576_393c40093f_o.jpg,/kaggle/input/datasets/elmadafri/the-wildfire-dataset/the_wildfire_dataset_2n_version/train/fire/32979370576_393c40093f_o.jpg,960,508,JPEG,RGB,508
train,fire,flickr,32979370606,32979370606_a69c59f01c_o.jpg,/kaggle/input/datasets/elmadafri/the-wildfire-dataset/the_wildfire_dataset_2n_version/train/fire/32979370606_a69c59f01c_o.jpg,960,544,JPEG,RGB,544
train,fire,flickr,32979370756,32979370756_f3df57684a_o.jpg,/kaggle/input/datasets/elmadafri/the-wildfire-dataset/the_wildfire_dataset_2n_version/train/fire/32979370756_f3df57684a_o.jpg,960,542,JPEG,RGB,542
train,fire,flickr,33100052051,33100052051_4ed0ea664c_o.jpg,/kaggle/input/datasets/elmadafri/the-wildfire-dataset/the_wildfire_dataset_2n_version/train/fire/33100052051_4ed0ea664c_o.jpg,480,640,JPEG,RGB,480
train,fire,flickr,33115892694,33115892694_a10f83b10f_o.jpg,/kaggle/input/datasets/elmadafri/the-wildfire-dataset/the_wildfire_dataset_2n_version/train/fire/33115892694_a10f83b10f_o.jpg,1280,720,JPEG,RGB,720
train,fire,flickr,33115893844,33115893844_01d61f013e_o.jpg,/kaggle/input/datasets/elmadafri/the-wildfire-dataset/the_wildfire_dataset_2n_version/train/fire/33115893844_01d61f013e_o.jpg,1334,750,JPEG,RGB,750
train,fire,flickr,33115894144,33115894144_bf615304ef_o.jpg,/kaggle/input/datasets/elmadafri/the-wildfire-dataset/the_wildfire_dataset_2n_version/train/fire/33115894144_bf615304ef_o.jpg,720,394,JPEG,RGB,394
train,fire,flickr,33146397673,33146397673_46a304cb53_o.jpg,/kaggle/input/datasets/elmadafri/the-wildfire-dataset/the_wildfire_dataset_2n_version/train/fire/33146397673_46a304cb53_o.jpg,1334,750,JPEG,RGB,750
train,fire,flickr,33148836015,33148836015_80a90c9ec3_o.jpg,/kaggle/input/datasets/elmadafri/the-wildfire-dataset/the_wildfire_dataset_2n_version/train/fire/33148836015_80a90c9ec3_o.jpg,1280,720,JPEG,RGB,720
train,fire,flickr,33352514763,33352514763_954de88ae0_o.jpg,/kaggle/input/datasets/elmadafri/the-wildfire-dataset/the_wildfire_dataset_2n_version/train/fire/33352514763_954de88ae0_o.jpg,1952,1464,JPEG,RGB,1464
train,fire,flickr,33574524210,33574524210_89fdc7420a_o.jpg,/kaggle/input/datasets/elmadafri/the-wildfire-dataset/the_wildfire_dataset_2n_version/train/fire/33574524210_89fdc7420a_o.jpg,1334,750,JPEG,RGB,750
train,fire,flickr,33580463112,33580463112_6589084e17_o.jpg,/kaggle/input/datasets/elmadafri/the-wildfire-dataset/the_wildfire_dataset_2n_version/train/fire/33580463112_6589084e17_o.jpg,4272,2848,JPEG,RGB,2848
train,fire,flickr,33584185233,33584185233_ec01986a56_o.jpg,/kaggle/input/datasets/elmadafri/the-wildfire-dataset/the_wildfire_dataset_2n_version/train/fire/33584185233_ec01986a56_o.jpg,3264,1836,JPEG,RGB,1836
train,fire,flickr,33607866281,33607866281_93d41bf0f4_o.jpg,/kaggle/input/datasets/elmadafri/the-wildfire-dataset/the_wildfire_dataset_2n_version/train/fire/33607866281_93d41bf0f4_o.jpg,4272,2848,JPEG,RGB,2848
train,fire,flickr,33607913731,33607913731_c8b97c23f7_o.jpg,/kaggle/input/datasets/elmadafri/the-wildfire-dataset/the_wildfire_dataset_2n_version/train/fire/33607913731_c8b97c23f7_o.jpg,4272,2848,JPEG,RGB,2848
train,fire,flickr,33607918741,33607918741_a2418c5ed5_o.jpg,/kaggle/input/datasets/elmadafri/the-wildfire-dataset/the_wildfire_dataset_2n_version/train/fire/33607918741_a2418c5ed5_o.jpg,4272,2848,JPEG,RGB,2848
train,fire,flickr,33696300466,33696300466_5cb38a1047_o.jpg,/kaggle/input/datasets/elmadafri/the-wildfire-dataset/the_wildfire_dataset_2n_version/train/fire/33696300466_5cb38a1047_o.jpg,4272,2848,JPEG,RGB,2848
train,fire,flickr,33696310426,33696310426_a0db391e64_o.jpg,/kaggle/input/datasets/elmadafri/the-wildfire-dataset/the_wildfire_dataset_2n_version/train/fire/33696310426_a0db391e64_o.jpg,4272,2848,JPEG,RGB,2848
train,fire,flickr,33696315496,33696315496_53c4e83863_o.jpg,/kaggle/input/datasets/elmadafri/the-wildfire-dataset/the_wildfire_dataset_2n_version/train/fire/33696315496_53c4e83863_o.jpg,4272,2848,JPEG,RGB,2848
train,fire,flickr,33696329906,33696329906_0577f32153_o.jpg,/kaggle/input/datasets/elmadafri/the-wildfire-dataset/the_wildfire_dataset_2n_version/train/fire/33696329906_0577f32153_o.jpg,4272,2848,JPEG,RGB,2848
train,fire,flickr,33737027855,33737027855_f74f71b6a1_o.jpg,/kaggle/input/datasets/elmadafri/the-wildfire-dataset/the_wildfire_dataset_2n_version/train/fire/33737027855_f74f71b6a1_o.jpg,4272,2848,JPEG,RGB,2848
train,fire,flickr,33991421334,33991421334_b8834e87ee_o.jpg,/kaggle/input/datasets/elmadafri/the-wildfire-dataset/the_wildfire_dataset_2n_version/train/fire/33991421334_b8834e87ee_o.jpg,14658,5705,JPEG,RGB,5705
train,fire,flickr,34025005952,34025005952_b1246f3b14_o.jpg,/kaggle/input/datasets/elmadafri/the-wildfire-dataset/the_wildfire_dataset_2n_version/train/fire/34025005952_b1246f3b14_o.jpg,3024,4032,JPEG,RGB,3024
train,fire,flickr,34025008392,34025008392_34f74c12ba_o.jpg,/kaggle/input/datasets/elmadafri/the-wildfire-dataset/the_wildfire_dataset_2n_version/train/fire/34025008392_34f74c12ba_o.jpg,1977,1483,JPEG,RGB,1483
train,fire,flickr,34094010334,34094010334_b62e68ea40_o.jpg,/kaggle/input/datasets/elmadafri/the-wildfire-dataset/the_wildfire_dataset_2n_version/train/fire/34094010334_b62e68ea40_o.jpg,3024,4032,JPEG,RGB,3024
train,fire,flickr,34163415785,34163415785_8355d7da30_o.jpg,/kaggle/input/datasets/elmadafri/the-wildfire-dataset/the_wildfire_dataset_2n_version/train/fire/34163415785_8355d7da30_o.jpg,3000,1312,JPEG,RGB,1312
train,fire,flickr,34163416695,34163416695_fd80717cd0_o.jpg,/kaggle/input/datasets/elmadafri/the-wildfire-dataset/the_wildfire_dataset_2n_version/train/fire/34163416695_fd80717cd0_o.jpg,4032,3024,JPEG,RGB,3024
train,fire,flickr,34182396555,34182396555_ed36d0170c_o.jpg,/kaggle/input/datasets/elmadafri/the-wildfire-dataset/the_wildfire_dataset_2n_version/train/fire/34182396555_ed36d0170c_o.jpg,3024,4032,JPEG,RGB,3024
train,fire,flickr,34182400905,34182400905_4c7fd1bc9d_o.jpg,/kaggle/input/datasets/elmadafri/the-wildfire-dataset/the_wildfire_dataset_2n_version/train/fire/34182400905_4c7fd1bc9d_o.jpg,1568,2091,JPEG,RGB,1568
train,fire,flickr,34182401245,34182401245_908ac4708b_o.jpg,/kaggle/input/datasets/elmadafri/the-wildfire-dataset/the_wildfire_dataset_2n_version/train/fire/34182401245_908ac4708b_o.jpg,2690,1183,JPEG,RGB,1183
train,fire,flickr,34182404375,34182404375_3aa8385db4_o.jpg,/kaggle/input/datasets/elmadafri/the-wildfire-dataset/the_wildfire_dataset_2n_version/train/fire/34182404375_3aa8385db4_o.jpg,1887,1415,JPEG,RGB,1415
train,fire,flickr,34182404715,34182404715_6454a87316_o.jpg,/kaggle/input/datasets/elmadafri/the-wildfire-dataset/the_wildfire_dataset_2n_version/train/fire/34182404715_6454a87316_o.jpg,1811,1358,JPEG,RGB,1358
train,fire,flickr,34300723214,34300723214_3e649f65dd_o.jpg,/kaggle/input/datasets/elmadafri/the-wildfire-dataset/the_wildfire_dataset_2n_version/train/fire/34300723214_3e649f65dd_o.jpg,2484,1397,JPEG,RGB,1397
train,fire,flickr,34567852580,34567852580_4b31f089e7_o.jpg,/kaggle/input/datasets/elmadafri/the-wildfire-dataset/the_wildfire_dataset_2n_version/train/fire/34567852580_4b31f089e7_o.jpg,3000,2250,JPEG,RGB,2250
train,fire,flickr,34631783560,34631783560_a93cbe6cf1_o.jpg,/kaggle/input/datasets/elmadafri/the-wildfire-dataset/the_wildfire_dataset_2n_version/train/fire/34631783560_a93cbe6cf1_o.jpg,3264,1836,JPEG,RGB,1836
train,fire,flickr,34658106483,34658106483_c0ed99d215_o.jpg,/kaggle/input/datasets/elmadafri/the-wildfire-dataset/the_wildfire_dataset_2n_version/train/fire/34658106483_c0ed99d215_o.jpg,1624,1712,JPEG,RGB,1624
train,fire,flickr,34658119843,34658119843_27994604c3_o.jpg,/kaggle/input/datasets/elmadafri/the-wildfire-dataset/the_wildfire_dataset_2n_version/train/fire/34658119843_27994604c3_o.jpg,2896,3336,JPEG,RGB,2896
train,fire,flickr,34773677392,34773677392_0eb5cb6c56_o.jpg,/kaggle/input/datasets/elmadafri/the-wildfire-dataset/the_wildfire_dataset_2n_version/train/fire/34773677392_0eb5cb6c56_o.jpg,3024,4032,JPEG,RGB,3024
train,fire,flickr,34791620042,34791620042_c6f1cc789d_o.jpg,/kaggle/input/datasets/elmadafri/the-wildfire-dataset/the_wildfire_dataset_2n_version/train/fire/34791620042_c6f1cc789d_o.jpg,2250,3000,JPEG,RGB,2250
train,fire,flickr,34805106991,34805106991_533fcc2bb7_o.jpg,/kaggle/input/datasets/elmadafri/the-wildfire-dataset/the_wildfire_dataset_2n_version/train/fire/34805106991_533fcc2bb7_o.jpg,3024,4032,JPEG,RGB,3024
train,fire,flickr,34896789386,34896789386_b524350749_o.jpg,/kaggle/input/datasets/elmadafri/the-wildfire-dataset/the_wildfire_dataset_2n_version/train/fire/34896789386_b524350749_o.jpg,4032,3024,JPEG,RGB,3024
train,fire,flickr,34914713666,34914713666_37fd3222f6_o.jpg,/kaggle/input/datasets/elmadafri/the-wildfire-dataset/the_wildfire_dataset_2n_version/train/fire/34914713666_37fd3222f6_o.jpg,2048,1536,JPEG,RGB,1536
train,fire,flickr,34914714076,34914714076_92bbdf68dc_o.jpg,/kaggle/input/datasets/elmadafri/the-wildfire-dataset/the_wildfire_dataset_2n_version/train/fire/34914714076_92bbdf68dc_o.jpg,3000,2250,JPEG,RGB,2250
train,fire,flickr,34914716246,34914716246_b84b6ce74c_o.jpg,/kaggle/input/datasets/elmadafri/the-wildfire-dataset/the_wildfire_dataset_2n_version/train/fire/34914716246_b84b6ce74c_o.jpg,2250,3000,JPEG,RGB,2250
train,fire,flickr,34914717816,34914717816_73bd740b6a_o.jpg,/kaggle/input/datasets/elmadafri/the-wildfire-dataset/the_wildfire_dataset_2n_version/train/fire/34914717816_73bd740b6a_o.jpg,2048,1536,JPEG,RGB,1536
train,fire,flickr,34914718456,34914718456_2660385319_o.jpg,/kaggle/input/datasets/elmadafri/the-wildfire-dataset/the_wildfire_dataset_2n_version/train/fire/34914718456_2660385319_o.jpg,2048,1536,JPEG,RGB,1536
train,fire,flickr,34937366285,34937366285_1698fc409d_o.jpg,/kaggle/input/datasets/elmadafri/the-wildfire-dataset/the_wildfire_dataset_2n_version/train/fire/34937366285_1698fc409d_o.jpg,4032,3024,JPEG,RGB,3024
train,fire,flickr,34979352386,34979352386_d7f84d688b_o.jpg,/kaggle/input/datasets/elmadafri/the-wildfire-dataset/the_wildfire_dataset_2n_version/train/fire/34979352386_d7f84d688b_o.jpg,4032,3024,JPEG,RGB,3024
train,fire,flickr,35015020213,35015020213_ef676ae49d_o.jpg,/kaggle/input/datasets/elmadafri/the-wildfire-dataset/the_wildfire_dataset_2n_version/train/fire/35015020213_ef676ae49d_o.jpg,680,510,JPEG,RGB,510
train,fire,flickr,35015020293,35015020293_6565c8e6ee_o.jpg,/kaggle/input/datasets/elmadafri/the-wildfire-dataset/the_wildfire_dataset_2n_version/train/fire/35015020293_6565c8e6ee_o.jpg,960,720,JPEG,RGB,720
train,fire,flickr,35015020413,35015020413_1578907ebe_o.jpg,/kaggle/input/datasets/elmadafri/the-wildfire-dataset/the_wildfire_dataset_2n_version/train/fire/35015020413_1578907ebe_o.jpg,680,510,JPEG,RGB,510
train,fire,flickr,35015020853,35015020853_ec3403308b_o.jpg,/kaggle/input/datasets/elmadafri/the-wildfire-dataset/the_wildfire_dataset_2n_version/train/fire/35015020853_ec3403308b_o.jpg,680,510,JPEG,RGB,510
train,fire,flickr,35015021703,35015021703_8dde144ac5_o.jpg,/kaggle/input/datasets/elmadafri/the-wildfire-dataset/the_wildfire_dataset_2n_version/train/fire/35015021703_8dde144ac5_o.jpg,1400,880,JPEG,RGB,880
train,fire,flickr,35015022573,35015022573_1fcbb7c4fa_o.jpg,/kaggle/input/datasets/elmadafri/the-wildfire-dataset/the_wildfire_dataset_2n_version/train/fire/35015022573_1fcbb7c4fa_o.jpg,1200,716,JPEG,RGB,716
train,fire,flickr,35015025393,35015025393_12cb0e3852_o.jpg,/kaggle/input/datasets/elmadafri/the-wildfire-dataset/the_wildfire_dataset_2n_version/train/fire/35015025393_12cb0e3852_o.jpg,680,510,JPEG,RGB,510
train,fire,flickr,35015025503,35015025503_e9062876f7_o.jpg,/kaggle/input/datasets/elmadafri/the-wildfire-dataset/the_wildfire_dataset_2n_version/train/fire/35015025503_e9062876f7_o.jpg,680,510,JPEG,RGB,510
train,fire,flickr,35015071423,35015071423_a6c8c2dfbe_o.jpg,/kaggle/input/datasets/elmadafri/the-wildfire-dataset/the_wildfire_dataset_2n_version/train/fire/35015071423_a6c8c2dfbe_o.jpg,1296,1080,JPEG,RGB,1080
train,fire,flickr,35408981930,35408981930_f7c118f308_o.jpg,/kaggle/input/datasets/elmadafri/the-wildfire-dataset/the_wildfire_dataset_2n_version/train/fire/35408981930_f7c118f308_o.jpg,640,480,JPEG,RGB,480
train,fire,flickr,35410025110,35410025110_b70f64a6f4_o.jpg,/kaggle/input/datasets/elmadafri/the-wildfire-dataset/the_wildfire_dataset_2n_version/train/fire/35410025110_b70f64a6f4_o.jpg,5312,2988,JPEG,RGB,2988
train,fire,flickr,35410487110,35410487110_e7776351d8_o.jpg,/kaggle/input/datasets/elmadafri/the-wildfire-dataset/the_wildfire_dataset_2n_version/train/fire/35410487110_e7776351d8_o.jpg,3264,2448,JPEG,RGB,2448
train,fire,flickr,35436551630,35436551630_83ff810464_o.jpg,/kaggle/input/datasets/elmadafri/the-wildfire-dataset/the_wildfire_dataset_2n_version/train/fire/35436551630_83ff810464_o.jpg,680,510,JPEG,RGB,510
train,fire,flickr,35436558590,35436558590_7317a3ea78_o.jpg,/kaggle/input/datasets/elmadafri/the-wildfire-dataset/the_wildfire_dataset_2n_version/train/fire/35436558590_7317a3ea78_o.jpg,1200,731,JPEG,RGB,731
train,fire,flickr,35436560230,35436560230_e7630efe22_o.jpg,/kaggle/input/datasets/elmadafri/the-wildfire-dataset/the_wildfire_dataset_2n_version/train/fire/35436560230_e7630efe22_o.jpg,1200,742,JPEG,RGB,742
train,fire,flickr,35504733704,35504733704_177275e7b4_o.jpg,/kaggle/input/datasets/elmadafri/the-wildfire-dataset/the_wildfire_dataset_2n_version/train/fire/35504733704_177275e7b4_o.jpg,5360,3588,JPEG,RGB,3588
train,fire,flickr,35505051124,35505051124_d96e15ca3c_o.jpg,/kaggle/input/datasets/elmadafri/the-wildfire-dataset/the_wildfire_dataset_2n_version/train/fire/35505051124_d96e15ca3c_o.jpg,5360,3580,JPEG,RGB,3580
train,fire,flickr,35531859453,35531859453_a75fb19cce_o.jpg,/kaggle/input/datasets/elmadafri/the-wildfire-dataset/the_wildfire_dataset_2n_version/train/fire/35531859453_a75fb19cce_o.jpg,5344,3596,JPEG,RGB,3596
train,fire,flickr,35531863303,35531863303_6e619eba6b_o.jpg,/kaggle/input/datasets/elmadafri/the-wildfire-dataset/the_wildfire_dataset_2n_version/train/fire/35531863303_6e619eba6b_o.jpg,5360,3580,JPEG,RGB,3580
train,fire,flickr,35531874233,35531874233_8d14e0c7ba_o.jpg,/kaggle/input/datasets/elmadafri/the-wildfire-dataset/the_wildfire_dataset_2n_version/train/fire/35531874233_8d14e0c7ba_o.jpg,5360,3584,JPEG,RGB,3584
train,fire,flickr,35531874733,35531874733_fe5136e087_o.jpg,/kaggle/input/datasets/elmadafri/the-wildfire-dataset/the_wildfire_dataset_2n_version/train/fire/35531874733_fe5136e087_o.jpg,5360,3584,JPEG,RGB,3584
train,fire,flickr,35531879493,35531879493_9d0edc5cf2_o.jpg,/kaggle/input/datasets/elmadafri/the-wildfire-dataset/the_wildfire_dataset_2n_version/train/fire/35531879493_9d0edc5cf2_o.jpg,5360,3588,JPEG,RGB,3588
train,fire,flickr,35531880393,35531880393_6e069a4320_o.jpg,/kaggle/input/datasets/elmadafri/the-wildfire-dataset/the_wildfire_dataset_2n_version/train/fire/35531880393_6e069a4320_o.jpg,5356,3584,JPEG,RGB,3584
train,fire,flickr,35532185633,35532185633_2477844982_o.jpg,/kaggle/input/datasets/elmadafri/the-wildfire-dataset/the_wildfire_dataset_2n_version/train/fire/35532185633_2477844982_o.jpg,5344,3584,JPEG,RGB,3584
train,fire,flickr,35628850832,35628850832_ef90c1e9be_o.jpg,/kaggle/input/datasets/elmadafri/the-wildfire-dataset/the_wildfire_dataset_2n_version/train/fire/35628850832_ef90c1e9be_o.jpg,640,480,JPEG,RGB,480
train,fire,flickr,35629885502,35629885502_2956fb858e_o.jpg,/kaggle/input/datasets/elmadafri/the-wildfire-dataset/the_wildfire_dataset_2n_version/train/fire/35629885502_2956fb858e_o.jpg,3264,2448,JPEG,RGB,2448
train,fire,flickr,35666721801,35666721801_35f05dbd5f_o.jpg,/kaggle/input/datasets/elmadafri/the-wildfire-dataset/the_wildfire_dataset_2n_version/train/fire/35666721801_35f05dbd5f_o.jpg,4000,3000,MPO,RGB,3000
train,fire,flickr,35666924341,35666924341_c69ea99ee3_o.jpg,/kaggle/input/datasets/elmadafri/the-wildfire-dataset/the_wildfire_dataset_2n_version/train/fire/35666924341_c69ea99ee3_o.jpg,5248,2297,JPEG,RGB,2297
train,fire,flickr,35692760711,35692760711_fc7a9de658_o.jpg,/kaggle/input/datasets/elmadafri/the-wildfire-dataset/the_wildfire_dataset_2n_version/train/fire/35692760711_fc7a9de658_o.jpg,680,510,JPEG,RGB,510
train,fire,flickr,35751271762,35751271762_db47281eee_o.jpg,/kaggle/input/datasets/elmadafri/the-wildfire-dataset/the_wildfire_dataset_2n_version/train/fire/35751271762_db47281eee_o.jpg,6746,3136,JPEG,RGB,3136
train,fire,flickr,35784578156,35784578156_7ffd28578f_o.jpg,/kaggle/input/datasets/elmadafri/the-wildfire-dataset/the_wildfire_dataset_2n_version/train/fire/35784578156_7ffd28578f_o.jpg,703,473,JPEG,RGB,473
train,fire,flickr,35784582596,35784582596_c3d413a0ba_o.jpg,/kaggle/input/datasets/elmadafri/the-wildfire-dataset/the_wildfire_dataset_2n_version/train/fire/35784582596_c3d413a0ba_o.jpg,1100,619,JPEG,RGB,619
train,fire,flickr,35798753325,35798753325_5150318f95_o.jpg,/kaggle/input/datasets/elmadafri/the-wildfire-dataset/the_wildfire_dataset_2n_version/train/fire/35798753325_5150318f95_o.jpg,4928,3264,JPEG,RGB,3264
train,fire,flickr,35824969685,35824969685_ac6e45e024_o.jpg,/kaggle/input/datasets/elmadafri/the-wildfire-dataset/the_wildfire_dataset_2n_version/train/fire/35824969685_ac6e45e024_o.jpg,2858,1867,JPEG,RGB,1867
train,fire,flickr,35883375265,35883375265_c23cbece87_o.jpg,/kaggle/input/datasets/elmadafri/the-wildfire-dataset/the_wildfire_dataset_2n_version/train/fire/35883375265_c23cbece87_o.jpg,3486,2478,JPEG,RGB,2478
train,fire,flickr,35943831620,35943831620_2f3e25830c_o.jpg,/kaggle/input/datasets/elmadafri/the-wildfire-dataset/the_wildfire_dataset_2n_version/train/fire/35943831620_2f3e25830c_o.jpg,5360,3584,JPEG,RGB,3584
train,fire,flickr,35943845740,35943845740_086971ac89_o.jpg,/kaggle/input/datasets/elmadafri/the-wildfire-dataset/the_wildfire_dataset_2n_version/train/fire/35943845740_086971ac89_o.jpg,5360,3584,JPEG,RGB,3584
train,fire,flickr,35943850740,35943850740_63e2d0c036_o.jpg,/kaggle/input/datasets/elmadafri/the-wildfire-dataset/the_wildfire_dataset_2n_version/train/fire/35943850740_63e2d0c036_o.jpg,5348,3576,JPEG,RGB,3576
train,fire,flickr,35944098020,35944098020_cd1134dc54_o.jpg,/kaggle/input/datasets/elmadafri/the-wildfire-dataset/the_wildfire_dataset_2n_version/train/fire/35944098020_cd1134dc54_o.jpg,5348,3580,JPEG,RGB,3580
train,fire,flickr,36114718993,36114718993_02a17ebac8_o.jpg,/kaggle/input/datasets/elmadafri/the-wildfire-dataset/the_wildfire_dataset_2n_version/train/fire/36114718993_02a17ebac8_o.jpg,5760,3840,JPEG,RGB,3840
train,fire,flickr,36171926842,36171926842_09c60c4c31_o.jpg,/kaggle/input/datasets/elmadafri/the-wildfire-dataset/the_wildfire_dataset_2n_version/train/fire/36171926842_09c60c4c31_o.jpg,5480,3684,JPEG,RGB,3684
train,fire,flickr,36171927572,36171927572_ec3c2e0716_o.jpg,/kaggle/input/datasets/elmadafri/the-wildfire-dataset/the_wildfire_dataset_2n_version/train/fire/36171927572_ec3c2e0716_o.jpg,5328,3580,JPEG,RGB,3580
train,fire,flickr,36171930962,36171930962_755dabb02f_o.jpg,/kaggle/input/datasets/elmadafri/the-wildfire-dataset/the_wildfire_dataset_2n_version/train/fire/36171930962_755dabb02f_o.jpg,3592,5360,JPEG,RGB,3592
train,fire,flickr,36171932072,36171932072_630ac67274_o.jpg,/kaggle/input/datasets/elmadafri/the-wildfire-dataset/the_wildfire_dataset_2n_version/train/fire/36171932072_630ac67274_o.jpg,5360,3580,JPEG,RGB,3580
train,fire,flickr,36171935652,36171935652_889b2ea0f5_o.jpg,/kaggle/input/datasets/elmadafri/the-wildfire-dataset/the_wildfire_dataset_2n_version/train/fire/36171935652_889b2ea0f5_o.jpg,5360,3584,JPEG,RGB,3584
train,fire,flickr,36171949262,36171949262_9c948221bc_o.jpg,/kaggle/input/datasets/elmadafri/the-wildfire-dataset/the_wildfire_dataset_2n_version/train/fire/36171949262_9c948221bc_o.jpg,5360,3584,JPEG,RGB,3584
train,fire,flickr,36204004331,36204004331_9d7b73eae8_o.jpg,/kaggle/input/datasets/elmadafri/the-wildfire-dataset/the_wildfire_dataset_2n_version/train/fire/36204004331_9d7b73eae8_o.jpg,5360,3584,JPEG,RGB,3584
train,fire,flickr,36204017671,36204017671_a8a87f9efe_o.jpg,/kaggle/input/datasets/elmadafri/the-wildfire-dataset/the_wildfire_dataset_2n_version/train/fire/36204017671_a8a87f9efe_o.jpg,5336,3568,JPEG,RGB,3568
train,fire,flickr,36296103976,36296103976_8159204986_o.jpg,/kaggle/input/datasets/elmadafri/the-wildfire-dataset/the_wildfire_dataset_2n_version/train/fire/36296103976_8159204986_o.jpg,5352,3536,JPEG,RGB,3536
train,fire,flickr,36296142916,36296142916_d3f3bb36fc_o.jpg,/kaggle/input/datasets/elmadafri/the-wildfire-dataset/the_wildfire_dataset_2n_version/train/fire/36296142916_d3f3bb36fc_o.jpg,5360,3580,JPEG,RGB,3580
train,fire,flickr,36296147916,36296147916_c7385539eb_o.jpg,/kaggle/input/datasets/elmadafri/the-wildfire-dataset/the_wildfire_dataset_2n_version/train/fire/36296147916_c7385539eb_o.jpg,5360,3584,JPEG,RGB,3584
train,fire,flickr,36340658435,36340658435_4c5de984de_o.jpg,/kaggle/input/datasets/elmadafri/the-wildfire-dataset/the_wildfire_dataset_2n_version/train/fire/36340658435_4c5de984de_o.jpg,5580,3768,JPEG,RGB,3768
train,fire,flickr,36340658665,36340658665_3da07413ed_o.jpg,/kaggle/input/datasets/elmadafri/the-wildfire-dataset/the_wildfire_dataset_2n_version/train/fire/36340658665_3da07413ed_o.jpg,5340,3544,JPEG,RGB,3544
train,fire,flickr,36340904035,36340904035_5ecfe76717_o.jpg,/kaggle/input/datasets/elmadafri/the-wildfire-dataset/the_wildfire_dataset_2n_version/train/fire/36340904035_5ecfe76717_o.jpg,5344,3572,JPEG,RGB,3572
train,fire,flickr,36451362154,36451362154_bc062d5909_o.jpg,/kaggle/input/datasets/elmadafri/the-wildfire-dataset/the_wildfire_dataset_2n_version/train/fire/36451362154_bc062d5909_o.jpg,5760,3840,JPEG,RGB,3840
train,fire,flickr,36533908230,36533908230_1d6294d4af_o.jpg,/kaggle/input/datasets/elmadafri/the-wildfire-dataset/the_wildfire_dataset_2n_version/train/fire/36533908230_1d6294d4af_o.jpg,3024,2072,JPEG,RGB,2072
train,fire,flickr,36583423933,36583423933_01030ea8f5_o.jpg,/kaggle/input/datasets/elmadafri/the-wildfire-dataset/the_wildfire_dataset_2n_version/train/fire/36583423933_01030ea8f5_o.jpg,4032,3024,JPEG,RGB,3024
train,fire,flickr,36610208784,36610208784_c4cde0d404_o.jpg,/kaggle/input/datasets/elmadafri/the-wildfire-dataset/the_wildfire_dataset_2n_version/train/fire/36610208784_c4cde0d404_o.jpg,2250,3000,JPEG,RGB,2250
train,fire,flickr,36663923064,36663923064_69ef7931fe_o.jpg,/kaggle/input/datasets/elmadafri/the-wildfire-dataset/the_wildfire_dataset_2n_version/train/fire/36663923064_69ef7931fe_o.jpg,3264,2448,JPEG,RGB,2448
train,fire,flickr,36702521533,36702521533_5c00df89aa_o.jpg,/kaggle/input/datasets/elmadafri/the-wildfire-dataset/the_wildfire_dataset_2n_version/train/fire/36702521533_5c00df89aa_o.jpg,620,463,JPEG,RGB,463
train,fire,flickr,36792334002,36792334002_e6c4ae2ac4_o.jpg,/kaggle/input/datasets/elmadafri/the-wildfire-dataset/the_wildfire_dataset_2n_version/train/fire/36792334002_e6c4ae2ac4_o.jpg,6016,4000,MPO,RGB,4000
train,fire,flickr,36823539121,36823539121_e7c9664f0c_o.jpg,/kaggle/input/datasets/elmadafri/the-wildfire-dataset/the_wildfire_dataset_2n_version/train/fire/36823539121_e7c9664f0c_o.jpg,4000,6016,JPEG,RGB,4000
train,fire,flickr,37116013080,37116013080_b07925b7bc_o.jpg,/kaggle/input/datasets/elmadafri/the-wildfire-dataset/the_wildfire_dataset_2n_version/train/fire/37116013080_b07925b7bc_o.jpg,1452,1936,JPEG,RGB,1452
train,fire,flickr,37116014660,37116014660_643e6c286c_o.jpg,/kaggle/input/datasets/elmadafri/the-wildfire-dataset/the_wildfire_dataset_2n_version/train/fire/37116014660_643e6c286c_o.jpg,465,620,JPEG,RGB,465
train,fire,flickr,37116025350,37116025350_36526c8548_o.jpg,/kaggle/input/datasets/elmadafri/the-wildfire-dataset/the_wildfire_dataset_2n_version/train/fire/37116025350_36526c8548_o.jpg,4032,3024,JPEG,RGB,3024
train,fire,flickr,37116026440,37116026440_336e415059_o.jpg,/kaggle/input/datasets/elmadafri/the-wildfire-dataset/the_wildfire_dataset_2n_version/train/fire/37116026440_336e415059_o.jpg,620,465,JPEG,RGB,465
train,fire,flickr,37116027540,37116027540_e3df539e6e_o.jpg,/kaggle/input/datasets/elmadafri/the-wildfire-dataset/the_wildfire_dataset_2n_version/train/fire/37116027540_e3df539e6e_o.jpg,1600,1200,JPEG,RGB,1200
train,fire,flickr,37116436092,37116436092_15b77407fb_o.jpg,/kaggle/input/datasets/elmadafri/the-wildfire-dataset/the_wildfire_dataset_2n_version/train/fire/37116436092_15b77407fb_o.jpg,5760,3840,JPEG,RGB,3840
train,fire,flickr,37116444652,37116444652_2f0b5056e2_o.jpg,/kaggle/input/datasets/elmadafri/the-wildfire-dataset/the_wildfire_dataset_2n_version/train/fire/37116444652_2f0b5056e2_o.jpg,5760,3840,JPEG,RGB,3840
train,fire,flickr,37289047155,37289047155_6d38810664_o.jpg,/kaggle/input/datasets/elmadafri/the-wildfire-dataset/the_wildfire_dataset_2n_version/train/fire/37289047155_6d38810664_o.jpg,5760,3840,JPEG,RGB,3840
train,fire,flickr,37325108406,37325108406_e1f5e87e80_o.jpg,/kaggle/input/datasets/elmadafri/the-wildfire-dataset/the_wildfire_dataset_2n_version/train/fire/37325108406_e1f5e87e80_o.jpg,620,465,JPEG,RGB,465
train,fire,flickr,37325120996,37325120996_c0c698ae0f_o.jpg,/kaggle/input/datasets/elmadafri/the-wildfire-dataset/the_wildfire_dataset_2n_version/train/fire/37325120996_c0c698ae0f_o.jpg,3264,2448,JPEG,RGB,2448
train,fire,flickr,37325129916,37325129916_d1c3000b17_o.jpg,/kaggle/input/datasets/elmadafri/the-wildfire-dataset/the_wildfire_dataset_2n_version/train/fire/37325129916_d1c3000b17_o.jpg,600,800,JPEG,RGB,600
train,fire,flickr,37325130876,37325130876_c369e561ac_o.jpg,/kaggle/input/datasets/elmadafri/the-wildfire-dataset/the_wildfire_dataset_2n_version/train/fire/37325130876_c369e561ac_o.jpg,1137,640,JPEG,RGB,640
train,fire,flickr,37325134636,37325134636_6828e71d1f_o.jpg,/kaggle/input/datasets/elmadafri/the-wildfire-dataset/the_wildfire_dataset_2n_version/train/fire/37325134636_6828e71d1f_o.jpg,1920,1281,JPEG,RGB,1281
train,fire,flickr,37325145206,37325145206_39f19f37c7_o.jpg,/kaggle/input/datasets/elmadafri/the-wildfire-dataset/the_wildfire_dataset_2n_version/train/fire/37325145206_39f19f37c7_o.jpg,3264,2448,JPEG,RGB,2448
train,fire,flickr,37325148676,37325148676_48253c6cb3_o.jpg,/kaggle/input/datasets/elmadafri/the-wildfire-dataset/the_wildfire_dataset_2n_version/train/fire/37325148676_48253c6cb3_o.jpg,3264,2448,JPEG,RGB,2448
train,fire,flickr,37325150326,37325150326_d09f23d3eb_o.jpg,/kaggle/input/datasets/elmadafri/the-wildfire-dataset/the_wildfire_dataset_2n_version/train/fire/37325150326_d09f23d3eb_o.jpg,3264,2448,JPEG,RGB,2448
train,fire,flickr,37342469162,37342469162_b93c91c05a_o.jpg,/kaggle/input/datasets/elmadafri/the-wildfire-dataset/the_wildfire_dataset_2n_version/train/fire/37342469162_b93c91c05a_o.jpg,900,1200,JPEG,RGB,900
train,fire,flickr,37342469622,37342469622_5986183000_o.jpg,/kaggle/input/datasets/elmadafri/the-wildfire-dataset/the_wildfire_dataset_2n_version/train/fire/37342469622_5986183000_o.jpg,960,540,JPEG,RGB,540
train,fire,flickr,37342469732,37342469732_6d6aa633b3_o.jpg,/kaggle/input/datasets/elmadafri/the-wildfire-dataset/the_wildfire_dataset_2n_version/train/fire/37342469732_6d6aa633b3_o.jpg,960,540,JPEG,RGB,540
train,fire,flickr,37342471232,37342471232_fc3070ea8d_o.jpg,/kaggle/input/datasets/elmadafri/the-wildfire-dataset/the_wildfire_dataset_2n_version/train/fire/37342471232_fc3070ea8d_o.jpg,7974,2936,JPEG,RGB,2936
train,fire,flickr,37342472242,37342472242_0f006f3cae_o.jpg,/kaggle/input/datasets/elmadafri/the-wildfire-dataset/the_wildfire_dataset_2n_version/train/fire/37342472242_0f006f3cae_o.jpg,1536,2048,JPEG,RGB,1536
train,fire,flickr,37342472282,37342472282_d5c232501a_o.jpg,/kaggle/input/datasets/elmadafri/the-wildfire-dataset/the_wildfire_dataset_2n_version/train/fire/37342472282_d5c232501a_o.jpg,1280,359,JPEG,RGB,359
train,fire,flickr,37342480522,37342480522_2dfdd4f170_o.jpg,/kaggle/input/datasets/elmadafri/the-wildfire-dataset/the_wildfire_dataset_2n_version/train/fire/37342480522_2dfdd4f170_o.jpg,300,225,JPEG,RGB,225
train,fire,flickr,37342493372,37342493372_8b4a11c08e_o.jpg,/kaggle/input/datasets/elmadafri/the-wildfire-dataset/the_wildfire_dataset_2n_version/train/fire/37342493372_8b4a11c08e_o.jpg,620,468,JPEG,RGB,468
train,fire,flickr,37342493552,37342493552_f1f4f5333a_o.jpg,/kaggle/input/datasets/elmadafri/the-wildfire-dataset/the_wildfire_dataset_2n_version/train/fire/37342493552_f1f4f5333a_o.jpg,620,465,JPEG,RGB,465
train,fire,flickr,37342498742,37342498742_cb3edac833_o.jpg,/kaggle/input/datasets/elmadafri/the-wildfire-dataset/the_wildfire_dataset_2n_version/train/fire/37342498742_cb3edac833_o.jpg,576,591,JPEG,RGB,576
train,fire,flickr,37342504922,37342504922_ed222fb8fa_o.jpg,/kaggle/input/datasets/elmadafri/the-wildfire-dataset/the_wildfire_dataset_2n_version/train/fire/37342504922_ed222fb8fa_o.jpg,3264,2448,JPEG,RGB,2448
train,fire,flickr,37458838600,37458838600_32e2465813_o.jpg,/kaggle/input/datasets/elmadafri/the-wildfire-dataset/the_wildfire_dataset_2n_version/train/fire/37458838600_32e2465813_o.jpg,3974,3321,JPEG,RGB,3321
train,fire,flickr,37508627322,37508627322_34fc6e85c2_o.jpg,/kaggle/input/datasets/elmadafri/the-wildfire-dataset/the_wildfire_dataset_2n_version/train/fire/37508627322_34fc6e85c2_o.jpg,6048,2532,JPEG,RGB,2532
train,fire,flickr,37667872706,37667872706_da4148fb77_o.jpg,/kaggle/input/datasets/elmadafri/the-wildfire-dataset/the_wildfire_dataset_2n_version/train/fire/37667872706_da4148fb77_o.jpg,5568,3712,JPEG,RGB,3712
train,fire,flickr,37684207942,37684207942_35259ab320_o.jpg,/kaggle/input/datasets/elmadafri/the-wildfire-dataset/the_wildfire_dataset_2n_version/train/fire/37684207942_35259ab320_o.jpg,5568,3712,JPEG,RGB,3712
train,fire,flickr,38088823072,38088823072_aa623aa8cd_o.jpg,/kaggle/input/datasets/elmadafri/the-wildfire-dataset/the_wildfire_dataset_2n_version/train/fire/38088823072_aa623aa8cd_o.jpg,1600,1069,JPEG,RGB,1069
train,fire,flickr,38200838015,38200838015_70f9a4b30a_o.jpg,/kaggle/input/datasets/elmadafri/the-wildfire-dataset/the_wildfire_dataset_2n_version/train/fire/38200838015_70f9a4b30a_o.jpg,4736,3157,JPEG,RGB,3157
train,fire,flickr,38252965765,38252965765_fa7e58f3fd_o.jpg,/kaggle/input/datasets/elmadafri/the-wildfire-dataset/the_wildfire_dataset_2n_version/train/fire/38252965765_fa7e58f3fd_o.jpg,3648,5472,JPEG,RGB,3648
train,fire,flickr,38425122874,38425122874_20fd4958cc_o.jpg,/kaggle/input/datasets/elmadafri/the-wildfire-dataset/the_wildfire_dataset_2n_version/train/fire/38425122874_20fd4958cc_o.jpg,5472,3648,JPEG,RGB,3648
train,fire,flickr,39003231882,39003231882_43dcdde8ae_o.jpg,/kaggle/input/datasets/elmadafri/the-wildfire-dataset/the_wildfire_dataset_2n_version/train/fire/39003231882_43dcdde8ae_o.jpg,3199,2031,JPEG,RGB,2031
train,fire,flickr,40004175350,40004175350_530d2896ac_o.jpg,/kaggle/input/datasets/elmadafri/the-wildfire-dataset/the_wildfire_dataset_2n_version/train/fire/40004175350_530d2896ac_o.jpg,6000,4000,JPEG,RGB,4000
train,fire,flickr,40004278270,40004278270_4178386118_o.jpg,/kaggle/input/datasets/elmadafri/the-wildfire-dataset/the_wildfire_dataset_2n_version/train/fire/40004278270_4178386118_o.jpg,7826,3000,JPEG,RGB,3000
train,fire,flickr,40052135590,40052135590_ff281a560c_o.jpg,/kaggle/input/datasets/elmadafri/the-wildfire-dataset/the_wildfire_dataset_2n_version/train/fire/40052135590_ff281a560c_o.jpg,6016,4000,MPO,RGB,4000
train,fire,flickr,40912833465,40912833465_f0fd2c70a1_o.jpg,/kaggle/input/datasets/elmadafri/the-wildfire-dataset/the_wildfire_dataset_2n_version/train/fire/40912833465_f0fd2c70a1_o.jpg,6000,4000,JPEG,RGB,4000
train,fire,flickr,4112276037,4112276037_5a00123f8c_o.jpg,/kaggle/input/datasets/elmadafri/the-wildfire-dataset/the_wildfire_dataset_2n_version/train/fire/4112276037_5a00123f8c_o.jpg,1902,2920,JPEG,RGB,1902
train,fire,flickr,4113043354,4113043354_d5446423ee_o.jpg,/kaggle/input/datasets/elmadafri/the-wildfire-dataset/the_wildfire_dataset_2n_version/train/fire/4113043354_d5446423ee_o.jpg,3872,2592,JPEG,RGB,2592
train,fire,flickr,4113045752,4113045752_7f692b09c6_o.jpg,/kaggle/input/datasets/elmadafri/the-wildfire-dataset/the_wildfire_dataset_2n_version/train/fire/4113045752_7f692b09c6_o.jpg,3888,2592,JPEG,RGB,2592
train,fire,flickr,41131066340,41131066340_37d96db25d_o.jpg,/kaggle/input/datasets/elmadafri/the-wildfire-dataset/the_wildfire_dataset_2n_version/train/fire/41131066340_37d96db25d_o.jpg,6720,3780,JPEG,RGB,3780
train,fire,flickr,41491769920,41491769920_862cfdf03e_o.jpg,/kaggle/input/datasets/elmadafri/the-wildfire-dataset/the_wildfire_dataset_2n_version/train/fire/41491769920_862cfdf03e_o.jpg,5361,3574,JPEG,RGB,3574
train,fire,flickr,41492172160,41492172160_cc226fccd0_o.jpg,/kaggle/input/datasets/elmadafri/the-wildfire-dataset/the_wildfire_dataset_2n_version/train/fire/41492172160_cc226fccd0_o.jpg,5472,3648,JPEG,RGB,3648
train,fire,flickr,41769492782,41769492782_06198c8e66_o.jpg,/kaggle/input/datasets/elmadafri/the-wildfire-dataset/the_wildfire_dataset_2n_version/train/fire/41769492782_06198c8e66_o.jpg,6000,4000,JPEG,RGB,4000
train,fire,flickr,41811331711,41811331711_3953d331f3_o.jpg,/kaggle/input/datasets/elmadafri/the-wildfire-dataset/the_wildfire_dataset_2n_version/train/fire/41811331711_3953d331f3_o.jpg,5650,3767,JPEG,RGB,3767
train,fire,flickr,41811387601,41811387601_af923b9f7c_o.jpg,/kaggle/input/datasets/elmadafri/the-wildfire-dataset/the_wildfire_dataset_2n_version/train/fire/41811387601_af923b9f7c_o.jpg,6000,4000,JPEG,RGB,4000
train,fire,flickr,41913479340,41913479340_2269e4e70b_o.jpg,/kaggle/input/datasets/elmadafri/the-wildfire-dataset/the_wildfire_dataset_2n_version/train/fire/41913479340_2269e4e70b_o.jpg,4867,3245,JPEG,RGB,3245
train,fire,flickr,42021016560,42021016560_27fccb9b6f_o.jpg,/kaggle/input/datasets/elmadafri/the-wildfire-dataset/the_wildfire_dataset_2n_version/train/fire/42021016560_27fccb9b6f_o.jpg,615,354,JPEG,RGB,354
train,fire,flickr,42039899765,42039899765_7bd38dc79e_o.jpg,/kaggle/input/datasets/elmadafri/the-wildfire-dataset/the_wildfire_dataset_2n_version/train/fire/42039899765_7bd38dc79e_o.jpg,6720,4480,JPEG,RGB,4480
train,fire,flickr,42143488610,42143488610_90fc11906c_o.jpg,/kaggle/input/datasets/elmadafri/the-wildfire-dataset/the_wildfire_dataset_2n_version/train/fire/42143488610_90fc11906c_o.jpg,6240,4160,JPEG,RGB,4160
train,fire,flickr,42206136870,42206136870_fbd39b5bc9_o.jpg,/kaggle/input/datasets/elmadafri/the-wildfire-dataset/the_wildfire_dataset_2n_version/train/fire/42206136870_fbd39b5bc9_o.jpg,6067,4045,JPEG,RGB,4045
train,fire,flickr,42210814850,42210814850_eb0d174856_o.jpg,/kaggle/input/datasets/elmadafri/the-wildfire-dataset/the_wildfire_dataset_2n_version/train/fire/42210814850_eb0d174856_o.jpg,6587,4391,JPEG,RGB,4391
train,fire,flickr,42210817340,42210817340_16e219716e_o.jpg,/kaggle/input/datasets/elmadafri/the-wildfire-dataset/the_wildfire_dataset_2n_version/train/fire/42210817340_16e219716e_o.jpg,4437,6655,JPEG,RGB,4437
train,fire,flickr,42582899664,42582899664_cca07c91b8_o.jpg,/kaggle/input/datasets/elmadafri/the-wildfire-dataset/the_wildfire_dataset_2n_version/train/fire/42582899664_cca07c91b8_o.jpg,5472,3648,JPEG,RGB,3648
train,fire,flickr,42582908464,42582908464_3c761ea37c_o.jpg,/kaggle/input/datasets/elmadafri/the-wildfire-dataset/the_wildfire_dataset_2n_version/train/fire/42582908464_3c761ea37c_o.jpg,5472,3648,JPEG,RGB,3648
train,fire,flickr,42770631260,42770631260_9553b47f0e_o.jpg,/kaggle/input/datasets/elmadafri/the-wildfire-dataset/the_wildfire_dataset_2n_version/train/fire/42770631260_9553b47f0e_o.jpg,3264,2061,JPEG,RGB,2061
train,fire,flickr,42796501615,42796501615_19845a0d0c_o.jpg,/kaggle/input/datasets/elmadafri/the-wildfire-dataset/the_wildfire_dataset_2n_version/train/fire/42796501615_19845a0d0c_o.jpg,5184,3456,JPEG,RGB,3456
train,fire,flickr,42797043485,42797043485_8cbd6ec10d_o.jpg,/kaggle/input/datasets/elmadafri/the-wildfire-dataset/the_wildfire_dataset_2n_version/train/fire/42797043485_8cbd6ec10d_o.jpg,3024,4032,JPEG,RGB,3024
train,fire,flickr,42848957940,42848957940_cc5924c5ba_o.jpg,/kaggle/input/datasets/elmadafri/the-wildfire-dataset/the_wildfire_dataset_2n_version/train/fire/42848957940_cc5924c5ba_o.jpg,3264,2448,JPEG,RGB,2448
train,fire,flickr,42885999045,42885999045_e2eb372c54_o.jpg,/kaggle/input/datasets/elmadafri/the-wildfire-dataset/the_wildfire_dataset_2n_version/train/fire/42885999045_e2eb372c54_o.jpg,6144,4608,JPEG,RGB,4608
train,fire,flickr,42966886204,42966886204_edcdeaf7f6_o.jpg,/kaggle/input/datasets/elmadafri/the-wildfire-dataset/the_wildfire_dataset_2n_version/train/fire/42966886204_edcdeaf7f6_o.jpg,4032,3024,JPEG,RGB,3024
train,fire,flickr,42983576304,42983576304_1e385a0831_o.jpg,/kaggle/input/datasets/elmadafri/the-wildfire-dataset/the_wildfire_dataset_2n_version/train/fire/42983576304_1e385a0831_o.jpg,4776,3184,JPEG,RGB,3184
train,fire,flickr,43006225214,43006225214_dac245102a_o.jpg,/kaggle/input/datasets/elmadafri/the-wildfire-dataset/the_wildfire_dataset_2n_version/train/fire/43006225214_dac245102a_o.jpg,5184,3456,JPEG,RGB,3456
train,fire,flickr,43177865901,43177865901_2ec1d82910_o.jpg,/kaggle/input/datasets/elmadafri/the-wildfire-dataset/the_wildfire_dataset_2n_version/train/fire/43177865901_2ec1d82910_o.jpg,1600,1069,JPEG,RGB,1069
train,fire,flickr,43188959405,43188959405_96cb576c77_o.jpg,/kaggle/input/datasets/elmadafri/the-wildfire-dataset/the_wildfire_dataset_2n_version/train/fire/43188959405_96cb576c77_o.jpg,6000,4000,MPO,RGB,4000
train,fire,flickr,43188982195,43188982195_f6ee695bb7_o.jpg,/kaggle/input/datasets/elmadafri/the-wildfire-dataset/the_wildfire_dataset_2n_version/train/fire/43188982195_f6ee695bb7_o.jpg,6000,4000,MPO,RGB,4000
train,fire,flickr,43188992025,43188992025_7a89e96477_o.jpg,/kaggle/input/datasets/elmadafri/the-wildfire-dataset/the_wildfire_dataset_2n_version/train/fire/43188992025_7a89e96477_o.jpg,5783,3855,MPO,RGB,3855
train,fire,flickr,43188998035,43188998035_2b34926d13_o.jpg,/kaggle/input/datasets/elmadafri/the-wildfire-dataset/the_wildfire_dataset_2n_version/train/fire/43188998035_2b34926d13_o.jpg,6000,4000,MPO,RGB,4000
train,fire,flickr,43251219902,43251219902_c9b58045f8_o.jpg,/kaggle/input/datasets/elmadafri/the-wildfire-dataset/the_wildfire_dataset_2n_version/train/fire/43251219902_c9b58045f8_o.jpg,5472,3648,JPEG,RGB,3648
train,fire,flickr,43251220702,43251220702_671d03f40b_o.jpg,/kaggle/input/datasets/elmadafri/the-wildfire-dataset/the_wildfire_dataset_2n_version/train/fire/43251220702_671d03f40b_o.jpg,5472,3648,JPEG,RGB,3648
train,fire,flickr,43251632962,43251632962_0a4d318bba_o.jpg,/kaggle/input/datasets/elmadafri/the-wildfire-dataset/the_wildfire_dataset_2n_version/train/fire/43251632962_0a4d318bba_o.jpg,5472,3648,JPEG,RGB,3648
train,fire,flickr,43251633862,43251633862_c4da756e5f_o.jpg,/kaggle/input/datasets/elmadafri/the-wildfire-dataset/the_wildfire_dataset_2n_version/train/fire/43251633862_c4da756e5f_o.jpg,5472,3648,JPEG,RGB,3648
train,fire,flickr,43301439861,43301439861_2d519d129a_o.jpg,/kaggle/input/datasets/elmadafri/the-wildfire-dataset/the_wildfire_dataset_2n_version/train/fire/43301439861_2d519d129a_o.jpg,5472,3648,JPEG,RGB,3648
train,fire,flickr,43377037494,43377037494_ea2f1a5605_o.jpg,/kaggle/input/datasets/elmadafri/the-wildfire-dataset/the_wildfire_dataset_2n_version/train/fire/43377037494_ea2f1a5605_o.jpg,6000,4000,MPO,RGB,4000
train,fire,flickr,43410505321,43410505321_31a739fb64_o.jpg,/kaggle/input/datasets/elmadafri/the-wildfire-dataset/the_wildfire_dataset_2n_version/train/fire/43410505321_31a739fb64_o.jpg,4664,3202,JPEG,RGB,3202
train,fire,flickr,43615020704,43615020704_0b05413897_o.jpg,/kaggle/input/datasets/elmadafri/the-wildfire-dataset/the_wildfire_dataset_2n_version/train/fire/43615020704_0b05413897_o.jpg,6240,4160,JPEG,RGB,4160
train,fire,flickr,43705414030,43705414030_90d1a37a1a_o.jpg,/kaggle/input/datasets/elmadafri/the-wildfire-dataset/the_wildfire_dataset_2n_version/train/fire/43705414030_90d1a37a1a_o.jpg,3557,1879,JPEG,RGB,1879
train,fire,flickr,43825007480,43825007480_381db74ae8_o.jpg,/kaggle/input/datasets/elmadafri/the-wildfire-dataset/the_wildfire_dataset_2n_version/train/fire/43825007480_381db74ae8_o.jpg,4373,3376,JPEG,RGB,3376
train,fire,flickr,43851607591,43851607591_66484a20ec_o.jpg,/kaggle/input/datasets/elmadafri/the-wildfire-dataset/the_wildfire_dataset_2n_version/train/fire/43851607591_66484a20ec_o.jpg,2786,1576,JPEG,RGB,1576
train,fire,flickr,43874926204,43874926204_2a187404a2_o.jpg,/kaggle/input/datasets/elmadafri/the-wildfire-dataset/the_wildfire_dataset_2n_version/train/fire/43874926204_2a187404a2_o.jpg,3888,2592,JPEG,RGB,2592
train,fire,flickr,43960398324,43960398324_d7412ec013_o.jpg,/kaggle/input/datasets/elmadafri/the-wildfire-dataset/the_wildfire_dataset_2n_version/train/fire/43960398324_d7412ec013_o.jpg,6143,4095,JPEG,RGB,4095
train,fire,flickr,43966660721,43966660721_2fe5f5b199_o.jpg,/kaggle/input/datasets/elmadafri/the-wildfire-dataset/the_wildfire_dataset_2n_version/train/fire/43966660721_2fe5f5b199_o.jpg,6240,4160,JPEG,RGB,4160
train,fire,flickr,44678766291,44678766291_7bdf899e71_o.jpg,/kaggle/input/datasets/elmadafri/the-wildfire-dataset/the_wildfire_dataset_2n_version/train/fire/44678766291_7bdf899e71_o.jpg,6240,4160,JPEG,RGB,4160
train,fire,flickr,44797217694,44797217694_dbd11e2f30_o.jpg,/kaggle/input/datasets/elmadafri/the-wildfire-dataset/the_wildfire_dataset_2n_version/train/fire/44797217694_dbd11e2f30_o.jpg,6440,3234,JPEG,RGB,3234
train,fire,flickr,44797461414,44797461414_1478194b30_o.jpg,/kaggle/input/datasets/elmadafri/the-wildfire-dataset/the_wildfire_dataset_2n_version/train/fire/44797461414_1478194b30_o.jpg,1600,900,JPEG,RGB,900
train,fire,flickr,44918086364,44918086364_fa8fe454d8_o.jpg,/kaggle/input/datasets/elmadafri/the-wildfire-dataset/the_wildfire_dataset_2n_version/train/fire/44918086364_fa8fe454d8_o.jpg,3376,6000,JPEG,RGB,3376
train,fire,flickr,45016006222,45016006222_9e7be65091_o.jpg,/kaggle/input/datasets/elmadafri/the-wildfire-dataset/the_wildfire_dataset_2n_version/train/fire/45016006222_9e7be65091_o.jpg,1052,1870,JPEG,RGB,1052
train,fire,flickr,45059296945,45059296945_0fa9acdddd_o.jpg,/kaggle/input/datasets/elmadafri/the-wildfire-dataset/the_wildfire_dataset_2n_version/train/fire/45059296945_0fa9acdddd_o.jpg,3269,1839,JPEG,RGB,1839
train,fire,flickr,45471863472,45471863472_e1d0ef9ab8_o.jpg,/kaggle/input/datasets/elmadafri/the-wildfire-dataset/the_wildfire_dataset_2n_version/train/fire/45471863472_e1d0ef9ab8_o.jpg,2268,3266,JPEG,RGB,2268
train,fire,flickr,45600718572,45600718572_9a9d934a92_o.jpg,/kaggle/input/datasets/elmadafri/the-wildfire-dataset/the_wildfire_dataset_2n_version/train/fire/45600718572_9a9d934a92_o.jpg,4032,3024,JPEG,RGB,3024
train,fire,flickr,45923164272,45923164272_8228e319f5_o.jpg,/kaggle/input/datasets/elmadafri/the-wildfire-dataset/the_wildfire_dataset_2n_version/train/fire/45923164272_8228e319f5_o.jpg,5760,3840,JPEG,RGB,3840
train,fire,flickr,46900144012,46900144012_84ce2e381c_o.jpg,/kaggle/input/datasets/elmadafri/the-wildfire-dataset/the_wildfire_dataset_2n_version/train/fire/46900144012_84ce2e381c_o.jpg,4160,6240,JPEG,RGB,4160
train,fire,flickr,48250059486,48250059486_c704921b5d_o.jpg,/kaggle/input/datasets/elmadafri/the-wildfire-dataset/the_wildfire_dataset_2n_version/train/fire/48250059486_c704921b5d_o.jpg,4272,2848,JPEG,RGB,2848
train,fire,flickr,48250131842,48250131842_a7c57629ed_o.jpg,/kaggle/input/datasets/elmadafri/the-wildfire-dataset/the_wildfire_dataset_2n_version/train/fire/48250131842_a7c57629ed_o.jpg,800,533,JPEG,RGB,533
train,fire,flickr,48250131857,48250131857_9aa1552ea7_o.jpg,/kaggle/input/datasets/elmadafri/the-wildfire-dataset/the_wildfire_dataset_2n_version/train/fire/48250131857_9aa1552ea7_o.jpg,800,328,JPEG,RGB,328
train,fire,flickr,48472397992,48472397992_74e30b024c_o.jpg,/kaggle/input/datasets/elmadafri/the-wildfire-dataset/the_wildfire_dataset_2n_version/train/fire/48472397992_74e30b024c_o.jpg,3264,2448,JPEG,RGB,2448
train,fire,flickr,48472398187,48472398187_d02c871a2e_o.jpg,/kaggle/input/datasets/elmadafri/the-wildfire-dataset/the_wildfire_dataset_2n_version/train/fire/48472398187_d02c871a2e_o.jpg,3264,2448,JPEG,RGB,2448
train,fire,flickr,48490650006,48490650006_669df22cf5_o.jpg,/kaggle/input/datasets/elmadafri/the-wildfire-dataset/the_wildfire_dataset_2n_version/train/fire/48490650006_669df22cf5_o.jpg,5472,3648,JPEG,RGB,3648
train,fire,flickr,48531298001,48531298001_17a4f2628b_o.jpg,/kaggle/input/datasets/elmadafri/the-wildfire-dataset/the_wildfire_dataset_2n_version/train/fire/48531298001_17a4f2628b_o.jpg,800,532,JPEG,RGB,532
train,fire,flickr,48536810256,48536810256_e600ee55d8_o.jpg,/kaggle/input/datasets/elmadafri/the-wildfire-dataset/the_wildfire_dataset_2n_version/train/fire/48536810256_e600ee55d8_o.jpg,2016,1512,JPEG,RGB,1512
train,fire,flickr,48579551262,48579551262_b5963116c0_o.jpg,/kaggle/input/datasets/elmadafri/the-wildfire-dataset/the_wildfire_dataset_2n_version/train/fire/48579551262_b5963116c0_o.jpg,3264,2448,JPEG,RGB,2448
train,fire,flickr,48937621673,48937621673_940560ccbd_o.jpg,/kaggle/input/datasets/elmadafri/the-wildfire-dataset/the_wildfire_dataset_2n_version/train/fire/48937621673_940560ccbd_o.jpg,3797,2061,JPEG,RGB,2061
train,fire,flickr,49785368728,49785368728_0babc970df_o.jpg,/kaggle/input/datasets/elmadafri/the-wildfire-dataset/the_wildfire_dataset_2n_version/train/fire/49785368728_0babc970df_o.jpg,4272,2848,JPEG,RGB,2848
train,fire,flickr,49785369068,49785369068_ba10973d11_o.jpg,/kaggle/input/datasets/elmadafri/the-wildfire-dataset/the_wildfire_dataset_2n_version/train/fire/49785369068_ba10973d11_o.jpg,4272,2848,JPEG,RGB,2848
train,fire,flickr,50138928937,50138928937_240d314aa7_o.jpg,/kaggle/input/datasets/elmadafri/the-wildfire-dataset/the_wildfire_dataset_2n_version/train/fire/50138928937_240d314aa7_o.jpg,686,515,JPEG,RGB,515
train,fire,flickr,50163494266,50163494266_c04244c4f3_o.jpg,/kaggle/input/datasets/elmadafri/the-wildfire-dataset/the_wildfire_dataset_2n_version/train/fire/50163494266_c04244c4f3_o.jpg,3264,2448,JPEG,RGB,2448
train,fire,flickr,50163583211,50163583211_0e4782cefe_o.jpg,/kaggle/input/datasets/elmadafri/the-wildfire-dataset/the_wildfire_dataset_2n_version/train/fire/50163583211_0e4782cefe_o.jpg,3225,2419,JPEG,RGB,2419
train,fire,flickr,50163809252,50163809252_54b7daedd2_o.jpg,/kaggle/input/datasets/elmadafri/the-wildfire-dataset/the_wildfire_dataset_2n_version/train/fire/50163809252_54b7daedd2_o.jpg,4032,3024,JPEG,RGB,3024
train,fire,flickr,50180524588,50180524588_981143b27d_o.jpg,/kaggle/input/datasets/elmadafri/the-wildfire-dataset/the_wildfire_dataset_2n_version/train/fire/50180524588_981143b27d_o.jpg,8182,5455,JPEG,RGB,5455
train,fire,flickr,50181288522,50181288522_70349fde7a_o.jpg,/kaggle/input/datasets/elmadafri/the-wildfire-dataset/the_wildfire_dataset_2n_version/train/fire/50181288522_70349fde7a_o.jpg,8101,5401,JPEG,RGB,5401
train,fire,flickr,50184745623,50184745623_0677d4ef81_o.jpg,/kaggle/input/datasets/elmadafri/the-wildfire-dataset/the_wildfire_dataset_2n_version/train/fire/50184745623_0677d4ef81_o.jpg,2048,1367,JPEG,RGB,1367
train,fire,flickr,50185290881,50185290881_62f8e56f35_o.jpg,/kaggle/input/datasets/elmadafri/the-wildfire-dataset/the_wildfire_dataset_2n_version/train/fire/50185290881_62f8e56f35_o.jpg,2048,1366,JPEG,RGB,1366
train,fire,flickr,50225115988,50225115988_91ee5e54e0_o.jpg,/kaggle/input/datasets/elmadafri/the-wildfire-dataset/the_wildfire_dataset_2n_version/train/fire/50225115988_91ee5e54e0_o.jpg,4032,3024,JPEG,RGB,3024
train,fire,flickr,50229096501,50229096501_da58951923_o.jpg,/kaggle/input/datasets/elmadafri/the-wildfire-dataset/the_wildfire_dataset_2n_version/train/fire/50229096501_da58951923_o.jpg,4972,3415,JPEG,RGB,3415
train,fire,flickr,50229121426,50229121426_9b22179db9_o.jpg,/kaggle/input/datasets/elmadafri/the-wildfire-dataset/the_wildfire_dataset_2n_version/train/fire/50229121426_9b22179db9_o.jpg,6720,4480,JPEG,RGB,4480
train,fire,flickr,50229276113,50229276113_5261a9a86c_o.jpg,/kaggle/input/datasets/elmadafri/the-wildfire-dataset/the_wildfire_dataset_2n_version/train/fire/50229276113_5261a9a86c_o.jpg,3000,2250,JPEG,RGB,2250
train,fire,flickr,50229294722,50229294722_b60e820a16_o.jpg,/kaggle/input/datasets/elmadafri/the-wildfire-dataset/the_wildfire_dataset_2n_version/train/fire/50229294722_b60e820a16_o.jpg,1616,1080,JPEG,RGB,1080
train,fire,flickr,50229925311,50229925311_ba849239ac_o.jpg,/kaggle/input/datasets/elmadafri/the-wildfire-dataset/the_wildfire_dataset_2n_version/train/fire/50229925311_ba849239ac_o.jpg,1244,2560,JPEG,RGB,1244
train,fire,flickr,50229931036,50229931036_fb45e41dcb_o.jpg,/kaggle/input/datasets/elmadafri/the-wildfire-dataset/the_wildfire_dataset_2n_version/train/fire/50229931036_fb45e41dcb_o.jpg,2048,1536,JPEG,RGB,1536
train,fire,flickr,50230975677,50230975677_c9cf065951_o.jpg,/kaggle/input/datasets/elmadafri/the-wildfire-dataset/the_wildfire_dataset_2n_version/train/fire/50230975677_c9cf065951_o.jpg,3758,5637,JPEG,RGB,3758
train,fire,flickr,50237582976,50237582976_83c13214ef_o.jpg,/kaggle/input/datasets/elmadafri/the-wildfire-dataset/the_wildfire_dataset_2n_version/train/fire/50237582976_83c13214ef_o.jpg,3000,968,JPEG,RGB,968
train,fire,flickr,50237929906,50237929906_32fcef2170_o.jpg,/kaggle/input/datasets/elmadafri/the-wildfire-dataset/the_wildfire_dataset_2n_version/train/fire/50237929906_32fcef2170_o.jpg,4027,3017,JPEG,RGB,3017
train,fire,flickr,50238157442,50238157442_3c68dd1dbb_o.jpg,/kaggle/input/datasets/elmadafri/the-wildfire-dataset/the_wildfire_dataset_2n_version/train/fire/50238157442_3c68dd1dbb_o.jpg,3016,2263,JPEG,RGB,2263
train,fire,flickr,50246118707,50246118707_cfe8f84230_o.jpg,/kaggle/input/datasets/elmadafri/the-wildfire-dataset/the_wildfire_dataset_2n_version/train/fire/50246118707_cfe8f84230_o.jpg,640,480,JPEG,RGB,480
train,fire,flickr,50246254476,50246254476_9197044114_o.jpg,/kaggle/input/datasets/elmadafri/the-wildfire-dataset/the_wildfire_dataset_2n_version/train/fire/50246254476_9197044114_o.jpg,4032,3024,JPEG,RGB,3024
train,fire,flickr,50294329538,50294329538_0d0eb0db94_o.jpg,/kaggle/input/datasets/elmadafri/the-wildfire-dataset/the_wildfire_dataset_2n_version/train/fire/50294329538_0d0eb0db94_o.jpg,6000,4000,JPEG,RGB,4000
train,fire,flickr,50294332953,50294332953_43e31a15bd_o.jpg,/kaggle/input/datasets/elmadafri/the-wildfire-dataset/the_wildfire_dataset_2n_version/train/fire/50294332953_43e31a15bd_o.jpg,6000,4000,JPEG,RGB,4000
train,fire,flickr,50295008751,50295008751_5b436a2f39_o.jpg,/kaggle/input/datasets/elmadafri/the-wildfire-dataset/the_wildfire_dataset_2n_version/train/fire/50295008751_5b436a2f39_o.jpg,6000,4000,JPEG,RGB,4000
train,fire,flickr,50295161202,50295161202_1860d562af_o.jpg,/kaggle/input/datasets/elmadafri/the-wildfire-dataset/the_wildfire_dataset_2n_version/train/fire/50295161202_1860d562af_o.jpg,6000,4000,JPEG,RGB,4000
train,fire,flickr,50303149397,50303149397_6ccef9a4f5_o.jpg,/kaggle/input/datasets/elmadafri/the-wildfire-dataset/the_wildfire_dataset_2n_version/train/fire/50303149397_6ccef9a4f5_o.jpg,4032,3024,JPEG,RGB,3024
train,fire,flickr,50305839298,50305839298_c5c8027429_o.jpg,/kaggle/input/datasets/elmadafri/the-wildfire-dataset/the_wildfire_dataset_2n_version/train/fire/50305839298_c5c8027429_o.jpg,2651,1988,JPEG,RGB,1988
train,fire,flickr,50320042972,50320042972_4b360e7903_o.jpg,/kaggle/input/datasets/elmadafri/the-wildfire-dataset/the_wildfire_dataset_2n_version/train/fire/50320042972_4b360e7903_o.jpg,5760,3840,JPEG,RGB,3840
train,fire,flickr,50320947931,50320947931_0e9aaf72d9_o.jpg,/kaggle/input/datasets/elmadafri/the-wildfire-dataset/the_wildfire_dataset_2n_version/train/fire/50320947931_0e9aaf72d9_o.jpg,6927,4618,JPEG,RGB,4618
train,fire,flickr,50321112037,50321112037_cb345fdbf3_o.jpg,/kaggle/input/datasets/elmadafri/the-wildfire-dataset/the_wildfire_dataset_2n_version/train/fire/50321112037_cb345fdbf3_o.jpg,8256,5504,JPEG,RGB,5504
train,fire,flickr,50322959518,50322959518_6b8991eacc_o.jpg,/kaggle/input/datasets/elmadafri/the-wildfire-dataset/the_wildfire_dataset_2n_version/train/fire/50322959518_6b8991eacc_o.jpg,1440,919,JPEG,RGB,919
train,fire,flickr,50322961488,50322961488_4b774b7c3f_o.jpg,/kaggle/input/datasets/elmadafri/the-wildfire-dataset/the_wildfire_dataset_2n_version/train/fire/50322961488_4b774b7c3f_o.jpg,3264,2448,JPEG,RGB,2448
train,fire,flickr,50323628016,50323628016_b80b3c7a3e_o.jpg,/kaggle/input/datasets/elmadafri/the-wildfire-dataset/the_wildfire_dataset_2n_version/train/fire/50323628016_b80b3c7a3e_o.jpg,3264,2448,JPEG,RGB,2448
train,fire,flickr,50323801727,50323801727_aa1f463c63_o.jpg,/kaggle/input/datasets/elmadafri/the-wildfire-dataset/the_wildfire_dataset_2n_version/train/fire/50323801727_aa1f463c63_o.jpg,1440,923,JPEG,RGB,923
train,fire,flickr,50323805947,50323805947_9ab063c02c_o.jpg,/kaggle/input/datasets/elmadafri/the-wildfire-dataset/the_wildfire_dataset_2n_version/train/fire/50323805947_9ab063c02c_o.jpg,1440,809,JPEG,RGB,809
train,fire,flickr,50338173282,50338173282_414e2dfde9_o.jpg,/kaggle/input/datasets/elmadafri/the-wildfire-dataset/the_wildfire_dataset_2n_version/train/fire/50338173282_414e2dfde9_o.jpg,5760,3840,JPEG,RGB,3840
train,fire,flickr,50343191921,50343191921_f29318dbce_o.jpg,/kaggle/input/datasets/elmadafri/the-wildfire-dataset/the_wildfire_dataset_2n_version/train/fire/50343191921_f29318dbce_o.jpg,2250,3000,JPEG,RGB,2250
train,fire,flickr,50343192331,50343192331_144aeae558_o.jpg,/kaggle/input/datasets/elmadafri/the-wildfire-dataset/the_wildfire_dataset_2n_version/train/fire/50343192331_144aeae558_o.jpg,5604,3900,JPEG,RGB,3900
train,fire,flickr,50356690687,50356690687_f7c9058f01_o.jpg,/kaggle/input/datasets/elmadafri/the-wildfire-dataset/the_wildfire_dataset_2n_version/train/fire/50356690687_f7c9058f01_o.jpg,4032,3024,JPEG,RGB,3024
train,fire,flickr,50379878213,50379878213_080c48c308_o.jpg,/kaggle/input/datasets/elmadafri/the-wildfire-dataset/the_wildfire_dataset_2n_version/train/fire/50379878213_080c48c308_o.jpg,1600,1066,JPEG,RGB,1066
train,fire,flickr,50379969133,50379969133_97eb4b3e97_o.jpg,/kaggle/input/datasets/elmadafri/the-wildfire-dataset/the_wildfire_dataset_2n_version/train/fire/50379969133_97eb4b3e97_o.jpg,1536,2048,JPEG,RGB,1536
train,fire,flickr,50380519696,50380519696_3b4716c55c_o.jpg,/kaggle/input/datasets/elmadafri/the-wildfire-dataset/the_wildfire_dataset_2n_version/train/fire/50380519696_3b4716c55c_o.jpg,1024,768,JPEG,RGB,768
train,fire,flickr,50380592206,50380592206_fa0cb90891_o.jpg,/kaggle/input/datasets/elmadafri/the-wildfire-dataset/the_wildfire_dataset_2n_version/train/fire/50380592206_fa0cb90891_o.jpg,4032,2268,JPEG,RGB,2268
train,fire,flickr,50380756207,50380756207_597721f58b_o.jpg,/kaggle/input/datasets/elmadafri/the-wildfire-dataset/the_wildfire_dataset_2n_version/train/fire/50380756207_597721f58b_o.jpg,1200,1600,JPEG,RGB,1200
train,fire,flickr,50381618553,50381618553_0b4920f961_o.jpg,/kaggle/input/datasets/elmadafri/the-wildfire-dataset/the_wildfire_dataset_2n_version/train/fire/50381618553_0b4920f961_o.jpg,5402,3174,JPEG,RGB,3174
train,fire,flickr,50408444033,50408444033_78cf8f5a76_o.jpg,/kaggle/input/datasets/elmadafri/the-wildfire-dataset/the_wildfire_dataset_2n_version/train/fire/50408444033_78cf8f5a76_o.jpg,1024,1024,JPEG,RGB,1024
train,fire,flickr,50408482218,50408482218_33be340324_o.jpg,/kaggle/input/datasets/elmadafri/the-wildfire-dataset/the_wildfire_dataset_2n_version/train/fire/50408482218_33be340324_o.jpg,1280,960,JPEG,RGB,960
train,fire,flickr,50408484648,50408484648_6765265361_o.jpg,/kaggle/input/datasets/elmadafri/the-wildfire-dataset/the_wildfire_dataset_2n_version/train/fire/50408484648_6765265361_o.jpg,1024,768,JPEG,RGB,768
train,fire,flickr,50409179996,50409179996_c9211fa826_o.jpg,/kaggle/input/datasets/elmadafri/the-wildfire-dataset/the_wildfire_dataset_2n_version/train/fire/50409179996_c9211fa826_o.jpg,3264,2448,JPEG,RGB,2448
train,fire,flickr,50409184221,50409184221_d299e2ba44_o.jpg,/kaggle/input/datasets/elmadafri/the-wildfire-dataset/the_wildfire_dataset_2n_version/train/fire/50409184221_d299e2ba44_o.jpg,972,1296,JPEG,RGB,972
train,fire,flickr,50409242091,50409242091_d6286eb253_o.jpg,/kaggle/input/datasets/elmadafri/the-wildfire-dataset/the_wildfire_dataset_2n_version/train/fire/50409242091_d6286eb253_o.jpg,1008,756,JPEG,RGB,756
train,fire,flickr,50409254336,50409254336_39dcaecc84_o.jpg,/kaggle/input/datasets/elmadafri/the-wildfire-dataset/the_wildfire_dataset_2n_version/train/fire/50409254336_39dcaecc84_o.jpg,1200,1600,JPEG,RGB,1200
train,fire,flickr,50409260341,50409260341_db7c6f37ed_o.jpg,/kaggle/input/datasets/elmadafri/the-wildfire-dataset/the_wildfire_dataset_2n_version/train/fire/50409260341_db7c6f37ed_o.jpg,864,648,JPEG,RGB,648
train,fire,flickr,50409279911,50409279911_ecbd2ffc8f_o.jpg,/kaggle/input/datasets/elmadafri/the-wildfire-dataset/the_wildfire_dataset_2n_version/train/fire/50409279911_ecbd2ffc8f_o.jpg,640,480,JPEG,RGB,480
train,fire,flickr,50409394257,50409394257_d883b12e16_o.jpg,/kaggle/input/datasets/elmadafri/the-wildfire-dataset/the_wildfire_dataset_2n_version/train/fire/50409394257_d883b12e16_o.jpg,1008,756,JPEG,RGB,756
train,fire,flickr,50516943398,50516943398_0291669a23_o.jpg,/kaggle/input/datasets/elmadafri/the-wildfire-dataset/the_wildfire_dataset_2n_version/train/fire/50516943398_0291669a23_o.jpg,4032,3024,JPEG,RGB,3024
train,fire,flickr,50517661351,50517661351_3f89fc2101_o.jpg,/kaggle/input/datasets/elmadafri/the-wildfire-dataset/the_wildfire_dataset_2n_version/train/fire/50517661351_3f89fc2101_o.jpg,7636,3900,JPEG,RGB,3900
train,fire,flickr,50576832732,50576832732_6b3f8a8253_o.jpg,/kaggle/input/datasets/elmadafri/the-wildfire-dataset/the_wildfire_dataset_2n_version/train/fire/50576832732_6b3f8a8253_o.jpg,1280,960,JPEG,RGB,960
train,fire,flickr,50622038578,50622038578_8fa57355ba_o.jpg,/kaggle/input/datasets/elmadafri/the-wildfire-dataset/the_wildfire_dataset_2n_version/train/fire/50622038578_8fa57355ba_o.jpg,1280,1280,JPEG,RGB,1280
train,fire,flickr,50622099878,50622099878_5461945502_o.jpg,/kaggle/input/datasets/elmadafri/the-wildfire-dataset/the_wildfire_dataset_2n_version/train/fire/50622099878_5461945502_o.jpg,1280,960,JPEG,RGB,960
train,fire,flickr,50622213948,50622213948_0a26906622_o.jpg,/kaggle/input/datasets/elmadafri/the-wildfire-dataset/the_wildfire_dataset_2n_version/train/fire/50622213948_0a26906622_o.jpg,796,488,JPEG,RGB,488
train,fire,flickr,50622760386,50622760386_ca8ecf40cc_o.jpg,/kaggle/input/datasets/elmadafri/the-wildfire-dataset/the_wildfire_dataset_2n_version/train/fire/50622760386_ca8ecf40cc_o.jpg,5472,3648,JPEG,RGB,3648
train,fire,flickr,50622842921,50622842921_74c0c9bf16_o.jpg,/kaggle/input/datasets/elmadafri/the-wildfire-dataset/the_wildfire_dataset_2n_version/train/fire/50622842921_74c0c9bf16_o.jpg,4032,3024,JPEG,RGB,3024
train,fire,flickr,50622941702,50622941702_2700870b47_o.jpg,/kaggle/input/datasets/elmadafri/the-wildfire-dataset/the_wildfire_dataset_2n_version/train/fire/50622941702_2700870b47_o.jpg,4032,3024,JPEG,RGB,3024
train,fire,flickr,50622956461,50622956461_36b6d5a368_o.jpg,/kaggle/input/datasets/elmadafri/the-wildfire-dataset/the_wildfire_dataset_2n_version/train/fire/50622956461_36b6d5a368_o.jpg,4032,3024,JPEG,RGB,3024
train,fire,flickr,50622956796,50622956796_c2778f635e_o.jpg,/kaggle/input/datasets/elmadafri/the-wildfire-dataset/the_wildfire_dataset_2n_version/train/fire/50622956796_c2778f635e_o.jpg,2016,1512,JPEG,RGB,1512
train,fire,flickr,50623038182,50623038182_c2752178f2_o.jpg,/kaggle/input/datasets/elmadafri/the-wildfire-dataset/the_wildfire_dataset_2n_version/train/fire/50623038182_c2752178f2_o.jpg,2272,1704,JPEG,RGB,1704
train,fire,flickr,50623056657,50623056657_2e848b0caa_o.jpg,/kaggle/input/datasets/elmadafri/the-wildfire-dataset/the_wildfire_dataset_2n_version/train/fire/50623056657_2e848b0caa_o.jpg,4032,3024,JPEG,RGB,3024
train,fire,flickr,50623060397,50623060397_1a1006da33_o.jpg,/kaggle/input/datasets/elmadafri/the-wildfire-dataset/the_wildfire_dataset_2n_version/train/fire/50623060397_1a1006da33_o.jpg,5755,3147,JPEG,RGB,3147
train,fire,flickr,50623063192,50623063192_ec4f7f56b2_o.jpg,/kaggle/input/datasets/elmadafri/the-wildfire-dataset/the_wildfire_dataset_2n_version/train/fire/50623063192_ec4f7f56b2_o.jpg,4032,3024,JPEG,RGB,3024
train,fire,flickr,50623067652,50623067652_6e52f46dac_o.jpg,/kaggle/input/datasets/elmadafri/the-wildfire-dataset/the_wildfire_dataset_2n_version/train/fire/50623067652_6e52f46dac_o.jpg,3000,2000,JPEG,RGB,2000
train,fire,flickr,51182603157,51182603157_bd5b0a1f46_o.jpg,/kaggle/input/datasets/elmadafri/the-wildfire-dataset/the_wildfire_dataset_2n_version/train/fire/51182603157_bd5b0a1f46_o.jpg,7985,5323,JPEG,RGB,5323
train,fire,flickr,51182615912,51182615912_99e81d78c1_o.jpg,/kaggle/input/datasets/elmadafri/the-wildfire-dataset/the_wildfire_dataset_2n_version/train/fire/51182615912_99e81d78c1_o.jpg,7954,5303,JPEG,RGB,5303
train,fire,flickr,51183274846,51183274846_75d95f2d7e_o.jpg,/kaggle/input/datasets/elmadafri/the-wildfire-dataset/the_wildfire_dataset_2n_version/train/fire/51183274846_75d95f2d7e_o.jpg,5741,3827,JPEG,RGB,3827
train,fire,flickr,51183300781,51183300781_6787a2c123_o.jpg,/kaggle/input/datasets/elmadafri/the-wildfire-dataset/the_wildfire_dataset_2n_version/train/fire/51183300781_6787a2c123_o.jpg,8256,5504,JPEG,RGB,5504
train,fire,flickr,51184375575,51184375575_e852de66c1_o.jpg,/kaggle/input/datasets/elmadafri/the-wildfire-dataset/the_wildfire_dataset_2n_version/train/fire/51184375575_e852de66c1_o.jpg,8256,5504,JPEG,RGB,5504
train,fire,flickr,51192044867,51192044867_963be5476d_o.jpg,/kaggle/input/datasets/elmadafri/the-wildfire-dataset/the_wildfire_dataset_2n_version/train/fire/51192044867_963be5476d_o.jpg,8256,5504,JPEG,RGB,5504
train,fire,flickr,51192743366,51192743366_3a39ab4750_o.jpg,/kaggle/input/datasets/elmadafri/the-wildfire-dataset/the_wildfire_dataset_2n_version/train/fire/51192743366_3a39ab4750_o.jpg,7979,5319,JPEG,RGB,5319
train,fire,flickr,51192750856,51192750856_e95734c066_o.jpg,/kaggle/input/datasets/elmadafri/the-wildfire-dataset/the_wildfire_dataset_2n_version/train/fire/51192750856_e95734c066_o.jpg,2560,1707,JPEG,RGB,1707
train,fire,flickr,51192954503,51192954503_3ee2a51c30_o.jpg,/kaggle/input/datasets/elmadafri/the-wildfire-dataset/the_wildfire_dataset_2n_version/train/fire/51192954503_3ee2a51c30_o.jpg,8256,5504,JPEG,RGB,5504
train,fire,flickr,51192965828,51192965828_d83ab2d831_o.jpg,/kaggle/input/datasets/elmadafri/the-wildfire-dataset/the_wildfire_dataset_2n_version/train/fire/51192965828_d83ab2d831_o.jpg,2560,1707,JPEG,RGB,1707
train,fire,flickr,51193509174,51193509174_808602e29f_o.jpg,/kaggle/input/datasets/elmadafri/the-wildfire-dataset/the_wildfire_dataset_2n_version/train/fire/51193509174_808602e29f_o.jpg,8256,5504,JPEG,RGB,5504
train,fire,flickr,51193517864,51193517864_61dd8fa201_o.jpg,/kaggle/input/datasets/elmadafri/the-wildfire-dataset/the_wildfire_dataset_2n_version/train/fire/51193517864_61dd8fa201_o.jpg,2560,1707,JPEG,RGB,1707
train,fire,flickr,51193811890,51193811890_4e5c8e91e0_o.jpg,/kaggle/input/datasets/elmadafri/the-wildfire-dataset/the_wildfire_dataset_2n_version/train/fire/51193811890_4e5c8e91e0_o.jpg,2523,1682,JPEG,RGB,1682
train,fire,flickr,51193812575,51193812575_6e7ce2f793_o.jpg,/kaggle/input/datasets/elmadafri/the-wildfire-dataset/the_wildfire_dataset_2n_version/train/fire/51193812575_6e7ce2f793_o.jpg,2560,1707,JPEG,RGB,1707
train,fire,flickr,51193816410,51193816410_a17a14ce07_o.jpg,/kaggle/input/datasets/elmadafri/the-wildfire-dataset/the_wildfire_dataset_2n_version/train/fire/51193816410_a17a14ce07_o.jpg,8256,5504,JPEG,RGB,5504
train,fire,flickr,51224876521,51224876521_c9544921af_o.jpg,/kaggle/input/datasets/elmadafri/the-wildfire-dataset/the_wildfire_dataset_2n_version/train/fire/51224876521_c9544921af_o.jpg,600,800,JPEG,RGB,600
train,fire,flickr,51233236409,51233236409_c8d76eb111_o.jpg,/kaggle/input/datasets/elmadafri/the-wildfire-dataset/the_wildfire_dataset_2n_version/train/fire/51233236409_c8d76eb111_o.jpg,2825,2119,JPEG,RGB,2119
train,fire,flickr,51233424362,51233424362_786d10dc76_o.jpg,/kaggle/input/datasets/elmadafri/the-wildfire-dataset/the_wildfire_dataset_2n_version/train/fire/51233424362_786d10dc76_o.jpg,960,640,JPEG,RGB,640
train,fire,flickr,51233547662,51233547662_fe872453f2_o.jpg,/kaggle/input/datasets/elmadafri/the-wildfire-dataset/the_wildfire_dataset_2n_version/train/fire/51233547662_fe872453f2_o.jpg,528,397,JPEG,RGB,397
train,fire,flickr,51234131611,51234131611_f593a97b57_o.jpg,/kaggle/input/datasets/elmadafri/the-wildfire-dataset/the_wildfire_dataset_2n_version/train/fire/51234131611_f593a97b57_o.jpg,4032,3024,JPEG,RGB,3024
train,fire,flickr,51234251701,51234251701_5b8d0a89cf_o.jpg,/kaggle/input/datasets/elmadafri/the-wildfire-dataset/the_wildfire_dataset_2n_version/train/fire/51234251701_5b8d0a89cf_o.jpg,960,1280,JPEG,RGB,960
train,fire,flickr,51234326078,51234326078_df61af625d_o.jpg,/kaggle/input/datasets/elmadafri/the-wildfire-dataset/the_wildfire_dataset_2n_version/train/fire/51234326078_df61af625d_o.jpg,538,403,JPEG,RGB,403
train,fire,flickr,51234462958,51234462958_62dd13810c_o.jpg,/kaggle/input/datasets/elmadafri/the-wildfire-dataset/the_wildfire_dataset_2n_version/train/fire/51234462958_62dd13810c_o.jpg,1600,1200,JPEG,RGB,1200
train,fire,flickr,51235180183,51235180183_3721f18e63_o.jpg,/kaggle/input/datasets/elmadafri/the-wildfire-dataset/the_wildfire_dataset_2n_version/train/fire/51235180183_3721f18e63_o.jpg,4608,3456,JPEG,RGB,3456
train,fire,flickr,51235316460,51235316460_8279cd1316_o.jpg,/kaggle/input/datasets/elmadafri/the-wildfire-dataset/the_wildfire_dataset_2n_version/train/fire/51235316460_8279cd1316_o.jpg,1557,2076,JPEG,RGB,1557
train,fire,flickr,51236035780,51236035780_0b9a3f47fb_o.jpg,/kaggle/input/datasets/elmadafri/the-wildfire-dataset/the_wildfire_dataset_2n_version/train/fire/51236035780_0b9a3f47fb_o.jpg,4608,3456,JPEG,RGB,3456
train,fire,flickr,51238558141,51238558141_753e7807be_o.jpg,/kaggle/input/datasets/elmadafri/the-wildfire-dataset/the_wildfire_dataset_2n_version/train/fire/51238558141_753e7807be_o.jpg,2304,1536,JPEG,RGB,1536
train,fire,flickr,51248360089,51248360089_e7ea1fac21_o.jpg,/kaggle/input/datasets/elmadafri/the-wildfire-dataset/the_wildfire_dataset_2n_version/train/fire/51248360089_e7ea1fac21_o.jpg,5568,3712,JPEG,RGB,3712
train,fire,flickr,51249533208,51249533208_e0d2dbd593_o.jpg,/kaggle/input/datasets/elmadafri/the-wildfire-dataset/the_wildfire_dataset_2n_version/train/fire/51249533208_e0d2dbd593_o.jpg,720,540,JPEG,RGB,540
train,fire,flickr,51249539503,51249539503_8ffc6571ce_o.jpg,/kaggle/input/datasets/elmadafri/the-wildfire-dataset/the_wildfire_dataset_2n_version/train/fire/51249539503_8ffc6571ce_o.jpg,960,1280,JPEG,RGB,960
train,fire,flickr,51263178215,51263178215_d8db6bf777_o.jpg,/kaggle/input/datasets/elmadafri/the-wildfire-dataset/the_wildfire_dataset_2n_version/train/fire/51263178215_d8db6bf777_o.jpg,4800,3000,JPEG,RGB,3000
train,fire,flickr,51276833581,51276833581_ee92c55466_o.jpg,/kaggle/input/datasets/elmadafri/the-wildfire-dataset/the_wildfire_dataset_2n_version/train/fire/51276833581_ee92c55466_o.jpg,2714,1810,JPEG,RGB,1810
train,fire,flickr,51283057621,51283057621_de5d4e5bed_o.jpg,/kaggle/input/datasets/elmadafri/the-wildfire-dataset/the_wildfire_dataset_2n_version/train/fire/51283057621_de5d4e5bed_o.jpg,4032,3024,JPEG,RGB,3024
train,fire,flickr,51284079330,51284079330_305a79897b_o.jpg,/kaggle/input/datasets/elmadafri/the-wildfire-dataset/the_wildfire_dataset_2n_version/train/fire/51284079330_305a79897b_o.jpg,5702,3807,JPEG,RGB,3807
train,fire,flickr,51285187151,51285187151_1dd566f7f7_o.jpg,/kaggle/input/datasets/elmadafri/the-wildfire-dataset/the_wildfire_dataset_2n_version/train/fire/51285187151_1dd566f7f7_o.jpg,4032,3024,JPEG,RGB,3024
train,fire,flickr,51285909189,51285909189_01a4b610af_o.jpg,/kaggle/input/datasets/elmadafri/the-wildfire-dataset/the_wildfire_dataset_2n_version/train/fire/51285909189_01a4b610af_o.jpg,2897,2250,JPEG,RGB,2250
train,fire,flickr,51285917069,51285917069_5af3c24da9_o.jpg,/kaggle/input/datasets/elmadafri/the-wildfire-dataset/the_wildfire_dataset_2n_version/train/fire/51285917069_5af3c24da9_o.jpg,4032,3024,JPEG,RGB,3024
train,fire,flickr,51286207225,51286207225_dce2d3fee0_o.jpg,/kaggle/input/datasets/elmadafri/the-wildfire-dataset/the_wildfire_dataset_2n_version/train/fire/51286207225_dce2d3fee0_o.jpg,2016,1512,JPEG,RGB,1512
train,fire,flickr,51298755366,51298755366_12ae31316b_o.jpg,/kaggle/input/datasets/elmadafri/the-wildfire-dataset/the_wildfire_dataset_2n_version/train/fire/51298755366_12ae31316b_o.jpg,1920,1080,JPEG,RGB,1080
train,fire,flickr,51299010911,51299010911_26aaf74757_o.jpg,/kaggle/input/datasets/elmadafri/the-wildfire-dataset/the_wildfire_dataset_2n_version/train/fire/51299010911_26aaf74757_o.jpg,2016,1512,JPEG,RGB,1512
train,fire,flickr,51299053281,51299053281_e87ae6ec37_o.png,/kaggle/input/datasets/elmadafri/the-wildfire-dataset/the_wildfire_dataset_2n_version/train/fire/51299053281_e87ae6ec37_o.png,383,510,PNG,RGBA,383
train,fire,flickr,51310213455,51310213455_e482232126_o.jpg,/kaggle/input/datasets/elmadafri/the-wildfire-dataset/the_wildfire_dataset_2n_version/train/fire/51310213455_e482232126_o.jpg,4032,3024,JPEG,RGB,3024
train,fire,flickr,51320603897,51320603897_d8b7036c7c_o.png,/kaggle/input/datasets/elmadafri/the-wildfire-dataset/the_wildfire_dataset_2n_version/train/fire/51320603897_d8b7036c7c_o.png,1320,1020,PNG,RGB,1020
train,fire,flickr,51321384616,51321384616_c003a46eea_o.jpg,/kaggle/input/datasets/elmadafri/the-wildfire-dataset/the_wildfire_dataset_2n_version/train/fire/51321384616_c003a46eea_o.jpg,828,608,JPEG,RGB,608
train,fire,flickr,51321384666,51321384666_c7b3e91be4_o.jpg,/kaggle/input/datasets/elmadafri/the-wildfire-dataset/the_wildfire_dataset_2n_version/train/fire/51321384666_c7b3e91be4_o.jpg,6000,4000,JPEG,RGB,4000
train,fire,flickr,51341756029,51341756029_4e29bba961_o.jpg,/kaggle/input/datasets/elmadafri/the-wildfire-dataset/the_wildfire_dataset_2n_version/train/fire/51341756029_4e29bba961_o.jpg,153,206,JPEG,RGB,153
train,fire,flickr,51342001385,51342001385_ceaf784e25_o.jpg,/kaggle/input/datasets/elmadafri/the-wildfire-dataset/the_wildfire_dataset_2n_version/train/fire/51342001385_ceaf784e25_o.jpg,1125,1923,JPEG,RGB,1125
train,fire,flickr,51353777180,51353777180_ac4a44d7ee_o.jpg,/kaggle/input/datasets/elmadafri/the-wildfire-dataset/the_wildfire_dataset_2n_version/train/fire/51353777180_ac4a44d7ee_o.jpg,4032,3024,JPEG,RGB,3024
train,fire,flickr,51404400098,51404400098_fd7857958c_o.jpg,/kaggle/input/datasets/elmadafri/the-wildfire-dataset/the_wildfire_dataset_2n_version/train/fire/51404400098_fd7857958c_o.jpg,1816,2420,JPEG,RGB,1816
train,fire,flickr,51404702784,51404702784_7ca9c6e9c5_o.jpg,/kaggle/input/datasets/elmadafri/the-wildfire-dataset/the_wildfire_dataset_2n_version/train/fire/51404702784_7ca9c6e9c5_o.jpg,3024,4032,JPEG,RGB,3024
train,fire,flickr,51404893549,51404893549_96cbc566d5_o.jpg,/kaggle/input/datasets/elmadafri/the-wildfire-dataset/the_wildfire_dataset_2n_version/train/fire/51404893549_96cbc566d5_o.jpg,800,600,JPEG,RGB,600
train,fire,flickr,51405698152,51405698152_895397de08_o.jpg,/kaggle/input/datasets/elmadafri/the-wildfire-dataset/the_wildfire_dataset_2n_version/train/fire/51405698152_895397de08_o.jpg,6000,4000,MPO,RGB,4000
train,fire,flickr,51475856852,51475856852_0b60982b08_o.jpg,/kaggle/input/datasets/elmadafri/the-wildfire-dataset/the_wildfire_dataset_2n_version/train/fire/51475856852_0b60982b08_o.jpg,1120,840,JPEG,RGB,840
train,fire,flickr,51483678321,51483678321_204e9a3567_o.jpg,/kaggle/input/datasets/elmadafri/the-wildfire-dataset/the_wildfire_dataset_2n_version/train/fire/51483678321_204e9a3567_o.jpg,4176,2784,JPEG,RGB,2784
train,fire,flickr,51592667486,51592667486_0cdd5ea63f_o.jpg,/kaggle/input/datasets/elmadafri/the-wildfire-dataset/the_wildfire_dataset_2n_version/train/fire/51592667486_0cdd5ea63f_o.jpg,1284,2100,JPEG,RGB,1284
train,fire,flickr,51592886998,51592886998_f6f34cf4fa_o.jpg,/kaggle/input/datasets/elmadafri/the-wildfire-dataset/the_wildfire_dataset_2n_version/train/fire/51592886998_f6f34cf4fa_o.jpg,2048,1536,MPO,RGB,1536
train,fire,flickr,51684323387,51684323387_561da59dba_o.jpg,/kaggle/input/datasets/elmadafri/the-wildfire-dataset/the_wildfire_dataset_2n_version/train/fire/51684323387_561da59dba_o.jpg,7360,4912,JPEG,RGB,4912
train,fire,flickr,51685102696,51685102696_1b5260aa0a_o.jpg,/kaggle/input/datasets/elmadafri/the-wildfire-dataset/the_wildfire_dataset_2n_version/train/fire/51685102696_1b5260aa0a_o.jpg,980,1583,JPEG,RGB,980
train,fire,flickr,51685109951,51685109951_f689a3da08_o.jpg,/kaggle/input/datasets/elmadafri/the-wildfire-dataset/the_wildfire_dataset_2n_version/train/fire/51685109951_f689a3da08_o.jpg,1280,960,JPEG,RGB,960
train,fire,flickr,51685971750,51685971750_f491a480d3_o.jpg,/kaggle/input/datasets/elmadafri/the-wildfire-dataset/the_wildfire_dataset_2n_version/train/fire/51685971750_f491a480d3_o.jpg,1280,960,JPEG,RGB,960
train,fire,flickr,51685997425,51685997425_ace18b01d6_o.jpg,/kaggle/input/datasets/elmadafri/the-wildfire-dataset/the_wildfire_dataset_2n_version/train/fire/51685997425_ace18b01d6_o.jpg,1200,1600,MPO,RGB,1200
train,fire,flickr,51686010835,51686010835_ed65977bde_o.jpg,/kaggle/input/datasets/elmadafri/the-wildfire-dataset/the_wildfire_dataset_2n_version/train/fire/51686010835_ed65977bde_o.jpg,5472,3648,MPO,RGB,3648
train,fire,flickr,51700279846,51700279846_b5cc4583de_o.jpg,/kaggle/input/datasets/elmadafri/the-wildfire-dataset/the_wildfire_dataset_2n_version/train/fire/51700279846_b5cc4583de_o.jpg,4032,3024,JPEG,RGB,3024
train,fire,flickr,51700562473,51700562473_3351488ed6_o.jpg,/kaggle/input/datasets/elmadafri/the-wildfire-dataset/the_wildfire_dataset_2n_version/train/fire/51700562473_3351488ed6_o.jpg,1280,960,JPEG,RGB,960
train,fire,flickr,51784868232,51784868232_ee8d187496_o.jpg,/kaggle/input/datasets/elmadafri/the-wildfire-dataset/the_wildfire_dataset_2n_version/train/fire/51784868232_ee8d187496_o.jpg,5472,3648,JPEG,RGB,3648
train,fire,flickr,51785683196,51785683196_5d9e6e5b45_o.jpg,/kaggle/input/datasets/elmadafri/the-wildfire-dataset/the_wildfire_dataset_2n_version/train/fire/51785683196_5d9e6e5b45_o.jpg,5472,3648,JPEG,RGB,3648
train,fire,flickr,51785936528,51785936528_fc23e68ca1_o.jpg,/kaggle/input/datasets/elmadafri/the-wildfire-dataset/the_wildfire_dataset_2n_version/train/fire/51785936528_fc23e68ca1_o.jpg,5472,3648,JPEG,RGB,3648
train,fire,flickr,51785936903,51785936903_bc061a80b3_o.jpg,/kaggle/input/datasets/elmadafri/the-wildfire-dataset/the_wildfire_dataset_2n_version/train/fire/51785936903_bc061a80b3_o.jpg,5472,3648,JPEG,RGB,3648
train,fire,flickr,51786302469,51786302469_8793cda1f4_o.jpg,/kaggle/input/datasets/elmadafri/the-wildfire-dataset/the_wildfire_dataset_2n_version/train/fire/51786302469_8793cda1f4_o.jpg,5472,3648,JPEG,RGB,3648
train,fire,flickr,51820296693,51820296693_9ba629927f_o.jpg,/kaggle/input/datasets/elmadafri/the-wildfire-dataset/the_wildfire_dataset_2n_version/train/fire/51820296693_9ba629927f_o.jpg,4032,3024,JPEG,RGB,3024
train,fire,flickr,51829087853,51829087853_36bd588ba8_o.jpg,/kaggle/input/datasets/elmadafri/the-wildfire-dataset/the_wildfire_dataset_2n_version/train/fire/51829087853_36bd588ba8_o.jpg,1296,1728,JPEG,RGB,1296
train,fire,flickr,51839429297,51839429297_23e725a318_o.jpg,/kaggle/input/datasets/elmadafri/the-wildfire-dataset/the_wildfire_dataset_2n_version/train/fire/51839429297_23e725a318_o.jpg,5472,3648,JPEG,RGB,3648
train,fire,flickr,51839432672,51839432672_fa7e11f132_o.jpg,/kaggle/input/datasets/elmadafri/the-wildfire-dataset/the_wildfire_dataset_2n_version/train/fire/51839432672_fa7e11f132_o.jpg,3264,2448,JPEG,RGB,2448
train,fire,flickr,51839436817,51839436817_64da9116eb_o.jpg,/kaggle/input/datasets/elmadafri/the-wildfire-dataset/the_wildfire_dataset_2n_version/train/fire/51839436817_64da9116eb_o.jpg,5472,3648,JPEG,RGB,3648
train,fire,flickr,51840334886,51840334886_3207ecd073_o.jpg,/kaggle/input/datasets/elmadafri/the-wildfire-dataset/the_wildfire_dataset_2n_version/train/fire/51840334886_3207ecd073_o.jpg,5472,3648,JPEG,RGB,3648
train,fire,flickr,51840372636,51840372636_9258eb8261_o.jpg,/kaggle/input/datasets/elmadafri/the-wildfire-dataset/the_wildfire_dataset_2n_version/train/fire/51840372636_9258eb8261_o.jpg,2560,1920,JPEG,RGB,1920
train,fire,flickr,51840373396,51840373396_006b231bcc_o.jpg,/kaggle/input/datasets/elmadafri/the-wildfire-dataset/the_wildfire_dataset_2n_version/train/fire/51840373396_006b231bcc_o.jpg,1440,1799,JPEG,RGB,1440
train,fire,flickr,51840427968,51840427968_3d28b2dba6_o.jpg,/kaggle/input/datasets/elmadafri/the-wildfire-dataset/the_wildfire_dataset_2n_version/train/fire/51840427968_3d28b2dba6_o.jpg,2560,1920,JPEG,RGB,1920
train,fire,flickr,51840497418,51840497418_331b8005ec_o.jpg,/kaggle/input/datasets/elmadafri/the-wildfire-dataset/the_wildfire_dataset_2n_version/train/fire/51840497418_331b8005ec_o.jpg,4032,3024,JPEG,RGB,3024
train,fire,flickr,51840699904,51840699904_8fd60b5e83_o.jpg,/kaggle/input/datasets/elmadafri/the-wildfire-dataset/the_wildfire_dataset_2n_version/train/fire/51840699904_8fd60b5e83_o.jpg,4721,3147,JPEG,RGB,3147
train,fire,flickr,51841108070,51841108070_99931a7a81_o.jpg,/kaggle/input/datasets/elmadafri/the-wildfire-dataset/the_wildfire_dataset_2n_version/train/fire/51841108070_99931a7a81_o.jpg,1600,1200,JPEG,RGB,1200
train,fire,flickr,51999850387,51999850387_4ab939a7c0_o.jpg,/kaggle/input/datasets/elmadafri/the-wildfire-dataset/the_wildfire_dataset_2n_version/train/fire/51999850387_4ab939a7c0_o.jpg,667,1000,JPEG,RGB,667
train,fire,flickr,51999850677,51999850677_3f462fc4d4_o.jpg,/kaggle/input/datasets/elmadafri/the-wildfire-dataset/the_wildfire_dataset_2n_version/train/fire/51999850677_3f462fc4d4_o.jpg,1000,667,JPEG,RGB,667
train,fire,flickr,51999850752,51999850752_3a2abfb7e6_o.jpg,/kaggle/input/datasets/elmadafri/the-wildfire-dataset/the_wildfire_dataset_2n_version/train/fire/51999850752_3a2abfb7e6_o.jpg,1000,750,JPEG,RGB,750
train,fire,flickr,51999850907,51999850907_d3a193223f_o.jpg,/kaggle/input/datasets/elmadafri/the-wildfire-dataset/the_wildfire_dataset_2n_version/train/fire/51999850907_d3a193223f_o.jpg,667,1000,JPEG,RGB,667
train,fire,flickr,52001122274,52001122274_ceb0c16266_o.jpg,/kaggle/input/datasets/elmadafri/the-wildfire-dataset/the_wildfire_dataset_2n_version/train/fire/52001122274_ceb0c16266_o.jpg,1000,667,JPEG,RGB,667
train,fire,flickr,52001122849,52001122849_0dc4cf6099_o.jpg,/kaggle/input/datasets/elmadafri/the-wildfire-dataset/the_wildfire_dataset_2n_version/train/fire/52001122849_0dc4cf6099_o.jpg,667,1000,JPEG,RGB,667
train,fire,flickr,52001399795,52001399795_786038b87e_o.jpg,/kaggle/input/datasets/elmadafri/the-wildfire-dataset/the_wildfire_dataset_2n_version/train/fire/52001399795_786038b87e_o.jpg,1000,667,JPEG,RGB,667
train,fire,flickr,52001399950,52001399950_16641739f2_o.jpg,/kaggle/input/datasets/elmadafri/the-wildfire-dataset/the_wildfire_dataset_2n_version/train/fire/52001399950_16641739f2_o.jpg,667,1000,JPEG,RGB,667
train,fire,flickr,52004693524,52004693524_a7b9c1090d_o.jpg,/kaggle/input/datasets/elmadafri/the-wildfire-dataset/the_wildfire_dataset_2n_version/train/fire/52004693524_a7b9c1090d_o.jpg,1814,882,JPEG,RGB,882
train,fire,flickr,52020507769,52020507769_3163130645_o.jpg,/kaggle/input/datasets/elmadafri/the-wildfire-dataset/the_wildfire_dataset_2n_version/train/fire/52020507769_3163130645_o.jpg,1280,960,JPEG,RGB,960
train,fire,flickr,52021777686,52021777686_398d72c8f2_o.jpg,/kaggle/input/datasets/elmadafri/the-wildfire-dataset/the_wildfire_dataset_2n_version/train/fire/52021777686_398d72c8f2_o.jpg,2365,1330,MPO,RGB,1330
train,fire,flickr,52021777756,52021777756_9b103c39b3_o.jpg,/kaggle/input/datasets/elmadafri/the-wildfire-dataset/the_wildfire_dataset_2n_version/train/fire/52021777756_9b103c39b3_o.jpg,1706,960,JPEG,RGB,960
train,fire,flickr,52036933592,52036933592_0d94515c89_o.jpg,/kaggle/input/datasets/elmadafri/the-wildfire-dataset/the_wildfire_dataset_2n_version/train/fire/52036933592_0d94515c89_o.jpg,667,1000,JPEG,RGB,667
train,fire,flickr,52037975646,52037975646_5f3beb0224_o.jpg,/kaggle/input/datasets/elmadafri/the-wildfire-dataset/the_wildfire_dataset_2n_version/train/fire/52037975646_5f3beb0224_o.jpg,5472,3648,JPEG,RGB,3648
train,fire,flickr,52038223744,52038223744_f643056f8c_o.jpg,/kaggle/input/datasets/elmadafri/the-wildfire-dataset/the_wildfire_dataset_2n_version/train/fire/52038223744_f643056f8c_o.jpg,5472,3648,JPEG,RGB,3648
train,fire,flickr,52038492590,52038492590_afc85eb409_o.jpg,/kaggle/input/datasets/elmadafri/the-wildfire-dataset/the_wildfire_dataset_2n_version/train/fire/52038492590_afc85eb409_o.jpg,1000,667,JPEG,RGB,667
train,fire,flickr,52038492755,52038492755_cb909d2e08_o.jpg,/kaggle/input/datasets/elmadafri/the-wildfire-dataset/the_wildfire_dataset_2n_version/train/fire/52038492755_cb909d2e08_o.jpg,5472,3648,JPEG,RGB,3648
train,fire,flickr,52045079187,52045079187_89b2ea03ae_o.jpg,/kaggle/input/datasets/elmadafri/the-wildfire-dataset/the_wildfire_dataset_2n_version/train/fire/52045079187_89b2ea03ae_o.jpg,5472,3648,JPEG,RGB,3648
train,fire,flickr,52046172443,52046172443_a5da9c381b_o.jpg,/kaggle/input/datasets/elmadafri/the-wildfire-dataset/the_wildfire_dataset_2n_version/train/fire/52046172443_a5da9c381b_o.jpg,3024,4032,JPEG,RGB,3024
train,fire,flickr,52046173993,52046173993_0642fb0592_o.jpg,/kaggle/input/datasets/elmadafri/the-wildfire-dataset/the_wildfire_dataset_2n_version/train/fire/52046173993_0642fb0592_o.jpg,1672,1254,JPEG,RGB,1254
train,fire,flickr,52078042281,52078042281_49a46a89ec_o.jpg,/kaggle/input/datasets/elmadafri/the-wildfire-dataset/the_wildfire_dataset_2n_version/train/fire/52078042281_49a46a89ec_o.jpg,1024,498,JPEG,RGB,498
train,fire,flickr,52094235714,52094235714_cd5c534086_o.jpg,/kaggle/input/datasets/elmadafri/the-wildfire-dataset/the_wildfire_dataset_2n_version/train/fire/52094235714_cd5c534086_o.jpg,280,280,JPEG,RGB,280
train,fire,flickr,52104987842,52104987842_dc55d3abf0_o.jpg,/kaggle/input/datasets/elmadafri/the-wildfire-dataset/the_wildfire_dataset_2n_version/train/fire/52104987842_dc55d3abf0_o.jpg,7360,4912,JPEG,RGB,4912
train,fire,flickr,52106522515,52106522515_f03becf09c_o.jpg,/kaggle/input/datasets/elmadafri/the-wildfire-dataset/the_wildfire_dataset_2n_version/train/fire/52106522515_f03becf09c_o.jpg,6540,4365,JPEG,RGB,4365
train,fire,flickr,52148619336,52148619336_a5616a7a72_o.jpg,/kaggle/input/datasets/elmadafri/the-wildfire-dataset/the_wildfire_dataset_2n_version/train/fire/52148619336_a5616a7a72_o.jpg,1080,810,JPEG,RGB,810
train,fire,flickr,52149116460,52149116460_a76bf7aaf8_o.jpg,/kaggle/input/datasets/elmadafri/the-wildfire-dataset/the_wildfire_dataset_2n_version/train/fire/52149116460_a76bf7aaf8_o.jpg,4500,3375,JPEG,RGB,3375
train,fire,flickr,52225749001,52225749001_ff620d0377_o.jpg,/kaggle/input/datasets/elmadafri/the-wildfire-dataset/the_wildfire_dataset_2n_version/train/fire/52225749001_ff620d0377_o.jpg,4032,3024,JPEG,RGB,3024
train,fire,flickr,52225764993,52225764993_1432285e60_o.jpg,/kaggle/input/datasets/elmadafri/the-wildfire-dataset/the_wildfire_dataset_2n_version/train/fire/52225764993_1432285e60_o.jpg,2448,3264,JPEG,RGB,2448
train,fire,flickr,52226021084,52226021084_624a8793b9_o.jpg,/kaggle/input/datasets/elmadafri/the-wildfire-dataset/the_wildfire_dataset_2n_version/train/fire/52226021084_624a8793b9_o.jpg,4032,3024,JPEG,RGB,3024
train,fire,flickr,52226051534,52226051534_d67a854c7f_o.jpg,/kaggle/input/datasets/elmadafri/the-wildfire-dataset/the_wildfire_dataset_2n_version/train/fire/52226051534_d67a854c7f_o.jpg,2048,1536,JPEG,RGB,1536
train,fire,flickr,52226765042,52226765042_660cffda0a_o.jpg,/kaggle/input/datasets/elmadafri/the-wildfire-dataset/the_wildfire_dataset_2n_version/train/fire/52226765042_660cffda0a_o.jpg,4392,3294,JPEG,RGB,3294
train,fire,flickr,52226767292,52226767292_d3a8dbe20d_o.jpg,/kaggle/input/datasets/elmadafri/the-wildfire-dataset/the_wildfire_dataset_2n_version/train/fire/52226767292_d3a8dbe20d_o.jpg,4608,3456,JPEG,RGB,3456
train,fire,flickr,52229129077,52229129077_018c10b246_o.jpg,/kaggle/input/datasets/elmadafri/the-wildfire-dataset/the_wildfire_dataset_2n_version/train/fire/52229129077_018c10b246_o.jpg,4000,2252,JPEG,RGB,2252
train,fire,flickr,52229219776,52229219776_9c44453320_o.jpg,/kaggle/input/datasets/elmadafri/the-wildfire-dataset/the_wildfire_dataset_2n_version/train/fire/52229219776_9c44453320_o.jpg,622,280,JPEG,RGB,280
train,fire,flickr,52229224318,52229224318_9c44453320_o.jpg,/kaggle/input/datasets/elmadafri/the-wildfire-dataset/the_wildfire_dataset_2n_version/train/fire/52229224318_9c44453320_o.jpg,622,280,JPEG,RGB,280
train,fire,flickr,52229699510,52229699510_028b5cc57d_o.jpg,/kaggle/input/datasets/elmadafri/the-wildfire-dataset/the_wildfire_dataset_2n_version/train/fire/52229699510_028b5cc57d_o.jpg,622,280,JPEG,RGB,280
train,fire,flickr,52231251857,52231251857_edbea0a952_o.jpg,/kaggle/input/datasets/elmadafri/the-wildfire-dataset/the_wildfire_dataset_2n_version/train/fire/52231251857_edbea0a952_o.jpg,4090,3117,JPEG,RGB,3117
train,fire,flickr,52231281737,52231281737_dd64306712_o.jpg,/kaggle/input/datasets/elmadafri/the-wildfire-dataset/the_wildfire_dataset_2n_version/train/fire/52231281737_dd64306712_o.jpg,4313,3235,JPEG,RGB,3235
train,fire,flickr,52232274786,52232274786_3847f71eb8_o.jpg,/kaggle/input/datasets/elmadafri/the-wildfire-dataset/the_wildfire_dataset_2n_version/train/fire/52232274786_3847f71eb8_o.jpg,4518,3389,JPEG,RGB,3389
train,fire,flickr,52232276831,52232276831_2e8c11bcd5_o.jpg,/kaggle/input/datasets/elmadafri/the-wildfire-dataset/the_wildfire_dataset_2n_version/train/fire/52232276831_2e8c11bcd5_o.jpg,4109,2929,JPEG,RGB,2929
train,fire,flickr,52232757565,52232757565_40c11d1454_o.jpg,/kaggle/input/datasets/elmadafri/the-wildfire-dataset/the_wildfire_dataset_2n_version/train/fire/52232757565_40c11d1454_o.jpg,4608,3456,JPEG,RGB,3456
train,fire,flickr,52232762500,52232762500_1b1b8dd6ff_o.jpg,/kaggle/input/datasets/elmadafri/the-wildfire-dataset/the_wildfire_dataset_2n_version/train/fire/52232762500_1b1b8dd6ff_o.jpg,4608,3456,JPEG,RGB,3456
train,fire,flickr,52234310776,52234310776_961fb9a8b2_o.jpg,/kaggle/input/datasets/elmadafri/the-wildfire-dataset/the_wildfire_dataset_2n_version/train/fire/52234310776_961fb9a8b2_o.jpg,4032,3024,JPEG,RGB,3024
train,fire,flickr,52234791505,52234791505_88b83b699a_o.jpg,/kaggle/input/datasets/elmadafri/the-wildfire-dataset/the_wildfire_dataset_2n_version/train/fire/52234791505_88b83b699a_o.jpg,4032,1816,JPEG,RGB,1816
train,fire,flickr,52258839831,52258839831_ac734240b5_o.jpg,/kaggle/input/datasets/elmadafri/the-wildfire-dataset/the_wildfire_dataset_2n_version/train/fire/52258839831_ac734240b5_o.jpg,1280,716,JPEG,RGB,716
train,fire,flickr,52259119614,52259119614_2746343258_o.jpg,/kaggle/input/datasets/elmadafri/the-wildfire-dataset/the_wildfire_dataset_2n_version/train/fire/52259119614_2746343258_o.jpg,4032,3024,JPEG,RGB,3024
train,fire,flickr,52286820132,52286820132_715b85c221_o.jpg,/kaggle/input/datasets/elmadafri/the-wildfire-dataset/the_wildfire_dataset_2n_version/train/fire/52286820132_715b85c221_o.jpg,1777,1000,JPEG,RGB,1000
train,fire,flickr,52287794676,52287794676_15e4f903e4_o.jpg,/kaggle/input/datasets/elmadafri/the-wildfire-dataset/the_wildfire_dataset_2n_version/train/fire/52287794676_15e4f903e4_o.jpg,960,720,JPEG,RGB,720
train,fire,flickr,52289825067,52289825067_27c65b8212_o.jpg,/kaggle/input/datasets/elmadafri/the-wildfire-dataset/the_wildfire_dataset_2n_version/train/fire/52289825067_27c65b8212_o.jpg,620,465,JPEG,RGB,465
train,fire,flickr,52290047062,52290047062_cee9b5f91c_o.jpg,/kaggle/input/datasets/elmadafri/the-wildfire-dataset/the_wildfire_dataset_2n_version/train/fire/52290047062_cee9b5f91c_o.jpg,620,465,JPEG,RGB,465
train,fire,flickr,52290526786,52290526786_15ae9f7fde_o.jpg,/kaggle/input/datasets/elmadafri/the-wildfire-dataset/the_wildfire_dataset_2n_version/train/fire/52290526786_15ae9f7fde_o.jpg,624,468,JPEG,RGB,468
train,fire,flickr,52290796284,52290796284_8b465b94d2_o.jpg,/kaggle/input/datasets/elmadafri/the-wildfire-dataset/the_wildfire_dataset_2n_version/train/fire/52290796284_8b465b94d2_o.jpg,624,468,JPEG,RGB,468
train,fire,flickr,52290796329,52290796329_65591e8836_o.jpg,/kaggle/input/datasets/elmadafri/the-wildfire-dataset/the_wildfire_dataset_2n_version/train/fire/52290796329_65591e8836_o.jpg,624,468,JPEG,RGB,468
train,fire,flickr,52290796394,52290796394_7df634d823_o.jpg,/kaggle/input/datasets/elmadafri/the-wildfire-dataset/the_wildfire_dataset_2n_version/train/fire/52290796394_7df634d823_o.jpg,624,468,JPEG,RGB,468
train,fire,flickr,52291020450,52291020450_6b03781280_o.jpg,/kaggle/input/datasets/elmadafri/the-wildfire-dataset/the_wildfire_dataset_2n_version/train/fire/52291020450_6b03781280_o.jpg,624,468,JPEG,RGB,468
train,fire,flickr,52291287089,52291287089_b51541b36d_o.jpg,/kaggle/input/datasets/elmadafri/the-wildfire-dataset/the_wildfire_dataset_2n_version/train/fire/52291287089_b51541b36d_o.jpg,388,400,JPEG,RGB,388
train,fire,flickr,52292033047,52292033047_2eb7c9ed3f_o.jpg,/kaggle/input/datasets/elmadafri/the-wildfire-dataset/the_wildfire_dataset_2n_version/train/fire/52292033047_2eb7c9ed3f_o.jpg,620,277,JPEG,RGB,277
train,fire,flickr,52293031756,52293031756_b9a007cb51_o.jpg,/kaggle/input/datasets/elmadafri/the-wildfire-dataset/the_wildfire_dataset_2n_version/train/fire/52293031756_b9a007cb51_o.jpg,4032,3024,JPEG,RGB,3024
train,fire,flickr,52293032031,52293032031_c8141b0af9_o.jpg,/kaggle/input/datasets/elmadafri/the-wildfire-dataset/the_wildfire_dataset_2n_version/train/fire/52293032031_c8141b0af9_o.jpg,3024,4032,JPEG,RGB,3024
train,fire,flickr,52293501815,52293501815_005ce3f140_o.jpg,/kaggle/input/datasets/elmadafri/the-wildfire-dataset/the_wildfire_dataset_2n_version/train/fire/52293501815_005ce3f140_o.jpg,620,465,JPEG,RGB,465
train,fire,flickr,52293501885,52293501885_e4213de0c7_o.jpg,/kaggle/input/datasets/elmadafri/the-wildfire-dataset/the_wildfire_dataset_2n_version/train/fire/52293501885_e4213de0c7_o.jpg,512,471,JPEG,RGB,471
train,fire,flickr,52293501940,52293501940_9123f95de7_o.jpg,/kaggle/input/datasets/elmadafri/the-wildfire-dataset/the_wildfire_dataset_2n_version/train/fire/52293501940_9123f95de7_o.jpg,620,465,JPEG,RGB,465
train,fire,flickr,52293502120,52293502120_21e154b716_o.jpg,/kaggle/input/datasets/elmadafri/the-wildfire-dataset/the_wildfire_dataset_2n_version/train/fire/52293502120_21e154b716_o.jpg,620,465,JPEG,RGB,465
train,fire,flickr,52294132422,52294132422_481d13b7de_o.jpg,/kaggle/input/datasets/elmadafri/the-wildfire-dataset/the_wildfire_dataset_2n_version/train/fire/52294132422_481d13b7de_o.jpg,620,465,JPEG,RGB,465
train,fire,flickr,52294132892,52294132892_ec8e776355_o.jpg,/kaggle/input/datasets/elmadafri/the-wildfire-dataset/the_wildfire_dataset_2n_version/train/fire/52294132892_ec8e776355_o.jpg,620,349,JPEG,RGB,349
train,fire,flickr,52295377874,52295377874_5ab7a0e536_o.jpg,/kaggle/input/datasets/elmadafri/the-wildfire-dataset/the_wildfire_dataset_2n_version/train/fire/52295377874_5ab7a0e536_o.jpg,1440,1078,JPEG,RGB,1078
train,fire,flickr,52295379594,52295379594_6a513ec0eb_o.jpg,/kaggle/input/datasets/elmadafri/the-wildfire-dataset/the_wildfire_dataset_2n_version/train/fire/52295379594_6a513ec0eb_o.jpg,620,465,JPEG,RGB,465
train,fire,flickr,52295601315,52295601315_39ff342311_o.jpg,/kaggle/input/datasets/elmadafri/the-wildfire-dataset/the_wildfire_dataset_2n_version/train/fire/52295601315_39ff342311_o.jpg,721,960,JPEG,RGB,721
train,fire,flickr,52295601435,52295601435_0b6de119f2_o.jpg,/kaggle/input/datasets/elmadafri/the-wildfire-dataset/the_wildfire_dataset_2n_version/train/fire/52295601435_0b6de119f2_o.jpg,1024,768,JPEG,RGB,768
train,fire,flickr,52295601495,52295601495_68db394281_o.jpg,/kaggle/input/datasets/elmadafri/the-wildfire-dataset/the_wildfire_dataset_2n_version/train/fire/52295601495_68db394281_o.jpg,620,465,JPEG,RGB,465
train,fire,flickr,52297297853,52297297853_33cd39c46e_o.jpg,/kaggle/input/datasets/elmadafri/the-wildfire-dataset/the_wildfire_dataset_2n_version/train/fire/52297297853_33cd39c46e_o.jpg,620,465,JPEG,RGB,465
train,fire,flickr,52304532663,52304532663_667f304143_o.png,/kaggle/input/datasets/elmadafri/the-wildfire-dataset/the_wildfire_dataset_2n_version/train/fire/52304532663_667f304143_o.png,2142,1428,PNG,RGB,1428
train,fire,flickr,52339277155,52339277155_f76bf2874a_o.jpg,/kaggle/input/datasets/elmadafri/the-wildfire-dataset/the_wildfire_dataset_2n_version/train/fire/52339277155_f76bf2874a_o.jpg,2450,1633,JPEG,RGB,1633
train,fire,flickr,52353642668,52353642668_551b9fb7a5_o.jpg,/kaggle/input/datasets/elmadafri/the-wildfire-dataset/the_wildfire_dataset_2n_version/train/fire/52353642668_551b9fb7a5_o.jpg,2016,1512,JPEG,RGB,1512
train,fire,flickr,52353720239,52353720239_c4de45cb4b_o.jpg,/kaggle/input/datasets/elmadafri/the-wildfire-dataset/the_wildfire_dataset_2n_version/train/fire/52353720239_c4de45cb4b_o.jpg,1536,2048,JPEG,RGB,1536
train,fire,flickr,52353826360,52353826360_d08690bb4e_o.jpg,/kaggle/input/datasets/elmadafri/the-wildfire-dataset/the_wildfire_dataset_2n_version/train/fire/52353826360_d08690bb4e_o.jpg,3024,4032,JPEG,RGB,3024
train,fire,flickr,52353826615,52353826615_7896d4f0f8_o.jpg,/kaggle/input/datasets/elmadafri/the-wildfire-dataset/the_wildfire_dataset_2n_version/train/fire/52353826615_7896d4f0f8_o.jpg,4032,3024,JPEG,RGB,3024
train,fire,flickr,52355484724,52355484724_b8cb1c7bb1_o.jpg,/kaggle/input/datasets/elmadafri/the-wildfire-dataset/the_wildfire_dataset_2n_version/train/fire/52355484724_b8cb1c7bb1_o.jpg,1125,844,JPEG,RGB,844
train,fire,flickr,52357657147,52357657147_4f64a395e8_o.jpg,/kaggle/input/datasets/elmadafri/the-wildfire-dataset/the_wildfire_dataset_2n_version/train/fire/52357657147_4f64a395e8_o.jpg,3780,3168,JPEG,RGB,3168
train,fire,flickr,52367222322,52367222322_49daaa3dcd_o.jpg,/kaggle/input/datasets/elmadafri/the-wildfire-dataset/the_wildfire_dataset_2n_version/train/fire/52367222322_49daaa3dcd_o.jpg,2444,1833,MPO,RGB,1833
train,fire,flickr,52368147701,52368147701_292d2a7dd5_o.jpg,/kaggle/input/datasets/elmadafri/the-wildfire-dataset/the_wildfire_dataset_2n_version/train/fire/52368147701_292d2a7dd5_o.jpg,1125,844,JPEG,RGB,844
train,fire,flickr,52368158446,52368158446_429a153b04_o.jpg,/kaggle/input/datasets/elmadafri/the-wildfire-dataset/the_wildfire_dataset_2n_version/train/fire/52368158446_429a153b04_o.jpg,4032,3024,MPO,RGB,3024
train,fire,flickr,52368161826,52368161826_5d36464167_o.jpg,/kaggle/input/datasets/elmadafri/the-wildfire-dataset/the_wildfire_dataset_2n_version/train/fire/52368161826_5d36464167_o.jpg,4032,3024,MPO,RGB,3024
train,fire,flickr,52368589530,52368589530_d8448a40b3_o.jpg,/kaggle/input/datasets/elmadafri/the-wildfire-dataset/the_wildfire_dataset_2n_version/train/fire/52368589530_d8448a40b3_o.jpg,1000,750,JPEG,RGB,750
train,fire,flickr,52390705491,52390705491_bdce74ba62_o.jpg,/kaggle/input/datasets/elmadafri/the-wildfire-dataset/the_wildfire_dataset_2n_version/train/fire/52390705491_bdce74ba62_o.jpg,2000,1500,JPEG,RGB,1500
train,fire,flickr,52442598865,52442598865_d9bdf1b0b5_o.jpg,/kaggle/input/datasets/elmadafri/the-wildfire-dataset/the_wildfire_dataset_2n_version/train/fire/52442598865_d9bdf1b0b5_o.jpg,6000,4000,JPEG,RGB,4000
train,fire,flickr,52442599185,52442599185_acbdaa7d4b_o.jpg,/kaggle/input/datasets/elmadafri/the-wildfire-dataset/the_wildfire_dataset_2n_version/train/fire/52442599185_acbdaa7d4b_o.jpg,6000,4000,JPEG,RGB,4000
train,fire,flickr,52442672018,52442672018_58ee104bdf_o.jpg,/kaggle/input/datasets/elmadafri/the-wildfire-dataset/the_wildfire_dataset_2n_version/train/fire/52442672018_58ee104bdf_o.jpg,4032,1816,JPEG,RGB,1816
train,fire,flickr,52451391443,52451391443_189567b636_o.jpg,/kaggle/input/datasets/elmadafri/the-wildfire-dataset/the_wildfire_dataset_2n_version/train/fire/52451391443_189567b636_o.jpg,2691,3856,JPEG,RGB,2691
train,fire,flickr,52464402647,52464402647_50615af1d0_o.png,/kaggle/input/datasets/elmadafri/the-wildfire-dataset/the_wildfire_dataset_2n_version/train/fire/52464402647_50615af1d0_o.png,3024,4032,PNG,RGBA,3024
train,fire,flickr,52464696672,52464696672_7224ba08b9_o.png,/kaggle/input/datasets/elmadafri/the-wildfire-dataset/the_wildfire_dataset_2n_version/train/fire/52464696672_7224ba08b9_o.png,3024,4032,PNG,RGBA,3024
train,fire,flickr,52464903896,52464903896_e395aa8fb8_o.png,/kaggle/input/datasets/elmadafri/the-wildfire-dataset/the_wildfire_dataset_2n_version/train/fire/52464903896_e395aa8fb8_o.png,3024,2268,PNG,RGB,2268
train,fire,flickr,52465134334,52465134334_ef86f31730_o.jpg,/kaggle/input/datasets/elmadafri/the-wildfire-dataset/the_wildfire_dataset_2n_version/train/fire/52465134334_ef86f31730_o.jpg,4032,3024,JPEG,RGB,3024
train,fire,flickr,52465190131,52465190131_8e994c0137_o.jpg,/kaggle/input/datasets/elmadafri/the-wildfire-dataset/the_wildfire_dataset_2n_version/train/fire/52465190131_8e994c0137_o.jpg,4032,3024,JPEG,RGB,3024
train,fire,flickr,52465417924,52465417924_1f76432309_o.jpg,/kaggle/input/datasets/elmadafri/the-wildfire-dataset/the_wildfire_dataset_2n_version/train/fire/52465417924_1f76432309_o.jpg,4032,3024,JPEG,RGB,3024
train,fire,flickr,52465662020,52465662020_3fb295fc5a_o.png,/kaggle/input/datasets/elmadafri/the-wildfire-dataset/the_wildfire_dataset_2n_version/train/fire/52465662020_3fb295fc5a_o.png,3024,4032,PNG,RGBA,3024
train,fire,flickr,52465687283,52465687283_c62bf70daa_o.jpg,/kaggle/input/datasets/elmadafri/the-wildfire-dataset/the_wildfire_dataset_2n_version/train/fire/52465687283_c62bf70daa_o.jpg,1280,960,JPEG,RGB,960
train,fire,flickr,52466170371,52466170371_980f089a16_o.jpg,/kaggle/input/datasets/elmadafri/the-wildfire-dataset/the_wildfire_dataset_2n_version/train/fire/52466170371_980f089a16_o.jpg,4032,3024,JPEG,RGB,3024
train,fire,flickr,52466779730,52466779730_a33b9db9e8_o.jpg,/kaggle/input/datasets/elmadafri/the-wildfire-dataset/the_wildfire_dataset_2n_version/train/fire/52466779730_a33b9db9e8_o.jpg,640,480,JPEG,RGB,480
train,fire,flickr,52466868808,52466868808_c06d05c0a3_o.jpg,/kaggle/input/datasets/elmadafri/the-wildfire-dataset/the_wildfire_dataset_2n_version/train/fire/52466868808_c06d05c0a3_o.jpg,3024,4032,JPEG,RGB,3024
train,fire,flickr,52467005948,52467005948_9daf973ccf_o.jpg,/kaggle/input/datasets/elmadafri/the-wildfire-dataset/the_wildfire_dataset_2n_version/train/fire/52467005948_9daf973ccf_o.jpg,4032,3024,JPEG,RGB,3024
train,fire,flickr,52467005953,52467005953_deb99c1919_o.jpg,/kaggle/input/datasets/elmadafri/the-wildfire-dataset/the_wildfire_dataset_2n_version/train/fire/52467005953_deb99c1919_o.jpg,640,480,MPO,RGB,480
train,fire,flickr,52467006093,52467006093_20eaac2f92_o.jpg,/kaggle/input/datasets/elmadafri/the-wildfire-dataset/the_wildfire_dataset_2n_version/train/fire/52467006093_20eaac2f92_o.jpg,800,600,MPO,RGB,600
train,fire,flickr,52467006943,52467006943_6f3427729f_o.jpg,/kaggle/input/datasets/elmadafri/the-wildfire-dataset/the_wildfire_dataset_2n_version/train/fire/52467006943_6f3427729f_o.jpg,4032,3024,JPEG,RGB,3024
train,fire,flickr,52468411501,52468411501_3df86e9835_o.jpg,/kaggle/input/datasets/elmadafri/the-wildfire-dataset/the_wildfire_dataset_2n_version/train/fire/52468411501_3df86e9835_o.jpg,2048,1536,JPEG,RGB,1536
train,fire,flickr,52527681727,52527681727_3b1f9e8cb6_o.jpg,/kaggle/input/datasets/elmadafri/the-wildfire-dataset/the_wildfire_dataset_2n_version/train/fire/52527681727_3b1f9e8cb6_o.jpg,2434,1671,JPEG,RGB,1671
train,fire,flickr,52528146446,52528146446_8df1330497_o.jpg,/kaggle/input/datasets/elmadafri/the-wildfire-dataset/the_wildfire_dataset_2n_version/train/fire/52528146446_8df1330497_o.jpg,4032,3024,JPEG,RGB,3024
train,fire,flickr,52528146551,52528146551_f40ec75730_o.jpg,/kaggle/input/datasets/elmadafri/the-wildfire-dataset/the_wildfire_dataset_2n_version/train/fire/52528146551_f40ec75730_o.jpg,2016,1512,JPEG,RGB,1512
train,fire,flickr,52528603574,52528603574_c4306b169a_o.jpg,/kaggle/input/datasets/elmadafri/the-wildfire-dataset/the_wildfire_dataset_2n_version/train/fire/52528603574_c4306b169a_o.jpg,1024,768,JPEG,RGB,768
train,fire,flickr,52530227011,52530227011_7a5d297889_o.jpg,/kaggle/input/datasets/elmadafri/the-wildfire-dataset/the_wildfire_dataset_2n_version/train/fire/52530227011_7a5d297889_o.jpg,4032,3024,JPEG,RGB,3024
train,fire,flickr,52530251251,52530251251_af8b68b64e_o.jpg,/kaggle/input/datasets/elmadafri/the-wildfire-dataset/the_wildfire_dataset_2n_version/train/fire/52530251251_af8b68b64e_o.jpg,3024,4032,JPEG,RGB,3024
train,fire,flickr,52530251376,52530251376_6fb7f0edc1_o.jpg,/kaggle/input/datasets/elmadafri/the-wildfire-dataset/the_wildfire_dataset_2n_version/train/fire/52530251376_6fb7f0edc1_o.jpg,960,1280,JPEG,RGB,960
train,fire,flickr,52530251491,52530251491_1f884e89f7_o.jpg,/kaggle/input/datasets/elmadafri/the-wildfire-dataset/the_wildfire_dataset_2n_version/train/fire/52530251491_1f884e89f7_o.jpg,3024,4032,JPEG,RGB,3024
train,fire,flickr,52530251581,52530251581_7c0a9e15f2_o.jpg,/kaggle/input/datasets/elmadafri/the-wildfire-dataset/the_wildfire_dataset_2n_version/train/fire/52530251581_7c0a9e15f2_o.jpg,1280,960,JPEG,RGB,960
train,fire,flickr,52530684530,52530684530_26c6809974_o.jpg,/kaggle/input/datasets/elmadafri/the-wildfire-dataset/the_wildfire_dataset_2n_version/train/fire/52530684530_26c6809974_o.jpg,3601,2400,JPEG,RGB,2400
train,fire,flickr,52530727100,52530727100_85c15724f7_o.jpg,/kaggle/input/datasets/elmadafri/the-wildfire-dataset/the_wildfire_dataset_2n_version/train/fire/52530727100_85c15724f7_o.jpg,4032,3024,JPEG,RGB,3024
train,fire,flickr,52530727340,52530727340_ed07f21da3_o.jpg,/kaggle/input/datasets/elmadafri/the-wildfire-dataset/the_wildfire_dataset_2n_version/train/fire/52530727340_ed07f21da3_o.jpg,3251,2438,JPEG,RGB,2438
train,fire,flickr,52530728420,52530728420_ff45da0e52_o.jpg,/kaggle/input/datasets/elmadafri/the-wildfire-dataset/the_wildfire_dataset_2n_version/train/fire/52530728420_ff45da0e52_o.jpg,4032,3024,MPO,RGB,3024
train,fire,flickr,52530796548,52530796548_e83fdef4b3_o.jpg,/kaggle/input/datasets/elmadafri/the-wildfire-dataset/the_wildfire_dataset_2n_version/train/fire/52530796548_e83fdef4b3_o.jpg,7200,2184,JPEG,RGB,2184
train,fire,flickr,52572898012,52572898012_b390d523b1_o.jpg,/kaggle/input/datasets/elmadafri/the-wildfire-dataset/the_wildfire_dataset_2n_version/train/fire/52572898012_b390d523b1_o.jpg,1280,960,JPEG,RGB,960
train,fire,flickr,52572947117,52572947117_ab9522cf34_o.jpg,/kaggle/input/datasets/elmadafri/the-wildfire-dataset/the_wildfire_dataset_2n_version/train/fire/52572947117_ab9522cf34_o.jpg,1280,960,JPEG,RGB,960
train,fire,flickr,52573687769,52573687769_7e5a3a15e6_o.jpg,/kaggle/input/datasets/elmadafri/the-wildfire-dataset/the_wildfire_dataset_2n_version/train/fire/52573687769_7e5a3a15e6_o.jpg,1080,810,JPEG,RGB,810
train,fire,flickr,52573687979,52573687979_e057e7f331_o.jpg,/kaggle/input/datasets/elmadafri/the-wildfire-dataset/the_wildfire_dataset_2n_version/train/fire/52573687979_e057e7f331_o.jpg,1280,1030,JPEG,RGB,1030
train,fire,flickr,52573724604,52573724604_2fd3a8ea42_o.jpg,/kaggle/input/datasets/elmadafri/the-wildfire-dataset/the_wildfire_dataset_2n_version/train/fire/52573724604_2fd3a8ea42_o.jpg,1280,960,JPEG,RGB,960
train,fire,flickr,52573945163,52573945163_b9b10b149a_o.jpg,/kaggle/input/datasets/elmadafri/the-wildfire-dataset/the_wildfire_dataset_2n_version/train/fire/52573945163_b9b10b149a_o.jpg,4032,3024,MPO,RGB,3024
train,fire,flickr,52635039726,52635039726_1ca5c67535_o.jpg,/kaggle/input/datasets/elmadafri/the-wildfire-dataset/the_wildfire_dataset_2n_version/train/fire/52635039726_1ca5c67535_o.jpg,5184,3456,JPEG,RGB,3456
train,fire,flickr,52635521463,52635521463_6135c0bc03_o.jpg,/kaggle/input/datasets/elmadafri/the-wildfire-dataset/the_wildfire_dataset_2n_version/train/fire/52635521463_6135c0bc03_o.jpg,5184,3456,JPEG,RGB,3456
train,fire,flickr,52797625157,52797625157_8123a34888_o.jpg,/kaggle/input/datasets/elmadafri/the-wildfire-dataset/the_wildfire_dataset_2n_version/train/fire/52797625157_8123a34888_o.jpg,1536,2048,JPEG,RGB,1536
train,fire,flickr,52797625907,52797625907_756bd8b176_o.jpg,/kaggle/input/datasets/elmadafri/the-wildfire-dataset/the_wildfire_dataset_2n_version/train/fire/52797625907_756bd8b176_o.jpg,2048,1536,JPEG,RGB,1536
train,fire,flickr,52798194816,52798194816_c955dea4bb_o.jpg,/kaggle/input/datasets/elmadafri/the-wildfire-dataset/the_wildfire_dataset_2n_version/train/fire/52798194816_c955dea4bb_o.jpg,1536,2048,JPEG,RGB,1536
train,fire,flickr,52798433734,52798433734_c71719f77f_o.jpg,/kaggle/input/datasets/elmadafri/the-wildfire-dataset/the_wildfire_dataset_2n_version/train/fire/52798433734_c71719f77f_o.jpg,2048,1536,JPEG,RGB,1536
train,fire,flickr,52798639193,52798639193_b4c94df0be_o.jpg,/kaggle/input/datasets/elmadafri/the-wildfire-dataset/the_wildfire_dataset_2n_version/train/fire/52798639193_b4c94df0be_o.jpg,1536,2048,JPEG,RGB,1536
train,fire,flickr,52883322347,52883322347_02f1d720f8_o.jpg,/kaggle/input/datasets/elmadafri/the-wildfire-dataset/the_wildfire_dataset_2n_version/train/fire/52883322347_02f1d720f8_o.jpg,2048,1140,JPEG,RGB,1140
train,fire,flickr,52884277035,52884277035_c7bc8ebede_o.jpg,/kaggle/input/datasets/elmadafri/the-wildfire-dataset/the_wildfire_dataset_2n_version/train/fire/52884277035_c7bc8ebede_o.jpg,2048,1365,JPEG,RGB,1365
train,fire,flickr,52925332026,52925332026_9e900a8f14_o.jpg,/kaggle/input/datasets/elmadafri/the-wildfire-dataset/the_wildfire_dataset_2n_version/train/fire/52925332026_9e900a8f14_o.jpg,4032,3024,MPO,RGB,3024
train,fire,flickr,52925719910,52925719910_cc0de9e099_o.jpg,/kaggle/input/datasets/elmadafri/the-wildfire-dataset/the_wildfire_dataset_2n_version/train/fire/52925719910_cc0de9e099_o.jpg,4032,3024,MPO,RGB,3024
train,fire,flickr,52925781633,52925781633_c00a95f181_o.jpg,/kaggle/input/datasets/elmadafri/the-wildfire-dataset/the_wildfire_dataset_2n_version/train/fire/52925781633_c00a95f181_o.jpg,4032,3024,MPO,RGB,3024
train,fire,flickr,52940453661,52940453661_fae39b2bb3_o.jpg,/kaggle/input/datasets/elmadafri/the-wildfire-dataset/the_wildfire_dataset_2n_version/train/fire/52940453661_fae39b2bb3_o.jpg,1080,1616,JPEG,RGB,1080
train,fire,flickr,52941093813,52941093813_0efff95a2f_o.jpg,/kaggle/input/datasets/elmadafri/the-wildfire-dataset/the_wildfire_dataset_2n_version/train/fire/52941093813_0efff95a2f_o.jpg,642,960,JPEG,RGB,642
train,fire,flickr,52946373664,52946373664_344bd3bd15_o.jpg,/kaggle/input/datasets/elmadafri/the-wildfire-dataset/the_wildfire_dataset_2n_version/train/fire/52946373664_344bd3bd15_o.jpg,1024,768,JPEG,RGB,768
train,fire,flickr,52946617295,52946617295_1cdf75dd62_o.jpg,/kaggle/input/datasets/elmadafri/the-wildfire-dataset/the_wildfire_dataset_2n_version/train/fire/52946617295_1cdf75dd62_o.jpg,768,1024,JPEG,RGB,768
train,fire,flickr,52952509547,52952509547_cc234e4e2f_o.jpg,/kaggle/input/datasets/elmadafri/the-wildfire-dataset/the_wildfire_dataset_2n_version/train/fire/52952509547_cc234e4e2f_o.jpg,2600,1950,JPEG,RGB,1950
train,fire,flickr,53079506416,53079506416_d1691921da_o.jpg,/kaggle/input/datasets/elmadafri/the-wildfire-dataset/the_wildfire_dataset_2n_version/train/fire/53079506416_d1691921da_o.jpg,2048,1536,JPEG,RGB,1536
train,fire,flickr,53079708914,53079708914_067444e197_o.jpg,/kaggle/input/datasets/elmadafri/the-wildfire-dataset/the_wildfire_dataset_2n_version/train/fire/53079708914_067444e197_o.jpg,1440,1920,JPEG,RGB,1440
train,fire,flickr,53080010438,53080010438_c3b6973476_o.jpg,/kaggle/input/datasets/elmadafri/the-wildfire-dataset/the_wildfire_dataset_2n_version/train/fire/53080010438_c3b6973476_o.jpg,4032,3024,MPO,RGB,3024
train,fire,flickr,7562428594,7562428594_157fbcbb4c_o.jpg,/kaggle/input/datasets/elmadafri/the-wildfire-dataset/the_wildfire_dataset_2n_version/train/fire/7562428594_157fbcbb4c_o.jpg,3000,1936,JPEG,RGB,1936
train,fire,flickr,7562430032,7562430032_1ac3067d62_o.jpg,/kaggle/input/datasets/elmadafri/the-wildfire-dataset/the_wildfire_dataset_2n_version/train/fire/7562430032_1ac3067d62_o.jpg,3000,1774,JPEG,RGB,1774
train,fire,flickr,7866653824,7866653824_b0569ba0a0_o.jpg,/kaggle/input/datasets/elmadafri/the-wildfire-dataset/the_wildfire_dataset_2n_version/train/fire/7866653824_b0569ba0a0_o.jpg,1536,2048,JPEG,RGB,1536
train,fire,flickr,8468567405,8468567405_d5e7b0bf86_o.jpg,/kaggle/input/datasets/elmadafri/the-wildfire-dataset/the_wildfire_dataset_2n_version/train/fire/8468567405_d5e7b0bf86_o.jpg,3320,2192,JPEG,RGB,2192
train,fire,flickr,8468567409,8468567409_4227539d23_o.jpg,/kaggle/input/datasets/elmadafri/the-wildfire-dataset/the_wildfire_dataset_2n_version/train/fire/8468567409_4227539d23_o.jpg,3404,2248,JPEG,RGB,2248
train,fire,flickr,8468567433,8468567433_7c80dc32e4_o.jpg,/kaggle/input/datasets/elmadafri/the-wildfire-dataset/the_wildfire_dataset_2n_version/train/fire/8468567433_7c80dc32e4_o.jpg,3380,2188,JPEG,RGB,2188
train,fire,flickr,8469662486,8469662486_333883dee1_o.jpg,/kaggle/input/datasets/elmadafri/the-wildfire-dataset/the_wildfire_dataset_2n_version/train/fire/8469662486_333883dee1_o.jpg,3456,2116,JPEG,RGB,2116
train,fire,flickr,8469662902,8469662902_cbea4ca7de_o.jpg,/kaggle/input/datasets/elmadafri/the-wildfire-dataset/the_wildfire_dataset_2n_version/train/fire/8469662902_cbea4ca7de_o.jpg,3088,2060,JPEG,RGB,2060
train,fire,flickr,9570750563,9570750563_5eed034f27_o.jpg,/kaggle/input/datasets/elmadafri/the-wildfire-dataset/the_wildfire_dataset_2n_version/train/fire/9570750563_5eed034f27_o.jpg,4128,2322,JPEG,RGB,2322
train,fire,flickr,9570754421,9570754421_0abd220137_o.jpg,/kaggle/input/datasets/elmadafri/the-wildfire-dataset/the_wildfire_dataset_2n_version/train/fire/9570754421_0abd220137_o.jpg,4128,2322,JPEG,RGB,2322
train,fire,flickr,9570755289,9570755289_879dc42ecb_o.jpg,/kaggle/input/datasets/elmadafri/the-wildfire-dataset/the_wildfire_dataset_2n_version/train/fire/9570755289_879dc42ecb_o.jpg,4128,2322,JPEG,RGB,2322
train,fire,flickr,9570758963,9570758963_0e23770a7a_o.jpg,/kaggle/input/datasets/elmadafri/the-wildfire-dataset/the_wildfire_dataset_2n_version/train/fire/9570758963_0e23770a7a_o.jpg,4128,2322,JPEG,RGB,2322
train,fire,flickr,9570767551,9570767551_c9ec5f7076_o.jpg,/kaggle/input/datasets/elmadafri/the-wildfire-dataset/the_wildfire_dataset_2n_version/train/fire/9570767551_c9ec5f7076_o.jpg,4128,2322,JPEG,RGB,2322
train,fire,flickr,9570771389,9570771389_92a0929ef1_o.jpg,/kaggle/input/datasets/elmadafri/the-wildfire-dataset/the_wildfire_dataset_2n_version/train/fire/9570771389_92a0929ef1_o.jpg,2322,4128,JPEG,RGB,2322
train,fire,flickr,9573547024,9573547024_db3666510c_o.jpg,/kaggle/input/datasets/elmadafri/the-wildfire-dataset/the_wildfire_dataset_2n_version/train/fire/9573547024_db3666510c_o.jpg,4128,2322,JPEG,RGB,2322
train,fire,flickr,9573551152,9573551152_f21299aed8_o.jpg,/kaggle/input/datasets/elmadafri/the-wildfire-dataset/the_wildfire_dataset_2n_version/train/fire/9573551152_f21299aed8_o.jpg,4128,2322,JPEG,RGB,2322
train,fire,flickr,9573552122,9573552122_3d4c47851f_o.jpg,/kaggle/input/datasets/elmadafri/the-wildfire-dataset/the_wildfire_dataset_2n_version/train/fire/9573552122_3d4c47851f_o.jpg,4128,2322,JPEG,RGB,2322
train,fire,flickr,9573554458,9573554458_47e3bbb2ec_o.jpg,/kaggle/input/datasets/elmadafri/the-wildfire-dataset/the_wildfire_dataset_2n_version/train/fire/9573554458_47e3bbb2ec_o.jpg,4128,2322,JPEG,RGB,2322
train,fire,flickr,9573555526,9573555526_ca9322b143_o.jpg,/kaggle/input/datasets/elmadafri/the-wildfire-dataset/the_wildfire_dataset_2n_version/train/fire/9573555526_ca9322b143_o.jpg,4128,2322,JPEG,RGB,2322
train,fire,flickr,9573557018,9573557018_b9cde6f9b4_o.jpg,/kaggle/input/datasets/elmadafri/the-wildfire-dataset/the_wildfire_dataset_2n_version/train/fire/9573557018_b9cde6f9b4_o.jpg,4128,2322,JPEG,RGB,2322
train,fire,flickr,9573562938,9573562938_bd50b7584a_o.jpg,/kaggle/input/datasets/elmadafri/the-wildfire-dataset/the_wildfire_dataset_2n_version/train/fire/9573562938_bd50b7584a_o.jpg,4128,2322,JPEG,RGB,2322
train,fire,flickr,9573563670,9573563670_d102c41a9c_o.jpg,/kaggle/input/datasets/elmadafri/the-wildfire-dataset/the_wildfire_dataset_2n_version/train/fire/9573563670_d102c41a9c_o.jpg,2322,4128,JPEG,RGB,2322
train,fire,flickr,9573564548,9573564548_e2795e2c89_o.jpg,/kaggle/input/datasets/elmadafri/the-wildfire-dataset/the_wildfire_dataset_2n_version/train/fire/9573564548_e2795e2c89_o.jpg,4128,2322,JPEG,RGB,2322
train,fire,flickr,9573567356,9573567356_ab949eeaa8_o.jpg,/kaggle/input/datasets/elmadafri/the-wildfire-dataset/the_wildfire_dataset_2n_version/train/fire/9573567356_ab949eeaa8_o.jpg,4128,2322,JPEG,RGB,2322
train,fire,flickr,9573568730,9573568730_b69479f3f6_o.jpg,/kaggle/input/datasets/elmadafri/the-wildfire-dataset/the_wildfire_dataset_2n_version/train/fire/9573568730_b69479f3f6_o.jpg,4128,2322,JPEG,RGB,2322
train,fire,flickr,9573569588,9573569588_c404fd4894_o.jpg,/kaggle/input/datasets/elmadafri/the-wildfire-dataset/the_wildfire_dataset_2n_version/train/fire/9573569588_c404fd4894_o.jpg,4128,2322,JPEG,RGB,2322
train,fire,flickr,9598060845,9598060845_af2261514e_o.jpg,/kaggle/input/datasets/elmadafri/the-wildfire-dataset/the_wildfire_dataset_2n_version/train/fire/9598060845_af2261514e_o.jpg,4128,2322,JPEG,RGB,2322
train,fire,flickr,9598076793,9598076793_f83b3e76bb_o.jpg,/kaggle/input/datasets/elmadafri/the-wildfire-dataset/the_wildfire_dataset_2n_version/train/fire/9598076793_f83b3e76bb_o.jpg,2322,4128,JPEG,RGB,2322
train,fire,flickr,9600848878,9600848878_2b94b23858_o.jpg,/kaggle/input/datasets/elmadafri/the-wildfire-dataset/the_wildfire_dataset_2n_version/train/fire/9600848878_2b94b23858_o.jpg,4128,2322,JPEG,RGB,2322
train,fire,flickr,9600871536,9600871536_b7627d5d44_o.jpg,/kaggle/input/datasets/elmadafri/the-wildfire-dataset/the_wildfire_dataset_2n_version/train/fire/9600871536_b7627d5d44_o.jpg,4128,2322,JPEG,RGB,2322
train,fire,flickr,9605227949,9605227949_2a91f8f64b_o.jpg,/kaggle/input/datasets/elmadafri/the-wildfire-dataset/the_wildfire_dataset_2n_version/train/fire/9605227949_2a91f8f64b_o.jpg,2896,1944,JPEG,RGB,1944
train,fire,flickr,9608452854,9608452854_9bd706e5a2_o.jpg,/kaggle/input/datasets/elmadafri/the-wildfire-dataset/the_wildfire_dataset_2n_version/train/fire/9608452854_9bd706e5a2_o.jpg,2896,1944,JPEG,RGB,1944
train,fire,unsplash,alex-widmer,alex-widmer-Kw-S5Jt2lHU-unsplash.jpg,/kaggle/input/datasets/elmadafri/the-wildfire-dataset/the_wildfire_dataset_2n_version/train/fire/alex-widmer-Kw-S5Jt2lHU-unsplash.jpg,5000,2394,JPEG,RGB,2394
train,fire,unsplash,caitlin-wynne,caitlin-wynne-4D953R0aRUo-unsplash.jpg,/kaggle/input/datasets/elmadafri/the-wildfire-dataset/the_wildfire_dataset_2n_version/train/fire/caitlin-wynne-4D953R0aRUo-unsplash.jpg,3456,5184,JPEG,RGB,3456
train,fire,unsplash,christian-buehner,christian-buehner-Rxk3qy7SJtg-unsplash.jpg,/kaggle/input/datasets/elmadafri/the-wildfire-dataset/the_wildfire_dataset_2n_version/train/fire/christian-buehner-Rxk3qy7SJtg-unsplash.jpg,7952,5304,JPEG,RGB,5304
train,fire,unsplash,christian-buehner,christian-buehner-U8bqDvBcZRE-unsplash.jpg,/kaggle/input/datasets/elmadafri/the-wildfire-dataset/the_wildfire_dataset_2n_version/train/fire/christian-buehner-U8bqDvBcZRE-unsplash.jpg,5304,7952,JPEG,RGB,5304
train,fire,unsplash,christian-buehner,christian-buehner-x_4_624S6Ow-unsplash.jpg,/kaggle/input/datasets/elmadafri/the-wildfire-dataset/the_wildfire_dataset_2n_version/train/fire/christian-buehner-x_4_624S6Ow-unsplash.jpg,4498,3000,JPEG,RGB,3000
train,fire,unsplash,dave-hoefler,dave-hoefler-IVOJMKUQgeg-unsplash.jpg,/kaggle/input/datasets/elmadafri/the-wildfire-dataset/the_wildfire_dataset_2n_version/train/fire/dave-hoefler-IVOJMKUQgeg-unsplash.jpg,4480,6272,JPEG,RGB,4480
train,fire,unsplash,frederick-bartels,frederick-bartels-cwWCXWKoUgU-unsplash.jpg,/kaggle/input/datasets/elmadafri/the-wildfire-dataset/the_wildfire_dataset_2n_version/train/fire/frederick-bartels-cwWCXWKoUgU-unsplash.jpg,5472,3648,JPEG,RGB,3648
train,fire,unsplash,guille-pozzi,guille-pozzi-_yqE9pwh-bs-unsplash.jpg,/kaggle/input/datasets/elmadafri/the-wildfire-dataset/the_wildfire_dataset_2n_version/train/fire/guille-pozzi-_yqE9pwh-bs-unsplash.jpg,1500,2250,JPEG,RGB,1500
train,fire,unsplash,kerry-rawlinson,kerry-rawlinson-SzWSiYzBQZE-unsplash.jpg,/kaggle/input/datasets/elmadafri/the-wildfire-dataset/the_wildfire_dataset_2n_version/train/fire/kerry-rawlinson-SzWSiYzBQZE-unsplash.jpg,4288,2848,JPEG,RGB,2848
train,fire,unsplash,kyle-glenn,kyle-glenn-SrASYZZpyjw-unsplash.jpg,/kaggle/input/datasets/elmadafri/the-wildfire-dataset/the_wildfire_dataset_2n_version/train/fire/kyle-glenn-SrASYZZpyjw-unsplash.jpg,4735,3157,JPEG,RGB,3157
train,fire,unsplash,landon-parenteau,landon-parenteau-E2JSLOhVQ_U-unsplash.jpg,/kaggle/input/datasets/elmadafri/the-wildfire-dataset/the_wildfire_dataset_2n_version/train/fire/landon-parenteau-E2JSLOhVQ_U-unsplash.jpg,4160,3120,JPEG,RGB,3120
train,fire,unsplash,luke-flynt,luke-flynt-9jErXqFwAYs-unsplash.jpg,/kaggle/input/datasets/elmadafri/the-wildfire-dataset/the_wildfire_dataset_2n_version/train/fire/luke-flynt-9jErXqFwAYs-unsplash.jpg,4375,2917,JPEG,RGB,2917
train,fire,unsplash,malachi-brooks,malachi-brooks--uXv14QydSM-unsplash.jpg,/kaggle/input/datasets/elmadafri/the-wildfire-dataset/the_wildfire_dataset_2n_version/train/fire/malachi-brooks--uXv14QydSM-unsplash.jpg,2892,4335,JPEG,RGB,2892
train,fire,unsplash,malachi-brooks,malachi-brooks-1h98xDAIRwA-unsplash.jpg,/kaggle/input/datasets/elmadafri/the-wildfire-dataset/the_wildfire_dataset_2n_version/train/fire/malachi-brooks-1h98xDAIRwA-unsplash.jpg,3064,4592,JPEG,RGB,3064
train,fire,unsplash,malachi-brooks,malachi-brooks-2_KDuz00yUQ-unsplash.jpg,/kaggle/input/datasets/elmadafri/the-wildfire-dataset/the_wildfire_dataset_2n_version/train/fire/malachi-brooks-2_KDuz00yUQ-unsplash.jpg,4592,3064,JPEG,RGB,3064
train,fire,unsplash,malachi-brooks,malachi-brooks-6axIayVqRs8-unsplash.jpg,/kaggle/input/datasets/elmadafri/the-wildfire-dataset/the_wildfire_dataset_2n_version/train/fire/malachi-brooks-6axIayVqRs8-unsplash.jpg,4592,3064,JPEG,RGB,3064
train,fire,unsplash,malachi-brooks,malachi-brooks-A4KBMjkxV3k-unsplash.jpg,/kaggle/input/datasets/elmadafri/the-wildfire-dataset/the_wildfire_dataset_2n_version/train/fire/malachi-brooks-A4KBMjkxV3k-unsplash.jpg,4592,3064,JPEG,RGB,3064
train,fire,unsplash,malachi-brooks,malachi-brooks-DCEt3WFPres-unsplash.jpg,/kaggle/input/datasets/elmadafri/the-wildfire-dataset/the_wildfire_dataset_2n_version/train/fire/malachi-brooks-DCEt3WFPres-unsplash.jpg,4592,3064,JPEG,RGB,3064
train,fire,unsplash,malachi-brooks,malachi-brooks-EvJhJ75NwAc-unsplash.jpg,/kaggle/input/datasets/elmadafri/the-wildfire-dataset/the_wildfire_dataset_2n_version/train/fire/malachi-brooks-EvJhJ75NwAc-unsplash.jpg,4592,3064,JPEG,RGB,3064
train,fire,unsplash,malachi-brooks,malachi-brooks-LTeuOVKtr5Q-unsplash.jpg,/kaggle/input/datasets/elmadafri/the-wildfire-dataset/the_wildfire_dataset_2n_version/train/fire/malachi-brooks-LTeuOVKtr5Q-unsplash.jpg,4592,3064,JPEG,RGB,3064
train,fire,unsplash,malachi-brooks,malachi-brooks-YxyYrYXmnbs-unsplash.jpg,/kaggle/input/datasets/elmadafri/the-wildfire-dataset/the_wildfire_dataset_2n_version/train/fire/malachi-brooks-YxyYrYXmnbs-unsplash.jpg,4592,3064,JPEG,RGB,3064
train,fire,unsplash,malachi-brooks,malachi-brooks-co0q1GKx6xw-unsplash.jpg,/kaggle/input/datasets/elmadafri/the-wildfire-dataset/the_wildfire_dataset_2n_version/train/fire/malachi-brooks-co0q1GKx6xw-unsplash.jpg,4592,3064,JPEG,RGB,3064
train,fire,unsplash,malachi-brooks,malachi-brooks-h7U5-PGa_70-unsplash.jpg,/kaggle/input/datasets/elmadafri/the-wildfire-dataset/the_wildfire_dataset_2n_version/train/fire/malachi-brooks-h7U5-PGa_70-unsplash.jpg,3064,4592,JPEG,RGB,3064
train,fire,unsplash,malachi-brooks,malachi-brooks-jqv8MC2amsw-unsplash.jpg,/kaggle/input/datasets/elmadafri/the-wildfire-dataset/the_wildfire_dataset_2n_version/train/fire/malachi-brooks-jqv8MC2amsw-unsplash.jpg,4592,3064,JPEG,RGB,3064
train,fire,unsplash,malachi-brooks,malachi-brooks-utCa3lcWQxg-unsplash.jpg,/kaggle/input/datasets/elmadafri/the-wildfire-dataset/the_wildfire_dataset_2n_version/train/fire/malachi-brooks-utCa3lcWQxg-unsplash.jpg,4592,3064,JPEG,RGB,3064
train,fire,unsplash,marc-obiols,marc-obiols-Sdpo0jaMfQI-unsplash.jpg,/kaggle/input/datasets/elmadafri/the-wildfire-dataset/the_wildfire_dataset_2n_version/train/fire/marc-obiols-Sdpo0jaMfQI-unsplash.jpg,7952,5304,JPEG,RGB,5304
train,fire,unsplash,marc-szeglat,marc-szeglat-BsAzhHIIwxg-unsplash.jpg,/kaggle/input/datasets/elmadafri/the-wildfire-dataset/the_wildfire_dataset_2n_version/train/fire/marc-szeglat-BsAzhHIIwxg-unsplash.jpg,4608,3456,JPEG,RGB,3456
train,fire,unsplash,marc-szeglat,marc-szeglat-I1MGVZ42wnU-unsplash.jpg,/kaggle/input/datasets/elmadafri/the-wildfire-dataset/the_wildfire_dataset_2n_version/train/fire/marc-szeglat-I1MGVZ42wnU-unsplash.jpg,4608,3456,JPEG,RGB,3456
train,fire,unsplash,matt-howard,matt-howard-eAKDzK4lo4o-unsplash.jpg,/kaggle/input/datasets/elmadafri/the-wildfire-dataset/the_wildfire_dataset_2n_version/train/fire/matt-howard-eAKDzK4lo4o-unsplash.jpg,6000,3376,JPEG,RGB,3376
train,fire,unsplash,matt-palmer,matt-palmer-AuEVJLpb96k-unsplash.jpg,/kaggle/input/datasets/elmadafri/the-wildfire-dataset/the_wildfire_dataset_2n_version/train/fire/matt-palmer-AuEVJLpb96k-unsplash.jpg,7952,5304,JPEG,RGB,5304
train,fire,unsplash,matt-palmer,matt-palmer-BmDR21JiXhc-unsplash.jpg,/kaggle/input/datasets/elmadafri/the-wildfire-dataset/the_wildfire_dataset_2n_version/train/fire/matt-palmer-BmDR21JiXhc-unsplash.jpg,7905,5273,JPEG,RGB,5273
train,fire,unsplash,matt-palmer,matt-palmer-Ihsi88KpQkE-unsplash.jpg,/kaggle/input/datasets/elmadafri/the-wildfire-dataset/the_wildfire_dataset_2n_version/train/fire/matt-palmer-Ihsi88KpQkE-unsplash.jpg,7952,5304,JPEG,RGB,5304
train,fire,unsplash,michael-chacon,michael-chacon-Pnkk0wRr018-unsplash.jpg,/kaggle/input/datasets/elmadafri/the-wildfire-dataset/the_wildfire_dataset_2n_version/train/fire/michael-chacon-Pnkk0wRr018-unsplash.jpg,2848,4288,JPEG,RGB,2848
train,fire,unsplash,michael-held,michael-held-Of-NXuECJbE-unsplash.jpg,/kaggle/input/datasets/elmadafri/the-wildfire-dataset/the_wildfire_dataset_2n_version/train/fire/michael-held-Of-NXuECJbE-unsplash.jpg,4581,2607,JPEG,RGB,2607
train,fire,unsplash,mike-newbry,mike-newbry-DwtX9mMHBJ0-unsplash.jpg,/kaggle/input/datasets/elmadafri/the-wildfire-dataset/the_wildfire_dataset_2n_version/train/fire/mike-newbry-DwtX9mMHBJ0-unsplash.jpg,6000,4000,JPEG,RGB,4000
train,fire,unsplash,ross-stone,ross-stone-KWYTn9_QKRE-unsplash.jpg,/kaggle/input/datasets/elmadafri/the-wildfire-dataset/the_wildfire_dataset_2n_version/train/fire/ross-stone-KWYTn9_QKRE-unsplash.jpg,6000,4000,JPEG,RGB,4000
train,fire,unsplash,ruedi-haberli,ruedi-haberli-ZoMRgiwTejc-unsplash.jpg,/kaggle/input/datasets/elmadafri/the-wildfire-dataset/the_wildfire_dataset_2n_version/train/fire/ruedi-haberli-ZoMRgiwTejc-unsplash.jpg,5307,2985,JPEG,RGB,2985
train,fire,unsplash,sippakorn-yamkasikorn,sippakorn-yamkasikorn-nVYEechGqqM-unsplash.jpg,/kaggle/input/datasets/elmadafri/the-wildfire-dataset/the_wildfire_dataset_2n_version/train/fire/sippakorn-yamkasikorn-nVYEechGqqM-unsplash.jpg,6720,4480,JPEG,RGB,4480
train,fire,unsplash,tim-mossholder,tim-mossholder-MFgEgKrhIN8-unsplash.jpg,/kaggle/input/datasets/elmadafri/the-wildfire-dataset/the_wildfire_dataset_2n_version/train/fire/tim-mossholder-MFgEgKrhIN8-unsplash.jpg,5504,8256,JPEG,RGB,5504
train,fire,unsplash,tim-mossholder,tim-mossholder-qmk3g1MpqiA-unsplash.jpg,/kaggle/input/datasets/elmadafri/the-wildfire-dataset/the_wildfire_dataset_2n_version/train/fire/tim-mossholder-qmk3g1MpqiA-unsplash.jpg,8256,5504,JPEG,RGB,5504
train,fire,unsplash,toby-elliott,toby-elliott-UU74ubymJz8-unsplash.jpg,/kaggle/input/datasets/elmadafri/the-wildfire-dataset/the_wildfire_dataset_2n_version/train/fire/toby-elliott-UU74ubymJz8-unsplash.jpg,6720,4480,JPEG,RGB,4480
train,fire,unsplash,walther-nunez,walther-nunez-WSoPzcX_K3k-unsplash.jpg,/kaggle/input/datasets/elmadafri/the-wildfire-dataset/the_wildfire_dataset_2n_version/train/fire/walther-nunez-WSoPzcX_K3k-unsplash.jpg,6000,4000,JPEG,RGB,4000
train,fire,unsplash,wolf-schram,wolf-schram-l0hLF3mtkX8-unsplash.jpg,/kaggle/input/datasets/elmadafri/the-wildfire-dataset/the_wildfire_dataset_2n_version/train/fire/wolf-schram-l0hLF3mtkX8-unsplash.jpg,8688,5792,JPEG,RGB,5792
train,nofire,flickr,20502420833,20502420833_84d68911a7_o.jpg,/kaggle/input/datasets/elmadafri/the-wildfire-dataset/the_wildfire_dataset_2n_version/train/nofire/20502420833_84d68911a7_o.jpg,1728,2304,JPEG,RGB,1728
train,nofire,flickr,21097296846,21097296846_bf7cb1c942_o.jpg,/kaggle/input/datasets/elmadafri/the-wildfire-dataset/the_wildfire_dataset_2n_version/train/nofire/21097296846_bf7cb1c942_o.jpg,1728,2304,JPEG,RGB,1728
train,nofire,flickr,23300790324,23300790324_7820f527a3_o.jpg,/kaggle/input/datasets/elmadafri/the-wildfire-dataset/the_wildfire_dataset_2n_version/train/nofire/23300790324_7820f527a3_o.jpg,1600,1067,JPEG,RGB,1067
train,nofire,flickr,23563965829,23563965829_fa45dbe338_o.jpg,/kaggle/input/datasets/elmadafri/the-wildfire-dataset/the_wildfire_dataset_2n_version/train/nofire/23563965829_fa45dbe338_o.jpg,4368,2912,JPEG,RGB,2912
train,nofire,flickr,23600945150,23600945150_c54c946fc5_o.jpg,/kaggle/input/datasets/elmadafri/the-wildfire-dataset/the_wildfire_dataset_2n_version/train/nofire/23600945150_c54c946fc5_o.jpg,1600,1060,JPEG,RGB,1060
train,nofire,flickr,23628779058,23628779058_66302e4afc_o.jpg,/kaggle/input/datasets/elmadafri/the-wildfire-dataset/the_wildfire_dataset_2n_version/train/nofire/23628779058_66302e4afc_o.jpg,6694,4463,JPEG,RGB,4463
train,nofire,flickr,23849051021,23849051021_256b51ba06_o.jpg,/kaggle/input/datasets/elmadafri/the-wildfire-dataset/the_wildfire_dataset_2n_version/train/nofire/23849051021_256b51ba06_o.jpg,1260,945,JPEG,RGB,945
train,nofire,flickr,23851865091,23851865091_29e7484aa0_o.jpg,/kaggle/input/datasets/elmadafri/the-wildfire-dataset/the_wildfire_dataset_2n_version/train/nofire/23851865091_29e7484aa0_o.jpg,4156,2715,JPEG,RGB,2715
train,nofire,flickr,23862743953,23862743953_9107eb402a_o.png,/kaggle/input/datasets/elmadafri/the-wildfire-dataset/the_wildfire_dataset_2n_version/train/nofire/23862743953_9107eb402a_o.png,5184,2912,PNG,RGBA,2912
train,nofire,flickr,23904765996,23904765996_2b8611bf08_o.jpg,/kaggle/input/datasets/elmadafri/the-wildfire-dataset/the_wildfire_dataset_2n_version/train/nofire/23904765996_2b8611bf08_o.jpg,1200,818,JPEG,RGB,818
train,nofire,flickr,23905687626,23905687626_75ac1e721d_o.jpg,/kaggle/input/datasets/elmadafri/the-wildfire-dataset/the_wildfire_dataset_2n_version/train/nofire/23905687626_75ac1e721d_o.jpg,4368,2912,JPEG,RGB,2912
train,nofire,flickr,23931777065,23931777065_23aede20f6_o.jpg,/kaggle/input/datasets/elmadafri/the-wildfire-dataset/the_wildfire_dataset_2n_version/train/nofire/23931777065_23aede20f6_o.jpg,4368,2912,JPEG,RGB,2912
train,nofire,flickr,24830436620,24830436620_19aba09e25_o.jpg,/kaggle/input/datasets/elmadafri/the-wildfire-dataset/the_wildfire_dataset_2n_version/train/nofire/24830436620_19aba09e25_o.jpg,4928,3264,JPEG,RGB,3264
train,nofire,flickr,24830440510,24830440510_98c034d1de_o.jpg,/kaggle/input/datasets/elmadafri/the-wildfire-dataset/the_wildfire_dataset_2n_version/train/nofire/24830440510_98c034d1de_o.jpg,4928,3264,JPEG,RGB,3264
train,nofire,flickr,24853174094,24853174094_dc2ff0da37_o.jpg,/kaggle/input/datasets/elmadafri/the-wildfire-dataset/the_wildfire_dataset_2n_version/train/nofire/24853174094_dc2ff0da37_o.jpg,4032,2576,JPEG,RGB,2576
train,nofire,flickr,25365254072,25365254072_ecf33f66a6_o.jpg,/kaggle/input/datasets/elmadafri/the-wildfire-dataset/the_wildfire_dataset_2n_version/train/nofire/25365254072_ecf33f66a6_o.jpg,1920,1279,JPEG,RGB,1279
train,nofire,flickr,25457570586,25457570586_e0d3c21cee_o.jpg,/kaggle/input/datasets/elmadafri/the-wildfire-dataset/the_wildfire_dataset_2n_version/train/nofire/25457570586_e0d3c21cee_o.jpg,4368,2912,JPEG,RGB,2912
train,nofire,flickr,25697069051,25697069051_7fb4a8f644_o.jpg,/kaggle/input/datasets/elmadafri/the-wildfire-dataset/the_wildfire_dataset_2n_version/train/nofire/25697069051_7fb4a8f644_o.jpg,960,720,JPEG,RGB,720
train,nofire,flickr,26293561509,26293561509_de716684b6_o.jpg,/kaggle/input/datasets/elmadafri/the-wildfire-dataset/the_wildfire_dataset_2n_version/train/nofire/26293561509_de716684b6_o.jpg,4912,3264,JPEG,RGB,3264
train,nofire,flickr,28431970747,28431970747_e0a5009b8c_o.jpg,/kaggle/input/datasets/elmadafri/the-wildfire-dataset/the_wildfire_dataset_2n_version/train/nofire/28431970747_e0a5009b8c_o.jpg,5472,3648,JPEG,RGB,3648
train,nofire,flickr,30788815558,30788815558_09e2a35e2a_o.jpg,/kaggle/input/datasets/elmadafri/the-wildfire-dataset/the_wildfire_dataset_2n_version/train/nofire/30788815558_09e2a35e2a_o.jpg,3264,2448,JPEG,RGB,2448
train,nofire,flickr,30788828648,30788828648_cd9f8f044f_o.jpg,/kaggle/input/datasets/elmadafri/the-wildfire-dataset/the_wildfire_dataset_2n_version/train/nofire/30788828648_cd9f8f044f_o.jpg,4128,3096,JPEG,RGB,3096
train,nofire,flickr,31459097393,31459097393_3550b84f6a_o.jpg,/kaggle/input/datasets/elmadafri/the-wildfire-dataset/the_wildfire_dataset_2n_version/train/nofire/31459097393_3550b84f6a_o.jpg,4800,3200,JPEG,RGB,3200
train,nofire,flickr,31521921702,31521921702_46b5ab4d1f_o.jpg,/kaggle/input/datasets/elmadafri/the-wildfire-dataset/the_wildfire_dataset_2n_version/train/nofire/31521921702_46b5ab4d1f_o.jpg,11182,3594,JPEG,RGB,3594
train,nofire,flickr,34663755142,34663755142_cc51151b0a_o.jpg,/kaggle/input/datasets/elmadafri/the-wildfire-dataset/the_wildfire_dataset_2n_version/train/nofire/34663755142_cc51151b0a_o.jpg,6119,4084,JPEG,RGB,4084
train,nofire,flickr,35532008443,35532008443_281665b893_o.jpg,/kaggle/input/datasets/elmadafri/the-wildfire-dataset/the_wildfire_dataset_2n_version/train/nofire/35532008443_281665b893_o.jpg,5356,3588,JPEG,RGB,3588
train,nofire,flickr,35581717623,35581717623_efaaaf5821_o.jpg,/kaggle/input/datasets/elmadafri/the-wildfire-dataset/the_wildfire_dataset_2n_version/train/nofire/35581717623_efaaaf5821_o.jpg,14668,6010,JPEG,RGB,6010
train,nofire,flickr,35681707033,35681707033_7081ce71a3_o.jpg,/kaggle/input/datasets/elmadafri/the-wildfire-dataset/the_wildfire_dataset_2n_version/train/nofire/35681707033_7081ce71a3_o.jpg,5328,3568,JPEG,RGB,3568
train,nofire,flickr,35940048970,35940048970_d3324ee10f_o.jpg,/kaggle/input/datasets/elmadafri/the-wildfire-dataset/the_wildfire_dataset_2n_version/train/nofire/35940048970_d3324ee10f_o.jpg,5356,3588,JPEG,RGB,3588
train,nofire,flickr,35944033580,35944033580_07096038ac_o.jpg,/kaggle/input/datasets/elmadafri/the-wildfire-dataset/the_wildfire_dataset_2n_version/train/nofire/35944033580_07096038ac_o.jpg,5340,3584,JPEG,RGB,3584
train,nofire,flickr,36197459800,36197459800_ae511de52e_o.jpg,/kaggle/input/datasets/elmadafri/the-wildfire-dataset/the_wildfire_dataset_2n_version/train/nofire/36197459800_ae511de52e_o.jpg,5356,3604,JPEG,RGB,3604
train,nofire,flickr,36197462400,36197462400_4321d7cd3b_o.jpg,/kaggle/input/datasets/elmadafri/the-wildfire-dataset/the_wildfire_dataset_2n_version/train/nofire/36197462400_4321d7cd3b_o.jpg,5356,3608,JPEG,RGB,3608
train,nofire,flickr,36204219741,36204219741_53d73eec90_o.jpg,/kaggle/input/datasets/elmadafri/the-wildfire-dataset/the_wildfire_dataset_2n_version/train/nofire/36204219741_53d73eec90_o.jpg,5340,3584,JPEG,RGB,3584
train,nofire,flickr,36219759102,36219759102_5e4ae5df78_o.jpg,/kaggle/input/datasets/elmadafri/the-wildfire-dataset/the_wildfire_dataset_2n_version/train/nofire/36219759102_5e4ae5df78_o.jpg,11755,5973,JPEG,RGB,5973
train,nofire,flickr,36250901971,36250901971_0715719856_o.jpg,/kaggle/input/datasets/elmadafri/the-wildfire-dataset/the_wildfire_dataset_2n_version/train/nofire/36250901971_0715719856_o.jpg,17527,5973,JPEG,RGB,5973
train,nofire,flickr,36321779762,36321779762_6105a6d200_o.jpg,/kaggle/input/datasets/elmadafri/the-wildfire-dataset/the_wildfire_dataset_2n_version/train/nofire/36321779762_6105a6d200_o.jpg,5352,3580,JPEG,RGB,3580
train,nofire,flickr,36321782572,36321782572_3aa9b4fc64_o.jpg,/kaggle/input/datasets/elmadafri/the-wildfire-dataset/the_wildfire_dataset_2n_version/train/nofire/36321782572_3aa9b4fc64_o.jpg,5352,3584,JPEG,RGB,3584
train,nofire,flickr,36335039364,36335039364_4c327b9de1_o.jpg,/kaggle/input/datasets/elmadafri/the-wildfire-dataset/the_wildfire_dataset_2n_version/train/nofire/36335039364_4c327b9de1_o.jpg,5356,3596,JPEG,RGB,3596
train,nofire,flickr,36344952546,36344952546_74bd45bd22_o.jpg,/kaggle/input/datasets/elmadafri/the-wildfire-dataset/the_wildfire_dataset_2n_version/train/nofire/36344952546_74bd45bd22_o.jpg,11224,7996,JPEG,RGB,7996
train,nofire,flickr,36387480005,36387480005_f2815a07e0_o.jpg,/kaggle/input/datasets/elmadafri/the-wildfire-dataset/the_wildfire_dataset_2n_version/train/nofire/36387480005_f2815a07e0_o.jpg,14535,5793,JPEG,RGB,5793
train,nofire,flickr,36462073620,36462073620_6c9e35067f_o.jpg,/kaggle/input/datasets/elmadafri/the-wildfire-dataset/the_wildfire_dataset_2n_version/train/nofire/36462073620_6c9e35067f_o.jpg,9592,4870,JPEG,RGB,4870
train,nofire,flickr,36462080360,36462080360_d6c688918d_o.jpg,/kaggle/input/datasets/elmadafri/the-wildfire-dataset/the_wildfire_dataset_2n_version/train/nofire/36462080360_d6c688918d_o.jpg,7360,4912,JPEG,RGB,4912
train,nofire,flickr,36477187471,36477187471_ca288d0bc7_o.jpg,/kaggle/input/datasets/elmadafri/the-wildfire-dataset/the_wildfire_dataset_2n_version/train/nofire/36477187471_ca288d0bc7_o.jpg,5360,3580,JPEG,RGB,3580
train,nofire,flickr,36683571563,36683571563_2be2a8d7c0_o.jpg,/kaggle/input/datasets/elmadafri/the-wildfire-dataset/the_wildfire_dataset_2n_version/train/nofire/36683571563_2be2a8d7c0_o.jpg,16833,3689,JPEG,RGB,3689
train,nofire,flickr,36695119610,36695119610_29f33a1b37_o.jpg,/kaggle/input/datasets/elmadafri/the-wildfire-dataset/the_wildfire_dataset_2n_version/train/nofire/36695119610_29f33a1b37_o.jpg,5360,3568,JPEG,RGB,3568
train,nofire,flickr,36696223700,36696223700_e330e834d3_o.jpg,/kaggle/input/datasets/elmadafri/the-wildfire-dataset/the_wildfire_dataset_2n_version/train/nofire/36696223700_e330e834d3_o.jpg,5352,3576,JPEG,RGB,3576
train,nofire,flickr,36858511475,36858511475_9a6e0ed2a4_o.jpg,/kaggle/input/datasets/elmadafri/the-wildfire-dataset/the_wildfire_dataset_2n_version/train/nofire/36858511475_9a6e0ed2a4_o.jpg,8519,6128,JPEG,RGB,6128
train,nofire,flickr,36858519095,36858519095_8cd62cd98b_o.jpg,/kaggle/input/datasets/elmadafri/the-wildfire-dataset/the_wildfire_dataset_2n_version/train/nofire/36858519095_8cd62cd98b_o.jpg,7360,4912,JPEG,RGB,4912
train,nofire,flickr,37004300956,37004300956_86138eef61_o.jpg,/kaggle/input/datasets/elmadafri/the-wildfire-dataset/the_wildfire_dataset_2n_version/train/nofire/37004300956_86138eef61_o.jpg,5300,3580,JPEG,RGB,3580
train,nofire,flickr,37091439535,37091439535_66535df492_o.jpg,/kaggle/input/datasets/elmadafri/the-wildfire-dataset/the_wildfire_dataset_2n_version/train/nofire/37091439535_66535df492_o.jpg,5376,3628,JPEG,RGB,3628
train,nofire,flickr,37359929654,37359929654_66ba79a4ea_o.jpg,/kaggle/input/datasets/elmadafri/the-wildfire-dataset/the_wildfire_dataset_2n_version/train/nofire/37359929654_66ba79a4ea_o.jpg,5472,3648,JPEG,RGB,3648
train,nofire,flickr,37407554780,37407554780_e47b9ce511_o.jpg,/kaggle/input/datasets/elmadafri/the-wildfire-dataset/the_wildfire_dataset_2n_version/train/nofire/37407554780_e47b9ce511_o.jpg,4840,2915,JPEG,RGB,2915
train,nofire,flickr,38195177695,38195177695_b972f4d7aa_o.jpg,/kaggle/input/datasets/elmadafri/the-wildfire-dataset/the_wildfire_dataset_2n_version/train/nofire/38195177695_b972f4d7aa_o.jpg,2250,1500,JPEG,RGB,1500
train,nofire,flickr,38366811414,38366811414_25cefcff6b_o.jpg,/kaggle/input/datasets/elmadafri/the-wildfire-dataset/the_wildfire_dataset_2n_version/train/nofire/38366811414_25cefcff6b_o.jpg,2250,1500,JPEG,RGB,1500
train,nofire,flickr,39697533922,39697533922_11958c9c28_o.jpg,/kaggle/input/datasets/elmadafri/the-wildfire-dataset/the_wildfire_dataset_2n_version/train/nofire/39697533922_11958c9c28_o.jpg,1024,680,JPEG,RGB,680
train,nofire,flickr,39697540392,39697540392_98e832c575_o.jpg,/kaggle/input/datasets/elmadafri/the-wildfire-dataset/the_wildfire_dataset_2n_version/train/nofire/39697540392_98e832c575_o.jpg,5312,2988,JPEG,RGB,2988
train,nofire,flickr,39728469761,39728469761_bd796722d0_o.jpg,/kaggle/input/datasets/elmadafri/the-wildfire-dataset/the_wildfire_dataset_2n_version/train/nofire/39728469761_bd796722d0_o.jpg,4032,2268,JPEG,RGB,2268
train,nofire,flickr,39728610281,39728610281_68e77869f2_o.jpg,/kaggle/input/datasets/elmadafri/the-wildfire-dataset/the_wildfire_dataset_2n_version/train/nofire/39728610281_68e77869f2_o.jpg,4032,3024,JPEG,RGB,3024
train,nofire,flickr,39728617081,39728617081_aaf4a6308f_o.jpg,/kaggle/input/datasets/elmadafri/the-wildfire-dataset/the_wildfire_dataset_2n_version/train/nofire/39728617081_aaf4a6308f_o.jpg,4032,2268,JPEG,RGB,2268
train,nofire,flickr,40391460514,40391460514_d774fb1cf2_o.jpg,/kaggle/input/datasets/elmadafri/the-wildfire-dataset/the_wildfire_dataset_2n_version/train/nofire/40391460514_d774fb1cf2_o.jpg,4272,2848,JPEG,RGB,2848
train,nofire,flickr,41769376962,41769376962_1eab948008_o.jpg,/kaggle/input/datasets/elmadafri/the-wildfire-dataset/the_wildfire_dataset_2n_version/train/nofire/41769376962_1eab948008_o.jpg,6000,4000,JPEG,RGB,4000
train,nofire,flickr,42396555205,42396555205_6e91e7a730_o.jpg,/kaggle/input/datasets/elmadafri/the-wildfire-dataset/the_wildfire_dataset_2n_version/train/nofire/42396555205_6e91e7a730_o.jpg,5184,3456,JPEG,RGB,3456
train,nofire,flickr,43048398825,43048398825_ae99361954_o.jpg,/kaggle/input/datasets/elmadafri/the-wildfire-dataset/the_wildfire_dataset_2n_version/train/nofire/43048398825_ae99361954_o.jpg,6107,4071,JPEG,RGB,4071
train,nofire,flickr,44045546545,44045546545_937513d5b0_o.jpg,/kaggle/input/datasets/elmadafri/the-wildfire-dataset/the_wildfire_dataset_2n_version/train/nofire/44045546545_937513d5b0_o.jpg,3000,1519,JPEG,RGB,1519
train,nofire,flickr,44045557085,44045557085_04d89f806c_o.jpg,/kaggle/input/datasets/elmadafri/the-wildfire-dataset/the_wildfire_dataset_2n_version/train/nofire/44045557085_04d89f806c_o.jpg,3000,2000,JPEG,RGB,2000
train,nofire,flickr,44875248795,44875248795_c0de494a71_o.jpg,/kaggle/input/datasets/elmadafri/the-wildfire-dataset/the_wildfire_dataset_2n_version/train/nofire/44875248795_c0de494a71_o.jpg,1470,2048,JPEG,RGB,1470
train,nofire,flickr,45397211654,45397211654_9f9266cbed_o.jpg,/kaggle/input/datasets/elmadafri/the-wildfire-dataset/the_wildfire_dataset_2n_version/train/nofire/45397211654_9f9266cbed_o.jpg,2016,1512,JPEG,RGB,1512
train,nofire,flickr,48690257011,48690257011_b342e3b2ee_o.jpg,/kaggle/input/datasets/elmadafri/the-wildfire-dataset/the_wildfire_dataset_2n_version/train/nofire/48690257011_b342e3b2ee_o.jpg,3000,2250,JPEG,RGB,2250
train,nofire,flickr,48690433902,48690433902_030061d86c_o.jpg,/kaggle/input/datasets/elmadafri/the-wildfire-dataset/the_wildfire_dataset_2n_version/train/nofire/48690433902_030061d86c_o.jpg,3000,2250,JPEG,RGB,2250
train,nofire,flickr,48690434602,48690434602_f6f7dae1c4_o.jpg,/kaggle/input/datasets/elmadafri/the-wildfire-dataset/the_wildfire_dataset_2n_version/train/nofire/48690434602_f6f7dae1c4_o.jpg,3000,1688,JPEG,RGB,1688
train,nofire,flickr,49200015953,49200015953_c476838cd6_o.jpg,/kaggle/input/datasets/elmadafri/the-wildfire-dataset/the_wildfire_dataset_2n_version/train/nofire/49200015953_c476838cd6_o.jpg,3456,2304,JPEG,RGB,2304
train,nofire,flickr,49200507536,49200507536_ceea2dfe07_o.jpg,/kaggle/input/datasets/elmadafri/the-wildfire-dataset/the_wildfire_dataset_2n_version/train/nofire/49200507536_ceea2dfe07_o.jpg,3456,2304,JPEG,RGB,2304
train,nofire,flickr,49200711022,49200711022_a6d385902c_o.jpg,/kaggle/input/datasets/elmadafri/the-wildfire-dataset/the_wildfire_dataset_2n_version/train/nofire/49200711022_a6d385902c_o.jpg,3456,2304,JPEG,RGB,2304
train,nofire,flickr,49453079102,49453079102_a545a50ff6_o.jpg,/kaggle/input/datasets/elmadafri/the-wildfire-dataset/the_wildfire_dataset_2n_version/train/nofire/49453079102_a545a50ff6_o.jpg,615,410,JPEG,RGB,410
train,nofire,flickr,49627515293,49627515293_0a37043762_o.jpg,/kaggle/input/datasets/elmadafri/the-wildfire-dataset/the_wildfire_dataset_2n_version/train/nofire/49627515293_0a37043762_o.jpg,960,720,JPEG,RGB,720
train,nofire,flickr,49628032741,49628032741_436dc4d408_o.jpg,/kaggle/input/datasets/elmadafri/the-wildfire-dataset/the_wildfire_dataset_2n_version/train/nofire/49628032741_436dc4d408_o.jpg,960,720,JPEG,RGB,720
train,nofire,flickr,49628306082,49628306082_19e03f0967_o.jpg,/kaggle/input/datasets/elmadafri/the-wildfire-dataset/the_wildfire_dataset_2n_version/train/nofire/49628306082_19e03f0967_o.jpg,960,720,JPEG,RGB,720
train,nofire,flickr,49628338762,49628338762_5fc600c4da_o.jpg,/kaggle/input/datasets/elmadafri/the-wildfire-dataset/the_wildfire_dataset_2n_version/train/nofire/49628338762_5fc600c4da_o.jpg,3968,2976,JPEG,RGB,2976
train,nofire,flickr,50380846687,50380846687_1df46275af_o.jpg,/kaggle/input/datasets/elmadafri/the-wildfire-dataset/the_wildfire_dataset_2n_version/train/nofire/50380846687_1df46275af_o.jpg,3024,4032,JPEG,RGB,3024
train,nofire,flickr,50409242242,50409242242_366143b5fc_o.jpg,/kaggle/input/datasets/elmadafri/the-wildfire-dataset/the_wildfire_dataset_2n_version/train/nofire/50409242242_366143b5fc_o.jpg,4032,3024,JPEG,RGB,3024
train,nofire,flickr,50409277767,50409277767_1aab46e387_o.jpg,/kaggle/input/datasets/elmadafri/the-wildfire-dataset/the_wildfire_dataset_2n_version/train/nofire/50409277767_1aab46e387_o.jpg,3016,2262,JPEG,RGB,2262
train,nofire,flickr,50576699296,50576699296_2a14c3664a_o.jpg,/kaggle/input/datasets/elmadafri/the-wildfire-dataset/the_wildfire_dataset_2n_version/train/nofire/50576699296_2a14c3664a_o.jpg,3024,4032,JPEG,RGB,3024
train,nofire,flickr,50587721368,50587721368_c131de8c2d_o.jpg,/kaggle/input/datasets/elmadafri/the-wildfire-dataset/the_wildfire_dataset_2n_version/train/nofire/50587721368_c131de8c2d_o.jpg,2368,3024,JPEG,RGB,2368
train,nofire,flickr,50621530658,50621530658_63dae7d98f_o.jpg,/kaggle/input/datasets/elmadafri/the-wildfire-dataset/the_wildfire_dataset_2n_version/train/nofire/50621530658_63dae7d98f_o.jpg,1800,1200,JPEG,RGB,1200
train,nofire,flickr,50622222523,50622222523_1e663562ac_o.jpg,/kaggle/input/datasets/elmadafri/the-wildfire-dataset/the_wildfire_dataset_2n_version/train/nofire/50622222523_1e663562ac_o.jpg,2048,1536,JPEG,RGB,1536
train,nofire,flickr,50623060997,50623060997_1dc55f4eca_o.jpg,/kaggle/input/datasets/elmadafri/the-wildfire-dataset/the_wildfire_dataset_2n_version/train/nofire/50623060997_1dc55f4eca_o.jpg,2006,1125,JPEG,RGB,1125
train,nofire,flickr,50642193652,50642193652_5d3a7708a9_o.jpg,/kaggle/input/datasets/elmadafri/the-wildfire-dataset/the_wildfire_dataset_2n_version/train/nofire/50642193652_5d3a7708a9_o.jpg,2016,1512,JPEG,RGB,1512
train,nofire,flickr,50680663366,50680663366_4592070a5e_o.jpg,/kaggle/input/datasets/elmadafri/the-wildfire-dataset/the_wildfire_dataset_2n_version/train/nofire/50680663366_4592070a5e_o.jpg,3264,2448,JPEG,RGB,2448
train,nofire,flickr,50774170067,50774170067_6683b693bc_o.jpg,/kaggle/input/datasets/elmadafri/the-wildfire-dataset/the_wildfire_dataset_2n_version/train/nofire/50774170067_6683b693bc_o.jpg,12218,4051,JPEG,RGB,4051
train,nofire,flickr,51276757611,51276757611_826ce8bbe5_o.jpg,/kaggle/input/datasets/elmadafri/the-wildfire-dataset/the_wildfire_dataset_2n_version/train/nofire/51276757611_826ce8bbe5_o.jpg,4032,3024,JPEG,RGB,3024
train,nofire,flickr,51685365993,51685365993_4961a37b68_o.jpg,/kaggle/input/datasets/elmadafri/the-wildfire-dataset/the_wildfire_dataset_2n_version/train/nofire/51685365993_4961a37b68_o.jpg,4032,3024,JPEG,RGB,3024
train,nofire,flickr,52231257457,52231257457_46b980ec18_o.jpg,/kaggle/input/datasets/elmadafri/the-wildfire-dataset/the_wildfire_dataset_2n_version/train/nofire/52231257457_46b980ec18_o.jpg,4608,3456,JPEG,RGB,3456
train,nofire,flickr,52231272657,52231272657_49992e05aa_o.jpg,/kaggle/input/datasets/elmadafri/the-wildfire-dataset/the_wildfire_dataset_2n_version/train/nofire/52231272657_49992e05aa_o.jpg,4608,3456,JPEG,RGB,3456
train,nofire,flickr,52232282663,52232282663_4d7dfb7ed9_o.jpg,/kaggle/input/datasets/elmadafri/the-wildfire-dataset/the_wildfire_dataset_2n_version/train/nofire/52232282663_4d7dfb7ed9_o.jpg,4608,3456,JPEG,RGB,3456
train,nofire,flickr,52292033207,52292033207_127c46e4ae_o.jpg,/kaggle/input/datasets/elmadafri/the-wildfire-dataset/the_wildfire_dataset_2n_version/train/nofire/52292033207_127c46e4ae_o.jpg,620,465,JPEG,RGB,465
train,nofire,flickr,52293279724,52293279724_c5250f6aa9_o.png,/kaggle/input/datasets/elmadafri/the-wildfire-dataset/the_wildfire_dataset_2n_version/train/nofire/52293279724_c5250f6aa9_o.png,620,395,PNG,RGBA,395
train,nofire,flickr,52340194302,52340194302_8120e8efa3_o.jpg,/kaggle/input/datasets/elmadafri/the-wildfire-dataset/the_wildfire_dataset_2n_version/train/nofire/52340194302_8120e8efa3_o.jpg,2000,1332,JPEG,RGB,1332
train,nofire,flickr,52340194432,52340194432_697e9662f4_o.jpg,/kaggle/input/datasets/elmadafri/the-wildfire-dataset/the_wildfire_dataset_2n_version/train/nofire/52340194432_697e9662f4_o.jpg,4000,1381,JPEG,RGB,1381
train,nofire,flickr,52341400698,52341400698_1b22d7d0c1_o.jpg,/kaggle/input/datasets/elmadafri/the-wildfire-dataset/the_wildfire_dataset_2n_version/train/nofire/52341400698_1b22d7d0c1_o.jpg,2000,1501,JPEG,RGB,1501
train,nofire,flickr,52341458554,52341458554_918f27dc7c_o.jpg,/kaggle/input/datasets/elmadafri/the-wildfire-dataset/the_wildfire_dataset_2n_version/train/nofire/52341458554_918f27dc7c_o.jpg,4000,2665,JPEG,RGB,2665
train,nofire,flickr,52357656432,52357656432_81e3793f1c_o.jpg,/kaggle/input/datasets/elmadafri/the-wildfire-dataset/the_wildfire_dataset_2n_version/train/nofire/52357656432_81e3793f1c_o.jpg,3840,2160,JPEG,RGB,2160
train,nofire,flickr,52357657587,52357657587_395efe019d_o.jpg,/kaggle/input/datasets/elmadafri/the-wildfire-dataset/the_wildfire_dataset_2n_version/train/nofire/52357657587_395efe019d_o.jpg,4000,2665,JPEG,RGB,2665
train,nofire,flickr,52357667457,52357667457_3e0a52f1e4_o.jpg,/kaggle/input/datasets/elmadafri/the-wildfire-dataset/the_wildfire_dataset_2n_version/train/nofire/52357667457_3e0a52f1e4_o.jpg,4000,1480,JPEG,RGB,1480
train,nofire,flickr,52357670897,52357670897_5e4bd8fa2f_o.jpg,/kaggle/input/datasets/elmadafri/the-wildfire-dataset/the_wildfire_dataset_2n_version/train/nofire/52357670897_5e4bd8fa2f_o.jpg,4000,2665,JPEG,RGB,2665
train,nofire,flickr,52358606086,52358606086_0fa4a5f2d7_o.jpg,/kaggle/input/datasets/elmadafri/the-wildfire-dataset/the_wildfire_dataset_2n_version/train/nofire/52358606086_0fa4a5f2d7_o.jpg,4000,2665,JPEG,RGB,2665
train,nofire,flickr,52358606311,52358606311_73913736e4_o.jpg,/kaggle/input/datasets/elmadafri/the-wildfire-dataset/the_wildfire_dataset_2n_version/train/nofire/52358606311_73913736e4_o.jpg,3262,2160,JPEG,RGB,2160
train,nofire,flickr,52358606891,52358606891_9216660b61_o.jpg,/kaggle/input/datasets/elmadafri/the-wildfire-dataset/the_wildfire_dataset_2n_version/train/nofire/52358606891_9216660b61_o.jpg,4000,2664,JPEG,RGB,2664
train,nofire,flickr,52358616321,52358616321_a16d3dcb7f_o.jpg,/kaggle/input/datasets/elmadafri/the-wildfire-dataset/the_wildfire_dataset_2n_version/train/nofire/52358616321_a16d3dcb7f_o.jpg,4000,2665,JPEG,RGB,2665
train,nofire,flickr,52358619731,52358619731_d11d42dbb6_o.jpg,/kaggle/input/datasets/elmadafri/the-wildfire-dataset/the_wildfire_dataset_2n_version/train/nofire/52358619731_d11d42dbb6_o.jpg,4000,2665,JPEG,RGB,2665
train,nofire,flickr,52358819323,52358819323_9baa33acde_o.jpg,/kaggle/input/datasets/elmadafri/the-wildfire-dataset/the_wildfire_dataset_2n_version/train/nofire/52358819323_9baa33acde_o.jpg,4000,1552,JPEG,RGB,1552
train,nofire,flickr,52358919084,52358919084_87ed82cb44_o.jpg,/kaggle/input/datasets/elmadafri/the-wildfire-dataset/the_wildfire_dataset_2n_version/train/nofire/52358919084_87ed82cb44_o.jpg,4000,2987,JPEG,RGB,2987
train,nofire,flickr,52358919419,52358919419_3ede7e7e1f_o.jpg,/kaggle/input/datasets/elmadafri/the-wildfire-dataset/the_wildfire_dataset_2n_version/train/nofire/52358919419_3ede7e7e1f_o.jpg,3840,2160,JPEG,RGB,2160
train,nofire,flickr,52358931349,52358931349_9edefe0acc_o.jpg,/kaggle/input/datasets/elmadafri/the-wildfire-dataset/the_wildfire_dataset_2n_version/train/nofire/52358931349_9edefe0acc_o.jpg,4000,1491,JPEG,RGB,1491
train,nofire,flickr,52358931414,52358931414_39e8c7bd40_o.jpg,/kaggle/input/datasets/elmadafri/the-wildfire-dataset/the_wildfire_dataset_2n_version/train/nofire/52358931414_39e8c7bd40_o.jpg,4000,1491,JPEG,RGB,1491
train,nofire,flickr,52358932124,52358932124_97cd77e686_o.jpg,/kaggle/input/datasets/elmadafri/the-wildfire-dataset/the_wildfire_dataset_2n_version/train/nofire/52358932124_97cd77e686_o.jpg,2895,4000,JPEG,RGB,2895
train,nofire,flickr,52358933749,52358933749_07f0dd79c6_o.jpg,/kaggle/input/datasets/elmadafri/the-wildfire-dataset/the_wildfire_dataset_2n_version/train/nofire/52358933749_07f0dd79c6_o.jpg,4000,2667,JPEG,RGB,2667
train,nofire,flickr,52359027885,52359027885_6e6d8fa484_o.jpg,/kaggle/input/datasets/elmadafri/the-wildfire-dataset/the_wildfire_dataset_2n_version/train/nofire/52359027885_6e6d8fa484_o.jpg,4000,2665,JPEG,RGB,2665
train,nofire,flickr,52359036280,52359036280_5557dd08e2_o.jpg,/kaggle/input/datasets/elmadafri/the-wildfire-dataset/the_wildfire_dataset_2n_version/train/nofire/52359036280_5557dd08e2_o.jpg,4000,1499,JPEG,RGB,1499
train,nofire,flickr,52359037790,52359037790_bccbaa71d3_o.jpg,/kaggle/input/datasets/elmadafri/the-wildfire-dataset/the_wildfire_dataset_2n_version/train/nofire/52359037790_bccbaa71d3_o.jpg,4000,2665,JPEG,RGB,2665
train,nofire,flickr,52359039480,52359039480_ab7270c4f1_o.jpg,/kaggle/input/datasets/elmadafri/the-wildfire-dataset/the_wildfire_dataset_2n_version/train/nofire/52359039480_ab7270c4f1_o.jpg,4000,2393,JPEG,RGB,2393
train,nofire,flickr,52359041270,52359041270_69810779bd_o.jpg,/kaggle/input/datasets/elmadafri/the-wildfire-dataset/the_wildfire_dataset_2n_version/train/nofire/52359041270_69810779bd_o.jpg,4000,2987,JPEG,RGB,2987
train,nofire,flickr,52403307048,52403307048_a7dba6168f_o.jpg,/kaggle/input/datasets/elmadafri/the-wildfire-dataset/the_wildfire_dataset_2n_version/train/nofire/52403307048_a7dba6168f_o.jpg,4032,3024,JPEG,RGB,3024
train,nofire,flickr,52451074762,52451074762_afc058d6ea_o.jpg,/kaggle/input/datasets/elmadafri/the-wildfire-dataset/the_wildfire_dataset_2n_version/train/nofire/52451074762_afc058d6ea_o.jpg,4000,2959,JPEG,RGB,2959
train,nofire,flickr,52451082862,52451082862_018b9aaa9e_o.jpg,/kaggle/input/datasets/elmadafri/the-wildfire-dataset/the_wildfire_dataset_2n_version/train/nofire/52451082862_018b9aaa9e_o.jpg,4000,2665,JPEG,RGB,2665
train,nofire,flickr,52451596106,52451596106_99dee92c84_o.jpg,/kaggle/input/datasets/elmadafri/the-wildfire-dataset/the_wildfire_dataset_2n_version/train/nofire/52451596106_99dee92c84_o.jpg,4000,2665,JPEG,RGB,2665
train,nofire,flickr,52451600526,52451600526_77ef5f823d_o.jpg,/kaggle/input/datasets/elmadafri/the-wildfire-dataset/the_wildfire_dataset_2n_version/train/nofire/52451600526_77ef5f823d_o.jpg,4000,2665,JPEG,RGB,2665
train,nofire,flickr,52451793196,52451793196_b962cf7995_o.jpg,/kaggle/input/datasets/elmadafri/the-wildfire-dataset/the_wildfire_dataset_2n_version/train/nofire/52451793196_b962cf7995_o.jpg,4000,1483,JPEG,RGB,1483
train,nofire,flickr,52451794846,52451794846_17c702738e_o.jpg,/kaggle/input/datasets/elmadafri/the-wildfire-dataset/the_wildfire_dataset_2n_version/train/nofire/52451794846_17c702738e_o.jpg,4000,2603,JPEG,RGB,2603
train,nofire,flickr,52451872444,52451872444_d2fbd8ff72_o.jpg,/kaggle/input/datasets/elmadafri/the-wildfire-dataset/the_wildfire_dataset_2n_version/train/nofire/52451872444_d2fbd8ff72_o.jpg,4000,1488,JPEG,RGB,1488
train,nofire,flickr,52451874249,52451874249_17ede44193_o.jpg,/kaggle/input/datasets/elmadafri/the-wildfire-dataset/the_wildfire_dataset_2n_version/train/nofire/52451874249_17ede44193_o.jpg,4000,1491,JPEG,RGB,1491
train,nofire,flickr,52451969715,52451969715_3e8d946708_o.jpg,/kaggle/input/datasets/elmadafri/the-wildfire-dataset/the_wildfire_dataset_2n_version/train/nofire/52451969715_3e8d946708_o.jpg,4000,2987,JPEG,RGB,2987
train,nofire,flickr,52452039160,52452039160_64791e0ce2_o.jpg,/kaggle/input/datasets/elmadafri/the-wildfire-dataset/the_wildfire_dataset_2n_version/train/nofire/52452039160_64791e0ce2_o.jpg,4000,1479,JPEG,RGB,1479
train,nofire,flickr,52452042720,52452042720_8271cec62d_o.jpg,/kaggle/input/datasets/elmadafri/the-wildfire-dataset/the_wildfire_dataset_2n_version/train/nofire/52452042720_8271cec62d_o.jpg,4000,2665,JPEG,RGB,2665
train,nofire,flickr,52452044898,52452044898_aa2d693f7f_o.jpg,/kaggle/input/datasets/elmadafri/the-wildfire-dataset/the_wildfire_dataset_2n_version/train/nofire/52452044898_aa2d693f7f_o.jpg,4000,1486,JPEG,RGB,1486
train,nofire,flickr,52452046535,52452046535_137d06e145_o.jpg,/kaggle/input/datasets/elmadafri/the-wildfire-dataset/the_wildfire_dataset_2n_version/train/nofire/52452046535_137d06e145_o.jpg,4000,1492,JPEG,RGB,1492
train,nofire,flickr,52452049280,52452049280_49b1b711b6_o.jpg,/kaggle/input/datasets/elmadafri/the-wildfire-dataset/the_wildfire_dataset_2n_version/train/nofire/52452049280_49b1b711b6_o.jpg,4000,2665,JPEG,RGB,2665
train,nofire,flickr,52452052570,52452052570_d0c26b2796_o.jpg,/kaggle/input/datasets/elmadafri/the-wildfire-dataset/the_wildfire_dataset_2n_version/train/nofire/52452052570_d0c26b2796_o.jpg,4000,2665,JPEG,RGB,2665
train,nofire,flickr,52452119313,52452119313_4c5ab49506_o.jpg,/kaggle/input/datasets/elmadafri/the-wildfire-dataset/the_wildfire_dataset_2n_version/train/nofire/52452119313_4c5ab49506_o.jpg,4000,2665,JPEG,RGB,2665
train,nofire,flickr,52452120078,52452120078_d9d606485f_o.jpg,/kaggle/input/datasets/elmadafri/the-wildfire-dataset/the_wildfire_dataset_2n_version/train/nofire/52452120078_d9d606485f_o.jpg,4000,2665,JPEG,RGB,2665
train,nofire,flickr,52452306753,52452306753_e9fd479f41_o.jpg,/kaggle/input/datasets/elmadafri/the-wildfire-dataset/the_wildfire_dataset_2n_version/train/nofire/52452306753_e9fd479f41_o.jpg,4000,2665,JPEG,RGB,2665
train,nofire,flickr,52452307498,52452307498_5217d473e9_o.jpg,/kaggle/input/datasets/elmadafri/the-wildfire-dataset/the_wildfire_dataset_2n_version/train/nofire/52452307498_5217d473e9_o.jpg,4000,1478,JPEG,RGB,1478
train,nofire,flickr,52452315723,52452315723_f38f83e978_o.jpg,/kaggle/input/datasets/elmadafri/the-wildfire-dataset/the_wildfire_dataset_2n_version/train/nofire/52452315723_f38f83e978_o.jpg,4000,2665,JPEG,RGB,2665
train,nofire,flickr,52452316043,52452316043_11b79c97d2_o.jpg,/kaggle/input/datasets/elmadafri/the-wildfire-dataset/the_wildfire_dataset_2n_version/train/nofire/52452316043_11b79c97d2_o.jpg,4000,2665,JPEG,RGB,2665
train,nofire,flickr,52530622215,52530622215_785e37132e_o.jpg,/kaggle/input/datasets/elmadafri/the-wildfire-dataset/the_wildfire_dataset_2n_version/train/nofire/52530622215_785e37132e_o.jpg,1280,960,JPEG,RGB,960
train,nofire,flickr,52530691658,52530691658_ce60ac02a8_o.jpg,/kaggle/input/datasets/elmadafri/the-wildfire-dataset/the_wildfire_dataset_2n_version/train/nofire/52530691658_ce60ac02a8_o.jpg,640,481,JPEG,RGB,481
train,nofire,flickr,52923043540,52923043540_678c43413c_o.jpg,/kaggle/input/datasets/elmadafri/the-wildfire-dataset/the_wildfire_dataset_2n_version/train/nofire/52923043540_678c43413c_o.jpg,1920,1279,JPEG,RGB,1279
train,nofire,flickr,52938755866,52938755866_fc0a5ae872_o.jpg,/kaggle/input/datasets/elmadafri/the-wildfire-dataset/the_wildfire_dataset_2n_version/train/nofire/52938755866_fc0a5ae872_o.jpg,4896,3672,MPO,RGB,3672
train,nofire,flickr,52998989513,52998989513_61a0e7a756_o.jpg,/kaggle/input/datasets/elmadafri/the-wildfire-dataset/the_wildfire_dataset_2n_version/train/nofire/52998989513_61a0e7a756_o.jpg,6233,4155,JPEG,RGB,4155
train,nofire,flickr,53125772746,53125772746_1c2d97b875_o.jpg,/kaggle/input/datasets/elmadafri/the-wildfire-dataset/the_wildfire_dataset_2n_version/train/nofire/53125772746_1c2d97b875_o.jpg,6186,4164,JPEG,RGB,4164
train,nofire,flickr,7557570184,7557570184_442f9d3545_o.jpg,/kaggle/input/datasets/elmadafri/the-wildfire-dataset/the_wildfire_dataset_2n_version/train/nofire/7557570184_442f9d3545_o.jpg,1620,854,JPEG,RGB,854
train,nofire,flickr,8468567493,8468567493_d8e627a56d_o.jpg,/kaggle/input/datasets/elmadafri/the-wildfire-dataset/the_wildfire_dataset_2n_version/train/nofire/8468567493_d8e627a56d_o.jpg,3456,1524,JPEG,RGB,1524
train,nofire,flickr,8658018665,8658018665_059680167c_o.jpg,/kaggle/input/datasets/elmadafri/the-wildfire-dataset/the_wildfire_dataset_2n_version/train/nofire/8658018665_059680167c_o.jpg,1772,1181,JPEG,RGB,1181
train,nofire,flickr,8658018703,8658018703_2ccd0ddf9b_o.jpg,/kaggle/input/datasets/elmadafri/the-wildfire-dataset/the_wildfire_dataset_2n_version/train/nofire/8658018703_2ccd0ddf9b_o.jpg,1772,1181,JPEG,RGB,1181
train,nofire,flickr,8659114948,8659114948_c5648ef2cf_o.jpg,/kaggle/input/datasets/elmadafri/the-wildfire-dataset/the_wildfire_dataset_2n_version/train/nofire/8659114948_c5648ef2cf_o.jpg,1772,1181,JPEG,RGB,1181
train,nofire,flickr,8692924621,8692924621_63ec81cb23_o.jpg,/kaggle/input/datasets/elmadafri/the-wildfire-dataset/the_wildfire_dataset_2n_version/train/nofire/8692924621_63ec81cb23_o.jpg,4288,2848,JPEG,RGB,2848
train,nofire,unsplash,aaron-burden,aaron-burden--U_hmajpkGs-unsplash.jpg,/kaggle/input/datasets/elmadafri/the-wildfire-dataset/the_wildfire_dataset_2n_version/train/nofire/aaron-burden--U_hmajpkGs-unsplash.jpg,4000,3000,JPEG,RGB,3000
train,nofire,unsplash,aaron-burden,aaron-burden-00QWN1J0g48-unsplash.jpg,/kaggle/input/datasets/elmadafri/the-wildfire-dataset/the_wildfire_dataset_2n_version/train/nofire/aaron-burden-00QWN1J0g48-unsplash.jpg,4000,2861,JPEG,RGB,2861
train,nofire,unsplash,aaron-burden,aaron-burden-6a6ym1Rw5VA-unsplash.jpg,/kaggle/input/datasets/elmadafri/the-wildfire-dataset/the_wildfire_dataset_2n_version/train/nofire/aaron-burden-6a6ym1Rw5VA-unsplash.jpg,4000,3000,JPEG,RGB,3000
train,nofire,unsplash,aaron-burden,aaron-burden-EaQBeUG9c58-unsplash.jpg,/kaggle/input/datasets/elmadafri/the-wildfire-dataset/the_wildfire_dataset_2n_version/train/nofire/aaron-burden-EaQBeUG9c58-unsplash.jpg,3992,2992,JPEG,RGB,2992
train,nofire,unsplash,aaron-burden,aaron-burden-I1ASdgphUH4-unsplash.jpg,/kaggle/input/datasets/elmadafri/the-wildfire-dataset/the_wildfire_dataset_2n_version/train/nofire/aaron-burden-I1ASdgphUH4-unsplash.jpg,4000,3000,JPEG,RGB,3000
train,nofire,unsplash,aaron-burden,aaron-burden-KhVfJhHla78-unsplash.jpg,/kaggle/input/datasets/elmadafri/the-wildfire-dataset/the_wildfire_dataset_2n_version/train/nofire/aaron-burden-KhVfJhHla78-unsplash.jpg,3992,2992,JPEG,RGB,2992
train,nofire,unsplash,aaron-burden,aaron-burden-Qy-CBKUg_X8-unsplash.jpg,/kaggle/input/datasets/elmadafri/the-wildfire-dataset/the_wildfire_dataset_2n_version/train/nofire/aaron-burden-Qy-CBKUg_X8-unsplash.jpg,3669,2752,JPEG,RGB,2752
train,nofire,unsplash,aaron-burden,aaron-burden-UF0WlFvPvrk-unsplash.jpg,/kaggle/input/datasets/elmadafri/the-wildfire-dataset/the_wildfire_dataset_2n_version/train/nofire/aaron-burden-UF0WlFvPvrk-unsplash.jpg,3458,2586,JPEG,RGB,2586
train,nofire,unsplash,aaron-burden,aaron-burden-YILmPSsn3T4-unsplash.jpg,/kaggle/input/datasets/elmadafri/the-wildfire-dataset/the_wildfire_dataset_2n_version/train/nofire/aaron-burden-YILmPSsn3T4-unsplash.jpg,3992,2992,JPEG,RGB,2992
train,nofire,unsplash,aaron-burden,aaron-burden-blPTIZuBhD8-unsplash.jpg,/kaggle/input/datasets/elmadafri/the-wildfire-dataset/the_wildfire_dataset_2n_version/train/nofire/aaron-burden-blPTIZuBhD8-unsplash.jpg,3927,2945,JPEG,RGB,2945
train,nofire,unsplash,aaron-burden,aaron-burden-eG8--XWSicQ-unsplash.jpg,/kaggle/input/datasets/elmadafri/the-wildfire-dataset/the_wildfire_dataset_2n_version/train/nofire/aaron-burden-eG8--XWSicQ-unsplash.jpg,3990,2989,JPEG,RGB,2989
train,nofire,unsplash,aaron-burden,aaron-burden-nPv3MQyMbyc-unsplash.jpg,/kaggle/input/datasets/elmadafri/the-wildfire-dataset/the_wildfire_dataset_2n_version/train/nofire/aaron-burden-nPv3MQyMbyc-unsplash.jpg,3755,2816,JPEG,RGB,2816
train,nofire,unsplash,aaron-burden,aaron-burden-qqH0Clj6OFE-unsplash.jpg,/kaggle/input/datasets/elmadafri/the-wildfire-dataset/the_wildfire_dataset_2n_version/train/nofire/aaron-burden-qqH0Clj6OFE-unsplash.jpg,3992,2992,JPEG,RGB,2992
train,nofire,unsplash,aaron-burden,aaron-burden-zAffziey-50-unsplash.jpg,/kaggle/input/datasets/elmadafri/the-wildfire-dataset/the_wildfire_dataset_2n_version/train/nofire/aaron-burden-zAffziey-50-unsplash.jpg,3921,2939,JPEG,RGB,2939
train,nofire,unsplash,aaron-lee,aaron-lee-Qo_WAibzJxE-unsplash.jpg,/kaggle/input/datasets/elmadafri/the-wildfire-dataset/the_wildfire_dataset_2n_version/train/nofire/aaron-lee-Qo_WAibzJxE-unsplash.jpg,5973,3982,JPEG,RGB,3982
train,nofire,unsplash,abigail-keenan,abigail-keenan-hG4qBPj5BJg-unsplash.jpg,/kaggle/input/datasets/elmadafri/the-wildfire-dataset/the_wildfire_dataset_2n_version/train/nofire/abigail-keenan-hG4qBPj5BJg-unsplash.jpg,5472,3648,JPEG,RGB,3648
train,nofire,unsplash,adam-smigielski,adam-smigielski-SWa6EYLCac0-unsplash.jpg,/kaggle/input/datasets/elmadafri/the-wildfire-dataset/the_wildfire_dataset_2n_version/train/nofire/adam-smigielski-SWa6EYLCac0-unsplash.jpg,2941,1733,JPEG,RGB,1733
train,nofire,unsplash,adam-wilson,adam-wilson-stTnQThfQ_g-unsplash.jpg,/kaggle/input/datasets/elmadafri/the-wildfire-dataset/the_wildfire_dataset_2n_version/train/nofire/adam-wilson-stTnQThfQ_g-unsplash.jpg,6240,4160,JPEG,RGB,4160
train,nofire,unsplash,aditya-chinchure,aditya-chinchure-LmtqiFg1oSw-unsplash.jpg,/kaggle/input/datasets/elmadafri/the-wildfire-dataset/the_wildfire_dataset_2n_version/train/nofire/aditya-chinchure-LmtqiFg1oSw-unsplash.jpg,3955,2966,JPEG,RGB,2966
train,nofire,unsplash,adrian-mag,adrian-mag-9HPYfOEG1go-unsplash.jpg,/kaggle/input/datasets/elmadafri/the-wildfire-dataset/the_wildfire_dataset_2n_version/train/nofire/adrian-mag-9HPYfOEG1go-unsplash.jpg,4764,3512,JPEG,RGB,3512
train,nofire,unsplash,adrian-n,adrian-n-0OHyXKW56No-unsplash.jpg,/kaggle/input/datasets/elmadafri/the-wildfire-dataset/the_wildfire_dataset_2n_version/train/nofire/adrian-n-0OHyXKW56No-unsplash.jpg,7890,4875,JPEG,RGB,4875
train,nofire,unsplash,adrienguh-pC8jEwrWV18,adrienguh-pC8jEwrWV18-unsplash.jpg,/kaggle/input/datasets/elmadafri/the-wildfire-dataset/the_wildfire_dataset_2n_version/train/nofire/adrienguh-pC8jEwrWV18-unsplash.jpg,3320,4096,JPEG,RGB,3320
train,nofire,unsplash,agustin-diaz,agustin-diaz-gargiulo-GTLJklnjn-E-unsplash.jpg,/kaggle/input/datasets/elmadafri/the-wildfire-dataset/the_wildfire_dataset_2n_version/train/nofire/agustin-diaz-gargiulo-GTLJklnjn-E-unsplash.jpg,3908,5211,JPEG,RGB,3908
train,nofire,unsplash,alan-labisch,alan-labisch-DdjJ91eIFVc-unsplash.jpg,/kaggle/input/datasets/elmadafri/the-wildfire-dataset/the_wildfire_dataset_2n_version/train/nofire/alan-labisch-DdjJ91eIFVc-unsplash.jpg,4016,4934,JPEG,RGB,4016
train,nofire,unsplash,alberto-caliman,alberto-caliman-twV9DVoPB7Y-unsplash.jpg,/kaggle/input/datasets/elmadafri/the-wildfire-dataset/the_wildfire_dataset_2n_version/train/nofire/alberto-caliman-twV9DVoPB7Y-unsplash.jpg,4000,2250,JPEG,RGB,2250
train,nofire,unsplash,alberto-restifo,alberto-restifo-kKrfPaKgE1c-unsplash.jpg,/kaggle/input/datasets/elmadafri/the-wildfire-dataset/the_wildfire_dataset_2n_version/train/nofire/alberto-restifo-kKrfPaKgE1c-unsplash.jpg,6000,4000,JPEG,RGB,4000
train,nofire,unsplash,alec-krum,alec-krum-3sAs5_G3-Hs-unsplash.jpg,/kaggle/input/datasets/elmadafri/the-wildfire-dataset/the_wildfire_dataset_2n_version/train/nofire/alec-krum-3sAs5_G3-Hs-unsplash.jpg,6000,3375,JPEG,RGB,3375
train,nofire,unsplash,alec-krum,alec-krum-OlPF1KqTqYw-unsplash.jpg,/kaggle/input/datasets/elmadafri/the-wildfire-dataset/the_wildfire_dataset_2n_version/train/nofire/alec-krum-OlPF1KqTqYw-unsplash.jpg,3397,5096,JPEG,RGB,3397
train,nofire,unsplash,alek-newton,alek-newton-MgDeI4wgC4U-unsplash.jpg,/kaggle/input/datasets/elmadafri/the-wildfire-dataset/the_wildfire_dataset_2n_version/train/nofire/alek-newton-MgDeI4wgC4U-unsplash.jpg,7952,5304,JPEG,RGB,5304
train,nofire,unsplash,alek-newton,alek-newton-rOSYvaW2BcU-unsplash.jpg,/kaggle/input/datasets/elmadafri/the-wildfire-dataset/the_wildfire_dataset_2n_version/train/nofire/alek-newton-rOSYvaW2BcU-unsplash.jpg,7952,5304,JPEG,RGB,5304
train,nofire,unsplash,aleksandar-jason,aleksandar-jason-HB5E80dln6M-unsplash.jpg,/kaggle/input/datasets/elmadafri/the-wildfire-dataset/the_wildfire_dataset_2n_version/train/nofire/aleksandar-jason-HB5E80dln6M-unsplash.jpg,5464,3070,JPEG,RGB,3070
train,nofire,unsplash,aleksandar-jason,aleksandar-jason-prv8AiRvS-s-unsplash.jpg,/kaggle/input/datasets/elmadafri/the-wildfire-dataset/the_wildfire_dataset_2n_version/train/nofire/aleksandar-jason-prv8AiRvS-s-unsplash.jpg,5464,3070,JPEG,RGB,3070
train,nofire,unsplash,ales-krivec,ales-krivec-A7GJd92fkts-unsplash.jpg,/kaggle/input/datasets/elmadafri/the-wildfire-dataset/the_wildfire_dataset_2n_version/train/nofire/ales-krivec-A7GJd92fkts-unsplash.jpg,7360,4765,JPEG,RGB,4765
train,nofire,unsplash,ales-krivec,ales-krivec-vMwcWBEB-Pg-unsplash.jpg,/kaggle/input/datasets/elmadafri/the-wildfire-dataset/the_wildfire_dataset_2n_version/train/nofire/ales-krivec-vMwcWBEB-Pg-unsplash.jpg,7360,2344,JPEG,RGB,2344
train,nofire,unsplash,alessandro-erbetta,alessandro-erbetta-mpWPcRT9D1E-unsplash.jpg,/kaggle/input/datasets/elmadafri/the-wildfire-dataset/the_wildfire_dataset_2n_version/train/nofire/alessandro-erbetta-mpWPcRT9D1E-unsplash.jpg,6105,4070,JPEG,RGB,4070
train,nofire,unsplash,alex-bertha,alex-bertha-lcC6oMUHW6w-unsplash.jpg,/kaggle/input/datasets/elmadafri/the-wildfire-dataset/the_wildfire_dataset_2n_version/train/nofire/alex-bertha-lcC6oMUHW6w-unsplash.jpg,3992,2992,JPEG,RGB,2992
train,nofire,unsplash,alex-gruber,alex-gruber-vq_kZfpYcHU-unsplash.jpg,/kaggle/input/datasets/elmadafri/the-wildfire-dataset/the_wildfire_dataset_2n_version/train/nofire/alex-gruber-vq_kZfpYcHU-unsplash.jpg,5463,3223,JPEG,RGB,3223
train,nofire,unsplash,alex-kolodziej,alex-kolodziej-jduGZnew-TE-unsplash.jpg,/kaggle/input/datasets/elmadafri/the-wildfire-dataset/the_wildfire_dataset_2n_version/train/nofire/alex-kolodziej-jduGZnew-TE-unsplash.jpg,3145,3936,JPEG,RGB,3145
train,nofire,unsplash,alex-robert,alex-robert-SiGLS87Lk_s-unsplash.jpg,/kaggle/input/datasets/elmadafri/the-wildfire-dataset/the_wildfire_dataset_2n_version/train/nofire/alex-robert-SiGLS87Lk_s-unsplash.jpg,6000,4000,JPEG,RGB,4000
train,nofire,unsplash,alexander-slash,alexander-slash-reYDl88Nah0-unsplash.jpg,/kaggle/input/datasets/elmadafri/the-wildfire-dataset/the_wildfire_dataset_2n_version/train/nofire/alexander-slash-reYDl88Nah0-unsplash.jpg,3992,2246,JPEG,RGB,2246
train,nofire,unsplash,alexandr-bormotin,alexandr-bormotin-7fmwqpFqoy4-unsplash.jpg,/kaggle/input/datasets/elmadafri/the-wildfire-dataset/the_wildfire_dataset_2n_version/train/nofire/alexandr-bormotin-7fmwqpFqoy4-unsplash.jpg,2992,3992,JPEG,RGB,2992
train,nofire,unsplash,alexandr-bormotin,alexandr-bormotin-ZHMZcM1_kX8-unsplash.jpg,/kaggle/input/datasets/elmadafri/the-wildfire-dataset/the_wildfire_dataset_2n_version/train/nofire/alexandr-bormotin-ZHMZcM1_kX8-unsplash.jpg,2992,3992,JPEG,RGB,2992
train,nofire,unsplash,ali-choubin,ali-choubin-6agKMKtapcc-unsplash.jpg,/kaggle/input/datasets/elmadafri/the-wildfire-dataset/the_wildfire_dataset_2n_version/train/nofire/ali-choubin-6agKMKtapcc-unsplash.jpg,3061,4678,JPEG,RGB,3061
train,nofire,unsplash,alina-fedorchenko,alina-fedorchenko-0omvAh7kIPg-unsplash.jpg,/kaggle/input/datasets/elmadafri/the-wildfire-dataset/the_wildfire_dataset_2n_version/train/nofire/alina-fedorchenko-0omvAh7kIPg-unsplash.jpg,6000,4000,JPEG,RGB,4000
train,nofire,unsplash,altansukh-e,altansukh-e-r4oIVOPhxp8-unsplash.jpg,/kaggle/input/datasets/elmadafri/the-wildfire-dataset/the_wildfire_dataset_2n_version/train/nofire/altansukh-e-r4oIVOPhxp8-unsplash.jpg,4000,2250,JPEG,RGB,2250
train,nofire,unsplash,alvaro-del,alvaro-del-valle-e4kpz8aBPFY-unsplash.jpg,/kaggle/input/datasets/elmadafri/the-wildfire-dataset/the_wildfire_dataset_2n_version/train/nofire/alvaro-del-valle-e4kpz8aBPFY-unsplash.jpg,6000,4000,JPEG,RGB,4000
train,nofire,unsplash,amanshu-raikwar,amanshu-raikwar-ZHrbVmVu3Qc-unsplash.jpg,/kaggle/input/datasets/elmadafri/the-wildfire-dataset/the_wildfire_dataset_2n_version/train/nofire/amanshu-raikwar-ZHrbVmVu3Qc-unsplash.jpg,3918,4898,JPEG,RGB,3918
train,nofire,unsplash,amir-saboury,amir-saboury-1EhK52npZMo-unsplash.jpg,/kaggle/input/datasets/elmadafri/the-wildfire-dataset/the_wildfire_dataset_2n_version/train/nofire/amir-saboury-1EhK52npZMo-unsplash.jpg,3837,2148,JPEG,RGB,2148
train,nofire,unsplash,anders-jilden,anders-jilden-AkUR27wtaxs-unsplash.jpg,/kaggle/input/datasets/elmadafri/the-wildfire-dataset/the_wildfire_dataset_2n_version/train/nofire/anders-jilden-AkUR27wtaxs-unsplash.jpg,4738,3159,JPEG,RGB,3159
train,nofire,unsplash,andrea-leopardi,andrea-leopardi-4nJOD8wtMS4-unsplash.jpg,/kaggle/input/datasets/elmadafri/the-wildfire-dataset/the_wildfire_dataset_2n_version/train/nofire/andrea-leopardi-4nJOD8wtMS4-unsplash.jpg,4000,6000,JPEG,RGB,4000
train,nofire,unsplash,andreas-dress,andreas-dress-ePbE9yXSMhU-unsplash.jpg,/kaggle/input/datasets/elmadafri/the-wildfire-dataset/the_wildfire_dataset_2n_version/train/nofire/andreas-dress-ePbE9yXSMhU-unsplash.jpg,2702,4056,JPEG,RGB,2702
train,nofire,unsplash,andreas-gucklhorn,andreas-gucklhorn-mawU2PoJWfU-unsplash.jpg,/kaggle/input/datasets/elmadafri/the-wildfire-dataset/the_wildfire_dataset_2n_version/train/nofire/andreas-gucklhorn-mawU2PoJWfU-unsplash.jpg,2560,1440,JPEG,RGB,1440
train,nofire,unsplash,andreas-kind,andreas-kind-SwLPmCYo-QM-unsplash.jpg,/kaggle/input/datasets/elmadafri/the-wildfire-dataset/the_wildfire_dataset_2n_version/train/nofire/andreas-kind-SwLPmCYo-QM-unsplash.jpg,3992,2992,JPEG,RGB,2992
train,nofire,unsplash,andrew-coelho,andrew-coelho-aL7SA1ASVdQ-unsplash.jpg,/kaggle/input/datasets/elmadafri/the-wildfire-dataset/the_wildfire_dataset_2n_version/train/nofire/andrew-coelho-aL7SA1ASVdQ-unsplash.jpg,7360,4912,JPEG,RGB,4912
train,nofire,unsplash,andrew-pons,andrew-pons-p67k6hPMDCs-unsplash.jpg,/kaggle/input/datasets/elmadafri/the-wildfire-dataset/the_wildfire_dataset_2n_version/train/nofire/andrew-pons-p67k6hPMDCs-unsplash.jpg,5472,3648,JPEG,RGB,3648
train,nofire,unsplash,andrew-svk,andrew-svk-Koa7ccTs-ak-unsplash.jpg,/kaggle/input/datasets/elmadafri/the-wildfire-dataset/the_wildfire_dataset_2n_version/train/nofire/andrew-svk-Koa7ccTs-ak-unsplash.jpg,5438,3499,JPEG,RGB,3499
train,nofire,unsplash,andy-feliciotti,andy-feliciotti-m3oLLB7w3Xg-unsplash.jpg,/kaggle/input/datasets/elmadafri/the-wildfire-dataset/the_wildfire_dataset_2n_version/train/nofire/andy-feliciotti-m3oLLB7w3Xg-unsplash.jpg,2326,2907,JPEG,RGB,2326
train,nofire,unsplash,andy-wright,andy-wright-aQ0S_jhEm0w-unsplash.jpg,/kaggle/input/datasets/elmadafri/the-wildfire-dataset/the_wildfire_dataset_2n_version/train/nofire/andy-wright-aQ0S_jhEm0w-unsplash.jpg,3264,4928,JPEG,RGB,3264
train,nofire,unsplash,angela-356V,angela-356V-ooP184-unsplash.jpg,/kaggle/input/datasets/elmadafri/the-wildfire-dataset/the_wildfire_dataset_2n_version/train/nofire/angela-356V-ooP184-unsplash.jpg,3216,2136,JPEG,RGB,2136
train,nofire,unsplash,aniket-deole,aniket-deole-T-tOgjWZ0fQ-unsplash.jpg,/kaggle/input/datasets/elmadafri/the-wildfire-dataset/the_wildfire_dataset_2n_version/train/nofire/aniket-deole-T-tOgjWZ0fQ-unsplash.jpg,7839,5228,JPEG,RGB,5228
train,nofire,unsplash,anish-nair,anish-nair-RibBrreUhpQ-unsplash.jpg,/kaggle/input/datasets/elmadafri/the-wildfire-dataset/the_wildfire_dataset_2n_version/train/nofire/anish-nair-RibBrreUhpQ-unsplash.jpg,4608,2592,JPEG,RGB,2592
train,nofire,unsplash,anjali-mehta,anjali-mehta-CVWEGj6SDVU-unsplash.jpg,/kaggle/input/datasets/elmadafri/the-wildfire-dataset/the_wildfire_dataset_2n_version/train/nofire/anjali-mehta-CVWEGj6SDVU-unsplash.jpg,4320,3240,JPEG,RGB,3240
train,nofire,unsplash,anna-sokur,anna-sokur-oDe5qBwTSXo-unsplash.jpg,/kaggle/input/datasets/elmadafri/the-wildfire-dataset/the_wildfire_dataset_2n_version/train/nofire/anna-sokur-oDe5qBwTSXo-unsplash.jpg,6000,4000,JPEG,RGB,4000
train,nofire,unsplash,anne-sophie,anne-sophie-benoit-1bXGI29zG54-unsplash.jpg,/kaggle/input/datasets/elmadafri/the-wildfire-dataset/the_wildfire_dataset_2n_version/train/nofire/anne-sophie-benoit-1bXGI29zG54-unsplash.jpg,3992,2242,JPEG,RGB,2242
train,nofire,unsplash,annie-spratt,annie-spratt-gfHX4x8N1kI-unsplash.jpg,/kaggle/input/datasets/elmadafri/the-wildfire-dataset/the_wildfire_dataset_2n_version/train/nofire/annie-spratt-gfHX4x8N1kI-unsplash.jpg,3857,2893,JPEG,RGB,2893
train,nofire,unsplash,annie-spratt,annie-spratt-l_npf0Tz7AQ-unsplash.jpg,/kaggle/input/datasets/elmadafri/the-wildfire-dataset/the_wildfire_dataset_2n_version/train/nofire/annie-spratt-l_npf0Tz7AQ-unsplash.jpg,4000,2850,JPEG,RGB,2850
train,nofire,unsplash,annie-spratt,annie-spratt-osXoC977Cx0-unsplash.jpg,/kaggle/input/datasets/elmadafri/the-wildfire-dataset/the_wildfire_dataset_2n_version/train/nofire/annie-spratt-osXoC977Cx0-unsplash.jpg,4000,3000,JPEG,RGB,3000
train,nofire,unsplash,annie-spratt,annie-spratt-sCZ4YWtnzZA-unsplash.jpg,/kaggle/input/datasets/elmadafri/the-wildfire-dataset/the_wildfire_dataset_2n_version/train/nofire/annie-spratt-sCZ4YWtnzZA-unsplash.jpg,3068,2977,JPEG,RGB,2977
train,nofire,unsplash,annie-spratt,annie-spratt-u1kaDeY1adw-unsplash.jpg,/kaggle/input/datasets/elmadafri/the-wildfire-dataset/the_wildfire_dataset_2n_version/train/nofire/annie-spratt-u1kaDeY1adw-unsplash.jpg,3992,2992,JPEG,RGB,2992
train,nofire,unsplash,annie-spratt,annie-spratt-x33OW34WHRo-unsplash.jpg,/kaggle/input/datasets/elmadafri/the-wildfire-dataset/the_wildfire_dataset_2n_version/train/nofire/annie-spratt-x33OW34WHRo-unsplash.jpg,4000,3000,JPEG,RGB,3000
train,nofire,unsplash,ansgar-scheffold,ansgar-scheffold-mjAoJdW9ryY-unsplash.jpg,/kaggle/input/datasets/elmadafri/the-wildfire-dataset/the_wildfire_dataset_2n_version/train/nofire/ansgar-scheffold-mjAoJdW9ryY-unsplash.jpg,4000,6000,JPEG,RGB,4000
train,nofire,unsplash,anthony-rosset,anthony-rosset-4naW-DWkYxY-unsplash.jpg,/kaggle/input/datasets/elmadafri/the-wildfire-dataset/the_wildfire_dataset_2n_version/train/nofire/anthony-rosset-4naW-DWkYxY-unsplash.jpg,3992,2992,JPEG,RGB,2992
train,nofire,unsplash,anton-gudkov,anton-gudkov-LuiPhkR3Mas-unsplash.jpg,/kaggle/input/datasets/elmadafri/the-wildfire-dataset/the_wildfire_dataset_2n_version/train/nofire/anton-gudkov-LuiPhkR3Mas-unsplash.jpg,4272,2398,JPEG,RGB,2398
train,nofire,unsplash,anton-repponen,anton-repponen-IOCN-gwfwEU-unsplash.jpg,/kaggle/input/datasets/elmadafri/the-wildfire-dataset/the_wildfire_dataset_2n_version/train/nofire/anton-repponen-IOCN-gwfwEU-unsplash.jpg,5760,3840,JPEG,RGB,3840
train,nofire,unsplash,anton-sharov,anton-sharov-ebc8QZdf_kk-unsplash.jpg,/kaggle/input/datasets/elmadafri/the-wildfire-dataset/the_wildfire_dataset_2n_version/train/nofire/anton-sharov-ebc8QZdf_kk-unsplash.jpg,3590,2992,JPEG,RGB,2992
train,nofire,unsplash,anton-sharov,anton-sharov-uEZaZOZ9lfA-unsplash.jpg,/kaggle/input/datasets/elmadafri/the-wildfire-dataset/the_wildfire_dataset_2n_version/train/nofire/anton-sharov-uEZaZOZ9lfA-unsplash.jpg,3992,2992,JPEG,RGB,2992
train,nofire,unsplash,anup-shrestha,anup-shrestha-9-rPZAD3KkU-unsplash.jpg,/kaggle/input/datasets/elmadafri/the-wildfire-dataset/the_wildfire_dataset_2n_version/train/nofire/anup-shrestha-9-rPZAD3KkU-unsplash.jpg,6000,4000,JPEG,RGB,4000
train,nofire,unsplash,arnold-dogelis,arnold-dogelis-AW0nMIAQRP4-unsplash.jpg,/kaggle/input/datasets/elmadafri/the-wildfire-dataset/the_wildfire_dataset_2n_version/train/nofire/arnold-dogelis-AW0nMIAQRP4-unsplash.jpg,3821,2146,JPEG,RGB,2146
train,nofire,unsplash,artem-sapegin,artem-sapegin-GP3EdRRvu2Q-unsplash.jpg,/kaggle/input/datasets/elmadafri/the-wildfire-dataset/the_wildfire_dataset_2n_version/train/nofire/artem-sapegin-GP3EdRRvu2Q-unsplash.jpg,5472,3648,JPEG,RGB,3648
train,nofire,unsplash,artem-sapegin,artem-sapegin-Hf2Px71VRb4-unsplash.jpg,/kaggle/input/datasets/elmadafri/the-wildfire-dataset/the_wildfire_dataset_2n_version/train/nofire/artem-sapegin-Hf2Px71VRb4-unsplash.jpg,5472,3648,JPEG,RGB,3648
train,nofire,unsplash,artem-sapegin,artem-sapegin-e2uTOpgW5Ec-unsplash.jpg,/kaggle/input/datasets/elmadafri/the-wildfire-dataset/the_wildfire_dataset_2n_version/train/nofire/artem-sapegin-e2uTOpgW5Ec-unsplash.jpg,5472,2736,JPEG,RGB,2736
train,nofire,unsplash,artem-sapegin,artem-sapegin-wzLm9aAi1rc-unsplash.jpg,/kaggle/input/datasets/elmadafri/the-wildfire-dataset/the_wildfire_dataset_2n_version/train/nofire/artem-sapegin-wzLm9aAi1rc-unsplash.jpg,5472,3648,JPEG,RGB,3648
train,nofire,unsplash,artem-zhukov,artem-zhukov-ypvfLui8jh0-unsplash.jpg,/kaggle/input/datasets/elmadafri/the-wildfire-dataset/the_wildfire_dataset_2n_version/train/nofire/artem-zhukov-ypvfLui8jh0-unsplash.jpg,2250,4000,JPEG,RGB,2250
train,nofire,unsplash,artiom-vallat,artiom-vallat-jlifOZe8UC8-unsplash.jpg,/kaggle/input/datasets/elmadafri/the-wildfire-dataset/the_wildfire_dataset_2n_version/train/nofire/artiom-vallat-jlifOZe8UC8-unsplash.jpg,6000,4000,JPEG,RGB,4000
train,nofire,unsplash,aurelien-faux,aurelien-faux-qKYC6aQLPcs-unsplash.jpg,/kaggle/input/datasets/elmadafri/the-wildfire-dataset/the_wildfire_dataset_2n_version/train/nofire/aurelien-faux-qKYC6aQLPcs-unsplash.jpg,3648,5472,JPEG,RGB,3648
train,nofire,unsplash,axel-czikora,axel-czikora-GfTU54kkFmM-unsplash.jpg,/kaggle/input/datasets/elmadafri/the-wildfire-dataset/the_wildfire_dataset_2n_version/train/nofire/axel-czikora-GfTU54kkFmM-unsplash.jpg,4000,3000,JPEG,RGB,3000
train,nofire,unsplash,axel-czikora,axel-czikora-aRIy1z11U3Q-unsplash.jpg,/kaggle/input/datasets/elmadafri/the-wildfire-dataset/the_wildfire_dataset_2n_version/train/nofire/axel-czikora-aRIy1z11U3Q-unsplash.jpg,3985,2242,JPEG,RGB,2242
train,nofire,unsplash,bailey-alexander,bailey-alexander-k81NcbrQmo0-unsplash.jpg,/kaggle/input/datasets/elmadafri/the-wildfire-dataset/the_wildfire_dataset_2n_version/train/nofire/bailey-alexander-k81NcbrQmo0-unsplash.jpg,5000,3333,JPEG,RGB,3333
train,nofire,unsplash,bailey-hall,bailey-hall--Tj3FZQ3yYE-unsplash.jpg,/kaggle/input/datasets/elmadafri/the-wildfire-dataset/the_wildfire_dataset_2n_version/train/nofire/bailey-hall--Tj3FZQ3yYE-unsplash.jpg,4912,2760,JPEG,RGB,2760
train,nofire,unsplash,balazs-busznyak,balazs-busznyak-3mLH_hFGbD4-unsplash.jpg,/kaggle/input/datasets/elmadafri/the-wildfire-dataset/the_wildfire_dataset_2n_version/train/nofire/balazs-busznyak-3mLH_hFGbD4-unsplash.jpg,5464,3640,JPEG,RGB,3640
train,nofire,unsplash,balazs-busznyak,balazs-busznyak-D1PsqkR1woM-unsplash.jpg,/kaggle/input/datasets/elmadafri/the-wildfire-dataset/the_wildfire_dataset_2n_version/train/nofire/balazs-busznyak-D1PsqkR1woM-unsplash.jpg,4096,2304,JPEG,RGB,2304
train,nofire,unsplash,balazs-busznyak,balazs-busznyak-LuwE0_o4GAQ-unsplash.jpg,/kaggle/input/datasets/elmadafri/the-wildfire-dataset/the_wildfire_dataset_2n_version/train/nofire/balazs-busznyak-LuwE0_o4GAQ-unsplash.jpg,4096,2304,JPEG,RGB,2304
train,nofire,unsplash,balazs-busznyak,balazs-busznyak-ZGmQ4qVsaTc-unsplash.jpg,/kaggle/input/datasets/elmadafri/the-wildfire-dataset/the_wildfire_dataset_2n_version/train/nofire/balazs-busznyak-ZGmQ4qVsaTc-unsplash.jpg,4096,2304,JPEG,RGB,2304
train,nofire,unsplash,ben-black,ben-black-r6wCtto743w-unsplash.jpg,/kaggle/input/datasets/elmadafri/the-wildfire-dataset/the_wildfire_dataset_2n_version/train/nofire/ben-black-r6wCtto743w-unsplash.jpg,3456,5184,JPEG,RGB,3456
train,nofire,unsplash,ben-den,ben-den-engelsen-DKkR5GAyd9I-unsplash.jpg,/kaggle/input/datasets/elmadafri/the-wildfire-dataset/the_wildfire_dataset_2n_version/train/nofire/ben-den-engelsen-DKkR5GAyd9I-unsplash.jpg,3992,2992,JPEG,RGB,2992
train,nofire,unsplash,ben-den,ben-den-engelsen-HihiG19aLv8-unsplash.jpg,/kaggle/input/datasets/elmadafri/the-wildfire-dataset/the_wildfire_dataset_2n_version/train/nofire/ben-den-engelsen-HihiG19aLv8-unsplash.jpg,2242,3989,JPEG,RGB,2242
train,nofire,unsplash,ben-den,ben-den-engelsen-SW_jaeIsIOg-unsplash.jpg,/kaggle/input/datasets/elmadafri/the-wildfire-dataset/the_wildfire_dataset_2n_version/train/nofire/ben-den-engelsen-SW_jaeIsIOg-unsplash.jpg,2242,3992,JPEG,RGB,2242
train,nofire,unsplash,ben-den,ben-den-engelsen-TCZ-8vsPAZ0-unsplash.jpg,/kaggle/input/datasets/elmadafri/the-wildfire-dataset/the_wildfire_dataset_2n_version/train/nofire/ben-den-engelsen-TCZ-8vsPAZ0-unsplash.jpg,3992,2242,JPEG,RGB,2242
train,nofire,unsplash,ben-den,ben-den-engelsen-UFwW97AP0LI-unsplash.jpg,/kaggle/input/datasets/elmadafri/the-wildfire-dataset/the_wildfire_dataset_2n_version/train/nofire/ben-den-engelsen-UFwW97AP0LI-unsplash.jpg,3992,2242,JPEG,RGB,2242
train,nofire,unsplash,ben-den,ben-den-engelsen-q0THLEGsq5I-unsplash.jpg,/kaggle/input/datasets/elmadafri/the-wildfire-dataset/the_wildfire_dataset_2n_version/train/nofire/ben-den-engelsen-q0THLEGsq5I-unsplash.jpg,3992,2992,JPEG,RGB,2992
train,nofire,unsplash,ben-dutton,ben-dutton-HeKBd6Em5sk-unsplash.jpg,/kaggle/input/datasets/elmadafri/the-wildfire-dataset/the_wildfire_dataset_2n_version/train/nofire/ben-dutton-HeKBd6Em5sk-unsplash.jpg,6000,4000,JPEG,RGB,4000
train,nofire,unsplash,ben-lambert,ben-lambert-qVpGF060AX4-unsplash.jpg,/kaggle/input/datasets/elmadafri/the-wildfire-dataset/the_wildfire_dataset_2n_version/train/nofire/ben-lambert-qVpGF060AX4-unsplash.jpg,4160,6240,JPEG,RGB,4160
train,nofire,unsplash,benaja-germann,benaja-germann-wHNbdcXgFYU-unsplash.jpg,/kaggle/input/datasets/elmadafri/the-wildfire-dataset/the_wildfire_dataset_2n_version/train/nofire/benaja-germann-wHNbdcXgFYU-unsplash.jpg,3392,4878,JPEG,RGB,3392
train,nofire,unsplash,benjamin-ashton,benjamin-ashton-5G6jrUuKrBo-unsplash.jpg,/kaggle/input/datasets/elmadafri/the-wildfire-dataset/the_wildfire_dataset_2n_version/train/nofire/benjamin-ashton-5G6jrUuKrBo-unsplash.jpg,3648,5472,JPEG,RGB,3648
train,nofire,unsplash,benjamin-grull,benjamin-grull-lOONLlJvKI0-unsplash.jpg,/kaggle/input/datasets/elmadafri/the-wildfire-dataset/the_wildfire_dataset_2n_version/train/nofire/benjamin-grull-lOONLlJvKI0-unsplash.jpg,6000,4000,JPEG,RGB,4000
train,nofire,unsplash,benjamin-voros,benjamin-voros-rNeBqnm1JXY-unsplash.jpg,/kaggle/input/datasets/elmadafri/the-wildfire-dataset/the_wildfire_dataset_2n_version/train/nofire/benjamin-voros-rNeBqnm1JXY-unsplash.jpg,2048,2560,JPEG,RGB,2048
train,nofire,unsplash,benjamin-voros,benjamin-voros-t-3f5RS-JGI-unsplash.jpg,/kaggle/input/datasets/elmadafri/the-wildfire-dataset/the_wildfire_dataset_2n_version/train/nofire/benjamin-voros-t-3f5RS-JGI-unsplash.jpg,3992,2242,JPEG,RGB,2242
train,nofire,unsplash,bernd-dittrich,bernd-dittrich-EOjxrqRFYOA-unsplash.jpg,/kaggle/input/datasets/elmadafri/the-wildfire-dataset/the_wildfire_dataset_2n_version/train/nofire/bernd-dittrich-EOjxrqRFYOA-unsplash.jpg,4048,3032,JPEG,RGB,3032
train,nofire,unsplash,bernd-dittrich,bernd-dittrich-UOQHCo5Xnsc-unsplash.jpg,/kaggle/input/datasets/elmadafri/the-wildfire-dataset/the_wildfire_dataset_2n_version/train/nofire/bernd-dittrich-UOQHCo5Xnsc-unsplash.jpg,6144,2140,JPEG,RGB,2140
train,nofire,unsplash,bernd-dittrich,bernd-dittrich-mUz78jK8Y24-unsplash.jpg,/kaggle/input/datasets/elmadafri/the-wildfire-dataset/the_wildfire_dataset_2n_version/train/nofire/bernd-dittrich-mUz78jK8Y24-unsplash.jpg,4048,2343,JPEG,RGB,2343
train,nofire,unsplash,beyon-binu,beyon-binu-qmQ156HRorc-unsplash.jpg,/kaggle/input/datasets/elmadafri/the-wildfire-dataset/the_wildfire_dataset_2n_version/train/nofire/beyon-binu-qmQ156HRorc-unsplash.jpg,6048,3883,JPEG,RGB,3883
train,nofire,unsplash,blake-wheeler,blake-wheeler-dMakhkE1poE-unsplash.jpg,/kaggle/input/datasets/elmadafri/the-wildfire-dataset/the_wildfire_dataset_2n_version/train/nofire/blake-wheeler-dMakhkE1poE-unsplash.jpg,3992,2992,JPEG,RGB,2992
train,nofire,unsplash,bleron-salihi,bleron-salihi-c74tbyamvyE-unsplash.jpg,/kaggle/input/datasets/elmadafri/the-wildfire-dataset/the_wildfire_dataset_2n_version/train/nofire/bleron-salihi-c74tbyamvyE-unsplash.jpg,4754,3739,JPEG,RGB,3739
train,nofire,unsplash,bobby-stevenson,bobby-stevenson-Bi8vaFCoaNM-unsplash.jpg,/kaggle/input/datasets/elmadafri/the-wildfire-dataset/the_wildfire_dataset_2n_version/train/nofire/bobby-stevenson-Bi8vaFCoaNM-unsplash.jpg,3750,3000,JPEG,RGB,3000
train,nofire,unsplash,boudhayan-bardhan,boudhayan-bardhan-60tataLkJ0U-unsplash.jpg,/kaggle/input/datasets/elmadafri/the-wildfire-dataset/the_wildfire_dataset_2n_version/train/nofire/boudhayan-bardhan-60tataLkJ0U-unsplash.jpg,2000,3000,JPEG,RGB,2000
train,nofire,unsplash,br-WVjI9ixNLno,br-WVjI9ixNLno-unsplash.jpg,/kaggle/input/datasets/elmadafri/the-wildfire-dataset/the_wildfire_dataset_2n_version/train/nofire/br-WVjI9ixNLno-unsplash.jpg,4864,3648,JPEG,RGB,3648
train,nofire,unsplash,brad-mann,brad-mann--dVboeQjz08-unsplash.jpg,/kaggle/input/datasets/elmadafri/the-wildfire-dataset/the_wildfire_dataset_2n_version/train/nofire/brad-mann--dVboeQjz08-unsplash.jpg,5285,4748,JPEG,RGB,4748
train,nofire,unsplash,brendan-beale,brendan-beale-Dq_YHznEXI0-unsplash.jpg,/kaggle/input/datasets/elmadafri/the-wildfire-dataset/the_wildfire_dataset_2n_version/train/nofire/brendan-beale-Dq_YHznEXI0-unsplash.jpg,8000,6000,JPEG,RGB,6000
train,nofire,unsplash,brendan-beale,brendan-beale-YJsw2TfZ_F4-unsplash.jpg,/kaggle/input/datasets/elmadafri/the-wildfire-dataset/the_wildfire_dataset_2n_version/train/nofire/brendan-beale-YJsw2TfZ_F4-unsplash.jpg,8000,6000,JPEG,RGB,6000
train,nofire,unsplash,bruno-melo,bruno-melo-XsAv0ItdT5w-unsplash.jpg,/kaggle/input/datasets/elmadafri/the-wildfire-dataset/the_wildfire_dataset_2n_version/train/nofire/bruno-melo-XsAv0ItdT5w-unsplash.jpg,3332,2976,JPEG,RGB,2976
train,nofire,unsplash,bryan-rodriguez,bryan-rodriguez-NccnfZua3aE-unsplash.jpg,/kaggle/input/datasets/elmadafri/the-wildfire-dataset/the_wildfire_dataset_2n_version/train/nofire/bryan-rodriguez-NccnfZua3aE-unsplash.jpg,3992,2992,JPEG,RGB,2992
train,nofire,unsplash,brydon-mccluskey,brydon-mccluskey-rTYQNvvomHk-unsplash.jpg,/kaggle/input/datasets/elmadafri/the-wildfire-dataset/the_wildfire_dataset_2n_version/train/nofire/brydon-mccluskey-rTYQNvvomHk-unsplash.jpg,3984,2984,JPEG,RGB,2984
train,nofire,unsplash,brydon-mccluskey,brydon-mccluskey-y1Lq4Knyr-c-unsplash.jpg,/kaggle/input/datasets/elmadafri/the-wildfire-dataset/the_wildfire_dataset_2n_version/train/nofire/brydon-mccluskey-y1Lq4Knyr-c-unsplash.jpg,3160,1778,JPEG,RGB,1778
train,nofire,unsplash,byron-johnson,byron-johnson-XD5XverSdUo-unsplash.jpg,/kaggle/input/datasets/elmadafri/the-wildfire-dataset/the_wildfire_dataset_2n_version/train/nofire/byron-johnson-XD5XverSdUo-unsplash.jpg,3456,5184,JPEG,RGB,3456
train,nofire,unsplash,cade-roberts,cade-roberts-TvBNbqn8TZE-unsplash.jpg,/kaggle/input/datasets/elmadafri/the-wildfire-dataset/the_wildfire_dataset_2n_version/train/nofire/cade-roberts-TvBNbqn8TZE-unsplash.jpg,3456,4320,JPEG,RGB,3456
train,nofire,unsplash,caleb-woods,caleb-woods-5NqGg1EsGmY-unsplash.jpg,/kaggle/input/datasets/elmadafri/the-wildfire-dataset/the_wildfire_dataset_2n_version/train/nofire/caleb-woods-5NqGg1EsGmY-unsplash.jpg,5477,3651,JPEG,RGB,3651
train,nofire,unsplash,calin-stan,calin-stan-s7qKz3sGhc4-unsplash.jpg,/kaggle/input/datasets/elmadafri/the-wildfire-dataset/the_wildfire_dataset_2n_version/train/nofire/calin-stan-s7qKz3sGhc4-unsplash.jpg,2332,3500,JPEG,RGB,2332
train,nofire,unsplash,cameron-stow,cameron-stow-IknUlhvcpV0-unsplash.jpg,/kaggle/input/datasets/elmadafri/the-wildfire-dataset/the_wildfire_dataset_2n_version/train/nofire/cameron-stow-IknUlhvcpV0-unsplash.jpg,3438,5157,JPEG,RGB,3438
train,nofire,unsplash,carmine-de,carmine-de-fazio-3ytjETpQMNY-unsplash.jpg,/kaggle/input/datasets/elmadafri/the-wildfire-dataset/the_wildfire_dataset_2n_version/train/nofire/carmine-de-fazio-3ytjETpQMNY-unsplash.jpg,6016,4016,JPEG,RGB,4016
train,nofire,unsplash,casey-horner,casey-horner-09Ds-LMCimI-unsplash.jpg,/kaggle/input/datasets/elmadafri/the-wildfire-dataset/the_wildfire_dataset_2n_version/train/nofire/casey-horner-09Ds-LMCimI-unsplash.jpg,4016,5755,JPEG,RGB,4016
train,nofire,unsplash,casey-horner,casey-horner-1ntpXBX2-JU-unsplash.jpg,/kaggle/input/datasets/elmadafri/the-wildfire-dataset/the_wildfire_dataset_2n_version/train/nofire/casey-horner-1ntpXBX2-JU-unsplash.jpg,3830,5221,JPEG,RGB,3830
train,nofire,unsplash,casey-horner,casey-horner-20VGfqwDeEQ-unsplash.jpg,/kaggle/input/datasets/elmadafri/the-wildfire-dataset/the_wildfire_dataset_2n_version/train/nofire/casey-horner-20VGfqwDeEQ-unsplash.jpg,6016,4016,JPEG,RGB,4016
train,nofire,unsplash,casey-horner,casey-horner-JNHrBVfdT_A-unsplash.jpg,/kaggle/input/datasets/elmadafri/the-wildfire-dataset/the_wildfire_dataset_2n_version/train/nofire/casey-horner-JNHrBVfdT_A-unsplash.jpg,3651,5477,JPEG,RGB,3651
train,nofire,unsplash,casey-horner,casey-horner-L-HxY2XlaaY-unsplash.jpg,/kaggle/input/datasets/elmadafri/the-wildfire-dataset/the_wildfire_dataset_2n_version/train/nofire/casey-horner-L-HxY2XlaaY-unsplash.jpg,3899,5128,JPEG,RGB,3899
train,nofire,unsplash,casey-horner,casey-horner-OlMAWilgnvY-unsplash.jpg,/kaggle/input/datasets/elmadafri/the-wildfire-dataset/the_wildfire_dataset_2n_version/train/nofire/casey-horner-OlMAWilgnvY-unsplash.jpg,4534,4409,JPEG,RGB,4409
train,nofire,unsplash,casey-horner,casey-horner-OopzSWabsWE-unsplash.jpg,/kaggle/input/datasets/elmadafri/the-wildfire-dataset/the_wildfire_dataset_2n_version/train/nofire/casey-horner-OopzSWabsWE-unsplash.jpg,4016,6016,JPEG,RGB,4016
train,nofire,unsplash,casey-horner,casey-horner-RakULpn7Vns-unsplash.jpg,/kaggle/input/datasets/elmadafri/the-wildfire-dataset/the_wildfire_dataset_2n_version/train/nofire/casey-horner-RakULpn7Vns-unsplash.jpg,6000,4000,JPEG,RGB,4000
train,nofire,unsplash,casey-horner,casey-horner-dTLj_5Nmhjs-unsplash.jpg,/kaggle/input/datasets/elmadafri/the-wildfire-dataset/the_wildfire_dataset_2n_version/train/nofire/casey-horner-dTLj_5Nmhjs-unsplash.jpg,3967,5039,JPEG,RGB,3967
train,nofire,unsplash,casey-horner,casey-horner-iJT9TEt7qlo-unsplash.jpg,/kaggle/input/datasets/elmadafri/the-wildfire-dataset/the_wildfire_dataset_2n_version/train/nofire/casey-horner-iJT9TEt7qlo-unsplash.jpg,3876,5806,JPEG,RGB,3876
train,nofire,unsplash,casey-horner,casey-horner-kqIA11dfeu0-unsplash.jpg,/kaggle/input/datasets/elmadafri/the-wildfire-dataset/the_wildfire_dataset_2n_version/train/nofire/casey-horner-kqIA11dfeu0-unsplash.jpg,4016,6016,JPEG,RGB,4016
train,nofire,unsplash,casey-horner,casey-horner-pRRSpbCFUOM-unsplash.jpg,/kaggle/input/datasets/elmadafri/the-wildfire-dataset/the_wildfire_dataset_2n_version/train/nofire/casey-horner-pRRSpbCFUOM-unsplash.jpg,3654,5473,JPEG,RGB,3654
train,nofire,unsplash,cassie-matias,cassie-matias-l8Ab2-Tgvgk-unsplash.jpg,/kaggle/input/datasets/elmadafri/the-wildfire-dataset/the_wildfire_dataset_2n_version/train/nofire/cassie-matias-l8Ab2-Tgvgk-unsplash.jpg,3870,2902,JPEG,RGB,2902
train,nofire,unsplash,catalin-dragu,catalin-dragu-VOHg6WZeSJ8-unsplash.jpg,/kaggle/input/datasets/elmadafri/the-wildfire-dataset/the_wildfire_dataset_2n_version/train/nofire/catalin-dragu-VOHg6WZeSJ8-unsplash.jpg,3840,2160,JPEG,RGB,2160
train,nofire,unsplash,cedric-charmillot,cedric-charmillot-Mbs0OwQWNr0-unsplash.jpg,/kaggle/input/datasets/elmadafri/the-wildfire-dataset/the_wildfire_dataset_2n_version/train/nofire/cedric-charmillot-Mbs0OwQWNr0-unsplash.jpg,4000,3000,JPEG,RGB,3000
train,nofire,unsplash,cesar-couto,cesar-couto-Z83CMY9ho-I-unsplash.jpg,/kaggle/input/datasets/elmadafri/the-wildfire-dataset/the_wildfire_dataset_2n_version/train/nofire/cesar-couto-Z83CMY9ho-I-unsplash.jpg,5131,2883,JPEG,RGB,2883
train,nofire,unsplash,chad-mcmillan,chad-mcmillan-R4T9TI8EsJI-unsplash.jpg,/kaggle/input/datasets/elmadafri/the-wildfire-dataset/the_wildfire_dataset_2n_version/train/nofire/chad-mcmillan-R4T9TI8EsJI-unsplash.jpg,3500,2308,JPEG,RGB,2308
train,nofire,unsplash,charley-pangus,charley-pangus-7nZ4uKGKngw-unsplash.jpg,/kaggle/input/datasets/elmadafri/the-wildfire-dataset/the_wildfire_dataset_2n_version/train/nofire/charley-pangus-7nZ4uKGKngw-unsplash.jpg,6000,4000,JPEG,RGB,4000
train,nofire,unsplash,chirag-tripathi,chirag-tripathi-0U_fnrfGOhE-unsplash.jpg,/kaggle/input/datasets/elmadafri/the-wildfire-dataset/the_wildfire_dataset_2n_version/train/nofire/chirag-tripathi-0U_fnrfGOhE-unsplash.jpg,4000,2250,JPEG,RGB,2250
train,nofire,unsplash,chris-bair,chris-bair-n59wYPDrVVg-unsplash.jpg,/kaggle/input/datasets/elmadafri/the-wildfire-dataset/the_wildfire_dataset_2n_version/train/nofire/chris-bair-n59wYPDrVVg-unsplash.jpg,3992,2242,JPEG,RGB,2242
train,nofire,unsplash,chris-bair,chris-bair-rrpQv3MapOg-unsplash.jpg,/kaggle/input/datasets/elmadafri/the-wildfire-dataset/the_wildfire_dataset_2n_version/train/nofire/chris-bair-rrpQv3MapOg-unsplash.jpg,3992,2242,JPEG,RGB,2242
train,nofire,unsplash,chris-barbalis,chris-barbalis-n1EsQQnvA3o-unsplash.jpg,/kaggle/input/datasets/elmadafri/the-wildfire-dataset/the_wildfire_dataset_2n_version/train/nofire/chris-barbalis-n1EsQQnvA3o-unsplash.jpg,6000,4000,JPEG,RGB,4000
train,nofire,unsplash,chris-henry,chris-henry-LJkIygEJmtU-unsplash.jpg,/kaggle/input/datasets/elmadafri/the-wildfire-dataset/the_wildfire_dataset_2n_version/train/nofire/chris-henry-LJkIygEJmtU-unsplash.jpg,4272,2848,JPEG,RGB,2848
train,nofire,unsplash,chris-kursikowski,chris-kursikowski-9nya3cwmq2c-unsplash.jpg,/kaggle/input/datasets/elmadafri/the-wildfire-dataset/the_wildfire_dataset_2n_version/train/nofire/chris-kursikowski-9nya3cwmq2c-unsplash.jpg,2348,3525,JPEG,RGB,2348
train,nofire,unsplash,chris-lawton,chris-lawton-6tfO1M8_gas-unsplash.jpg,/kaggle/input/datasets/elmadafri/the-wildfire-dataset/the_wildfire_dataset_2n_version/train/nofire/chris-lawton-6tfO1M8_gas-unsplash.jpg,6000,4001,JPEG,RGB,4001
train,nofire,unsplash,chris-maestas,chris-maestas-xrQpW8hlp3o-unsplash.jpg,/kaggle/input/datasets/elmadafri/the-wildfire-dataset/the_wildfire_dataset_2n_version/train/nofire/chris-maestas-xrQpW8hlp3o-unsplash.jpg,3978,2091,JPEG,RGB,2091
train,nofire,unsplash,chris-meads,chris-meads-n22ADP3cjrE-unsplash.jpg,/kaggle/input/datasets/elmadafri/the-wildfire-dataset/the_wildfire_dataset_2n_version/train/nofire/chris-meads-n22ADP3cjrE-unsplash.jpg,5380,3584,JPEG,RGB,3584
train,nofire,unsplash,chris-sanchez,chris-sanchez-YXzQe8JHvwc-unsplash.jpg,/kaggle/input/datasets/elmadafri/the-wildfire-dataset/the_wildfire_dataset_2n_version/train/nofire/chris-sanchez-YXzQe8JHvwc-unsplash.jpg,3888,2592,JPEG,RGB,2592
train,nofire,unsplash,chris-turgeon,chris-turgeon-K7Nr1zfFg_Y-unsplash.jpg,/kaggle/input/datasets/elmadafri/the-wildfire-dataset/the_wildfire_dataset_2n_version/train/nofire/chris-turgeon-K7Nr1zfFg_Y-unsplash.jpg,2757,3447,JPEG,RGB,2757
train,nofire,unsplash,christian-grab,christian-grab-AygJgCM_vto-unsplash.jpg,/kaggle/input/datasets/elmadafri/the-wildfire-dataset/the_wildfire_dataset_2n_version/train/nofire/christian-grab-AygJgCM_vto-unsplash.jpg,1814,2500,JPEG,RGB,1814
train,nofire,unsplash,christian-regg,christian-regg-o7LDdRDIYiY-unsplash.jpg,/kaggle/input/datasets/elmadafri/the-wildfire-dataset/the_wildfire_dataset_2n_version/train/nofire/christian-regg-o7LDdRDIYiY-unsplash.jpg,7360,4912,JPEG,RGB,4912
train,nofire,unsplash,chuttersnap-hS1vWzHoxI8,chuttersnap-hS1vWzHoxI8-unsplash.jpg,/kaggle/input/datasets/elmadafri/the-wildfire-dataset/the_wildfire_dataset_2n_version/train/nofire/chuttersnap-hS1vWzHoxI8-unsplash.jpg,3992,2992,JPEG,RGB,2992
train,nofire,unsplash,ciprian-boiciuc,ciprian-boiciuc-kKadFByUqEo-unsplash.jpg,/kaggle/input/datasets/elmadafri/the-wildfire-dataset/the_wildfire_dataset_2n_version/train/nofire/ciprian-boiciuc-kKadFByUqEo-unsplash.jpg,3264,4896,JPEG,RGB,3264
train,nofire,unsplash,clay-banks,clay-banks-NynIeQRSb74-unsplash.jpg,/kaggle/input/datasets/elmadafri/the-wildfire-dataset/the_wildfire_dataset_2n_version/train/nofire/clay-banks-NynIeQRSb74-unsplash.jpg,2196,3600,JPEG,RGB,2196
train,nofire,unsplash,clay-banks,clay-banks-XhemLSLyHQw-unsplash.jpg,/kaggle/input/datasets/elmadafri/the-wildfire-dataset/the_wildfire_dataset_2n_version/train/nofire/clay-banks-XhemLSLyHQw-unsplash.jpg,2190,3900,JPEG,RGB,2190
train,nofire,unsplash,clay-banks,clay-banks-n3oxNp0uV90-unsplash.jpg,/kaggle/input/datasets/elmadafri/the-wildfire-dataset/the_wildfire_dataset_2n_version/train/nofire/clay-banks-n3oxNp0uV90-unsplash.jpg,2190,3900,JPEG,RGB,2190
train,nofire,unsplash,clay-banks,clay-banks-r355OxzYdaE-unsplash.jpg,/kaggle/input/datasets/elmadafri/the-wildfire-dataset/the_wildfire_dataset_2n_version/train/nofire/clay-banks-r355OxzYdaE-unsplash.jpg,2303,3777,JPEG,RGB,2303
train,nofire,unsplash,clay-banks,clay-banks-zhe3gVi6YBM-unsplash.jpg,/kaggle/input/datasets/elmadafri/the-wildfire-dataset/the_wildfire_dataset_2n_version/train/nofire/clay-banks-zhe3gVi6YBM-unsplash.jpg,4500,3000,JPEG,RGB,3000
train,nofire,unsplash,clay-elliot,clay-elliot-nWr7mUFtyho-unsplash.jpg,/kaggle/input/datasets/elmadafri/the-wildfire-dataset/the_wildfire_dataset_2n_version/train/nofire/clay-elliot-nWr7mUFtyho-unsplash.jpg,2253,3070,JPEG,RGB,2253
train,nofire,unsplash,clement-duguerre,clement-duguerre-gakIfgeuO88-unsplash.jpg,/kaggle/input/datasets/elmadafri/the-wildfire-dataset/the_wildfire_dataset_2n_version/train/nofire/clement-duguerre-gakIfgeuO88-unsplash.jpg,6000,4000,JPEG,RGB,4000
train,nofire,unsplash,clement-fusil,clement-fusil-ix2rNtPgEWI-unsplash.jpg,/kaggle/input/datasets/elmadafri/the-wildfire-dataset/the_wildfire_dataset_2n_version/train/nofire/clement-fusil-ix2rNtPgEWI-unsplash.jpg,3000,1993,JPEG,RGB,1993
train,nofire,unsplash,clement-m,clement-m-h7vKkZNNThE-unsplash.jpg,/kaggle/input/datasets/elmadafri/the-wildfire-dataset/the_wildfire_dataset_2n_version/train/nofire/clement-m-h7vKkZNNThE-unsplash.jpg,4608,3072,JPEG,RGB,3072
train,nofire,unsplash,clement-m,clement-m-igX2deuD9lc-unsplash.jpg,/kaggle/input/datasets/elmadafri/the-wildfire-dataset/the_wildfire_dataset_2n_version/train/nofire/clement-m-igX2deuD9lc-unsplash.jpg,3072,4608,JPEG,RGB,3072
train,nofire,unsplash,cody-doherty,cody-doherty-i2se8qITSWA-unsplash.jpg,/kaggle/input/datasets/elmadafri/the-wildfire-dataset/the_wildfire_dataset_2n_version/train/nofire/cody-doherty-i2se8qITSWA-unsplash.jpg,4439,2959,JPEG,RGB,2959
train,nofire,unsplash,cole-freeman,cole-freeman-6PB8SYmwecM-unsplash.jpg,/kaggle/input/datasets/elmadafri/the-wildfire-dataset/the_wildfire_dataset_2n_version/train/nofire/cole-freeman-6PB8SYmwecM-unsplash.jpg,3104,2328,JPEG,RGB,2328
train,nofire,unsplash,cole-freeman,cole-freeman-BeAiBhYTvLg-unsplash.jpg,/kaggle/input/datasets/elmadafri/the-wildfire-dataset/the_wildfire_dataset_2n_version/train/nofire/cole-freeman-BeAiBhYTvLg-unsplash.jpg,3968,2976,JPEG,RGB,2976
train,nofire,unsplash,cole-freeman,cole-freeman-DkBp6XI4430-unsplash.jpg,/kaggle/input/datasets/elmadafri/the-wildfire-dataset/the_wildfire_dataset_2n_version/train/nofire/cole-freeman-DkBp6XI4430-unsplash.jpg,4000,5333,JPEG,RGB,4000
train,nofire,unsplash,cole-freeman,cole-freeman-HKie6QyBO_k-unsplash.jpg,/kaggle/input/datasets/elmadafri/the-wildfire-dataset/the_wildfire_dataset_2n_version/train/nofire/cole-freeman-HKie6QyBO_k-unsplash.jpg,6000,3375,JPEG,RGB,3375
train,nofire,unsplash,cole-freeman,cole-freeman-Ilzb3kagOSc-unsplash.jpg,/kaggle/input/datasets/elmadafri/the-wildfire-dataset/the_wildfire_dataset_2n_version/train/nofire/cole-freeman-Ilzb3kagOSc-unsplash.jpg,3491,1964,JPEG,RGB,1964
train,nofire,unsplash,cole-freeman,cole-freeman-Nb4S6o1Z8pU-unsplash.jpg,/kaggle/input/datasets/elmadafri/the-wildfire-dataset/the_wildfire_dataset_2n_version/train/nofire/cole-freeman-Nb4S6o1Z8pU-unsplash.jpg,3968,2976,JPEG,RGB,2976
train,nofire,unsplash,cole-freeman,cole-freeman-vZCfFydcttg-unsplash.jpg,/kaggle/input/datasets/elmadafri/the-wildfire-dataset/the_wildfire_dataset_2n_version/train/nofire/cole-freeman-vZCfFydcttg-unsplash.jpg,3072,4608,JPEG,RGB,3072
train,nofire,unsplash,craig-bradford,craig-bradford-9bUkEBeXUUQ-unsplash.jpg,/kaggle/input/datasets/elmadafri/the-wildfire-dataset/the_wildfire_dataset_2n_version/train/nofire/craig-bradford-9bUkEBeXUUQ-unsplash.jpg,3615,2030,JPEG,RGB,2030
train,nofire,unsplash,cristian-castillo,cristian-castillo-D4yjy4ZsJck-unsplash.jpg,/kaggle/input/datasets/elmadafri/the-wildfire-dataset/the_wildfire_dataset_2n_version/train/nofire/cristian-castillo-D4yjy4ZsJck-unsplash.jpg,6000,4000,JPEG,RGB,4000
train,nofire,unsplash,cristian-vieriu,cristian-vieriu-2hkpim9ZSMo-unsplash.jpg,/kaggle/input/datasets/elmadafri/the-wildfire-dataset/the_wildfire_dataset_2n_version/train/nofire/cristian-vieriu-2hkpim9ZSMo-unsplash.jpg,4000,2250,JPEG,RGB,2250
train,nofire,unsplash,cristian-vieriu,cristian-vieriu-hWssRtmp4nc-unsplash.jpg,/kaggle/input/datasets/elmadafri/the-wildfire-dataset/the_wildfire_dataset_2n_version/train/nofire/cristian-vieriu-hWssRtmp4nc-unsplash.jpg,4000,2250,JPEG,RGB,2250
train,nofire,unsplash,cristian-vieriu,cristian-vieriu-vvEpj8d7dQc-unsplash.jpg,/kaggle/input/datasets/elmadafri/the-wildfire-dataset/the_wildfire_dataset_2n_version/train/nofire/cristian-vieriu-vvEpj8d7dQc-unsplash.jpg,4000,2250,JPEG,RGB,2250
train,nofire,unsplash,cristina-gottardi,cristina-gottardi-ahzgaalmLYY-unsplash.jpg,/kaggle/input/datasets/elmadafri/the-wildfire-dataset/the_wildfire_dataset_2n_version/train/nofire/cristina-gottardi-ahzgaalmLYY-unsplash.jpg,4896,3264,JPEG,RGB,3264
train,nofire,unsplash,cristina-gottardi,cristina-gottardi-wndpWTiDuT0-unsplash.jpg,/kaggle/input/datasets/elmadafri/the-wildfire-dataset/the_wildfire_dataset_2n_version/train/nofire/cristina-gottardi-wndpWTiDuT0-unsplash.jpg,4896,3264,JPEG,RGB,3264
train,nofire,unsplash,cristofer-maximilian,cristofer-maximilian-5NyN-wyH3qE-unsplash.jpg,/kaggle/input/datasets/elmadafri/the-wildfire-dataset/the_wildfire_dataset_2n_version/train/nofire/cristofer-maximilian-5NyN-wyH3qE-unsplash.jpg,6000,4000,JPEG,RGB,4000
train,nofire,unsplash,cristofer-maximilian,cristofer-maximilian-BO14MMJLMIk-unsplash.jpg,/kaggle/input/datasets/elmadafri/the-wildfire-dataset/the_wildfire_dataset_2n_version/train/nofire/cristofer-maximilian-BO14MMJLMIk-unsplash.jpg,4000,6000,JPEG,RGB,4000
train,nofire,unsplash,cristofer-maximilian,cristofer-maximilian-ZmbOdU16tjY-unsplash.jpg,/kaggle/input/datasets/elmadafri/the-wildfire-dataset/the_wildfire_dataset_2n_version/train/nofire/cristofer-maximilian-ZmbOdU16tjY-unsplash.jpg,7952,5304,JPEG,RGB,5304
train,nofire,unsplash,cyrus-crossan,cyrus-crossan-gS_ddyX9_x4-unsplash.jpg,/kaggle/input/datasets/elmadafri/the-wildfire-dataset/the_wildfire_dataset_2n_version/train/nofire/cyrus-crossan-gS_ddyX9_x4-unsplash.jpg,5924,3949,JPEG,RGB,3949
train,nofire,unsplash,damien-checoury,damien-checoury-03YfWDpHv40-unsplash.jpg,/kaggle/input/datasets/elmadafri/the-wildfire-dataset/the_wildfire_dataset_2n_version/train/nofire/damien-checoury-03YfWDpHv40-unsplash.jpg,3992,2992,JPEG,RGB,2992
train,nofire,unsplash,dan-meyers,dan-meyers-8m1fC4aPxuw-unsplash.jpg,/kaggle/input/datasets/elmadafri/the-wildfire-dataset/the_wildfire_dataset_2n_version/train/nofire/dan-meyers-8m1fC4aPxuw-unsplash.jpg,5472,3648,JPEG,RGB,3648
train,nofire,unsplash,dan-meyers,dan-meyers-TWENdzEF6-o-unsplash.jpg,/kaggle/input/datasets/elmadafri/the-wildfire-dataset/the_wildfire_dataset_2n_version/train/nofire/dan-meyers-TWENdzEF6-o-unsplash.jpg,5464,3640,JPEG,RGB,3640
train,nofire,unsplash,dan-otis,dan-otis-OYFHT4X5isg-unsplash.jpg,/kaggle/input/datasets/elmadafri/the-wildfire-dataset/the_wildfire_dataset_2n_version/train/nofire/dan-otis-OYFHT4X5isg-unsplash.jpg,5184,3456,JPEG,RGB,3456
train,nofire,unsplash,dan-rogers,dan-rogers-lMIvz5b1vRo-unsplash.jpg,/kaggle/input/datasets/elmadafri/the-wildfire-dataset/the_wildfire_dataset_2n_version/train/nofire/dan-rogers-lMIvz5b1vRo-unsplash.jpg,6000,4000,JPEG,RGB,4000
train,nofire,unsplash,daniel-frank,daniel-frank-FHaSDVc-NWM-unsplash.jpg,/kaggle/input/datasets/elmadafri/the-wildfire-dataset/the_wildfire_dataset_2n_version/train/nofire/daniel-frank-FHaSDVc-NWM-unsplash.jpg,3888,2592,JPEG,RGB,2592
train,nofire,unsplash,daniel-frank,daniel-frank-LIHiWVXaUyM-unsplash.jpg,/kaggle/input/datasets/elmadafri/the-wildfire-dataset/the_wildfire_dataset_2n_version/train/nofire/daniel-frank-LIHiWVXaUyM-unsplash.jpg,3888,2592,JPEG,RGB,2592
train,nofire,unsplash,daniel-genser,daniel-genser-PzPbh-faPgU-unsplash.jpg,/kaggle/input/datasets/elmadafri/the-wildfire-dataset/the_wildfire_dataset_2n_version/train/nofire/daniel-genser-PzPbh-faPgU-unsplash.jpg,2000,1333,JPEG,RGB,1333
train,nofire,unsplash,daniel-j,daniel-j-schwarz-MYVrOV48pVw-unsplash.jpg,/kaggle/input/datasets/elmadafri/the-wildfire-dataset/the_wildfire_dataset_2n_version/train/nofire/daniel-j-schwarz-MYVrOV48pVw-unsplash.jpg,4160,6240,JPEG,RGB,4160
train,nofire,unsplash,daniel-kainz,daniel-kainz-FdkF3FKWeK0-unsplash.jpg,/kaggle/input/datasets/elmadafri/the-wildfire-dataset/the_wildfire_dataset_2n_version/train/nofire/daniel-kainz-FdkF3FKWeK0-unsplash.jpg,1582,2048,JPEG,RGB,1582
train,nofire,unsplash,daniel-mirlea,daniel-mirlea-qCMpxBhvURc-unsplash.jpg,/kaggle/input/datasets/elmadafri/the-wildfire-dataset/the_wildfire_dataset_2n_version/train/nofire/daniel-mirlea-qCMpxBhvURc-unsplash.jpg,6946,4636,JPEG,RGB,4636
train,nofire,unsplash,daniel-oberg,daniel-oberg-49CAJoYFmdg-unsplash.jpg,/kaggle/input/datasets/elmadafri/the-wildfire-dataset/the_wildfire_dataset_2n_version/train/nofire/daniel-oberg-49CAJoYFmdg-unsplash.jpg,2720,3400,JPEG,RGB,2720
train,nofire,unsplash,daniel-olah,daniel-olah-ZbEURDlbE6o-unsplash.jpg,/kaggle/input/datasets/elmadafri/the-wildfire-dataset/the_wildfire_dataset_2n_version/train/nofire/daniel-olah-ZbEURDlbE6o-unsplash.jpg,4140,7360,JPEG,RGB,4140
train,nofire,unsplash,daniel-plan,daniel-plan-rroHrT9LtQo-unsplash.jpg,/kaggle/input/datasets/elmadafri/the-wildfire-dataset/the_wildfire_dataset_2n_version/train/nofire/daniel-plan-rroHrT9LtQo-unsplash.jpg,5545,3697,JPEG,RGB,3697
train,nofire,unsplash,daniel-rauber,daniel-rauber-wOWEyyoFEyU-unsplash.jpg,/kaggle/input/datasets/elmadafri/the-wildfire-dataset/the_wildfire_dataset_2n_version/train/nofire/daniel-rauber-wOWEyyoFEyU-unsplash.jpg,7360,4594,JPEG,RGB,4594
train,nofire,unsplash,daniel-soderman,daniel-soderman-ds7eUa2MfNA-unsplash.jpg,/kaggle/input/datasets/elmadafri/the-wildfire-dataset/the_wildfire_dataset_2n_version/train/nofire/daniel-soderman-ds7eUa2MfNA-unsplash.jpg,2992,3740,JPEG,RGB,2992
train,nofire,unsplash,daniel-wallace,daniel-wallace-USu6TA8aQ1E-unsplash.jpg,/kaggle/input/datasets/elmadafri/the-wildfire-dataset/the_wildfire_dataset_2n_version/train/nofire/daniel-wallace-USu6TA8aQ1E-unsplash.jpg,2560,1438,JPEG,RGB,1438
train,nofire,unsplash,daniil-silantev,daniil-silantev-c5CajE3SNtA-unsplash.jpg,/kaggle/input/datasets/elmadafri/the-wildfire-dataset/the_wildfire_dataset_2n_version/train/nofire/daniil-silantev-c5CajE3SNtA-unsplash.jpg,4895,3268,JPEG,RGB,3268
train,nofire,unsplash,daniil-silantev,daniil-silantev-hjODrLxv55E-unsplash.jpg,/kaggle/input/datasets/elmadafri/the-wildfire-dataset/the_wildfire_dataset_2n_version/train/nofire/daniil-silantev-hjODrLxv55E-unsplash.jpg,6004,3997,JPEG,RGB,3997
train,nofire,unsplash,daniil-silantev,daniil-silantev-n6to3HSgTXI-unsplash.jpg,/kaggle/input/datasets/elmadafri/the-wildfire-dataset/the_wildfire_dataset_2n_version/train/nofire/daniil-silantev-n6to3HSgTXI-unsplash.jpg,3255,4914,JPEG,RGB,3255
train,nofire,unsplash,daniil-silantev,daniil-silantev-wzLhNAHiOvE-unsplash.jpg,/kaggle/input/datasets/elmadafri/the-wildfire-dataset/the_wildfire_dataset_2n_version/train/nofire/daniil-silantev-wzLhNAHiOvE-unsplash.jpg,5960,4026,JPEG,RGB,4026
train,nofire,unsplash,danilo-capece,danilo-capece-R6Svc7JWhIo-unsplash.jpg,/kaggle/input/datasets/elmadafri/the-wildfire-dataset/the_wildfire_dataset_2n_version/train/nofire/danilo-capece-R6Svc7JWhIo-unsplash.jpg,2875,5120,JPEG,RGB,2875
train,nofire,unsplash,dave-herring,dave-herring-4MxZb6-wy6E-unsplash.jpg,/kaggle/input/datasets/elmadafri/the-wildfire-dataset/the_wildfire_dataset_2n_version/train/nofire/dave-herring-4MxZb6-wy6E-unsplash.jpg,5179,6474,JPEG,RGB,5179
train,nofire,unsplash,dave-herring,dave-herring-D262LwMlOr8-unsplash.jpg,/kaggle/input/datasets/elmadafri/the-wildfire-dataset/the_wildfire_dataset_2n_version/train/nofire/dave-herring-D262LwMlOr8-unsplash.jpg,4199,5249,JPEG,RGB,4199
train,nofire,unsplash,dave-herring,dave-herring-NPpV-SRqpAw-unsplash.jpg,/kaggle/input/datasets/elmadafri/the-wildfire-dataset/the_wildfire_dataset_2n_version/train/nofire/dave-herring-NPpV-SRqpAw-unsplash.jpg,6678,4452,JPEG,RGB,4452
train,nofire,unsplash,dave-herring,dave-herring-Yqtv25PKjZo-unsplash.jpg,/kaggle/input/datasets/elmadafri/the-wildfire-dataset/the_wildfire_dataset_2n_version/train/nofire/dave-herring-Yqtv25PKjZo-unsplash.jpg,4424,6636,JPEG,RGB,4424
train,nofire,unsplash,dave-herring,dave-herring-xrjBELh1ybY-unsplash.jpg,/kaggle/input/datasets/elmadafri/the-wildfire-dataset/the_wildfire_dataset_2n_version/train/nofire/dave-herring-xrjBELh1ybY-unsplash.jpg,7952,5304,JPEG,RGB,5304
train,nofire,unsplash,dave-hoefler,dave-hoefler-7RrPVxOl4Sk-unsplash.jpg,/kaggle/input/datasets/elmadafri/the-wildfire-dataset/the_wildfire_dataset_2n_version/train/nofire/dave-hoefler-7RrPVxOl4Sk-unsplash.jpg,2844,3982,JPEG,RGB,2844
train,nofire,unsplash,dave-hoefler,dave-hoefler-9V-hT3P_7KI-unsplash.jpg,/kaggle/input/datasets/elmadafri/the-wildfire-dataset/the_wildfire_dataset_2n_version/train/nofire/dave-hoefler-9V-hT3P_7KI-unsplash.jpg,3840,5376,JPEG,RGB,3840
train,nofire,unsplash,dave-hoefler,dave-hoefler-LzSU1IXG68U-unsplash.jpg,/kaggle/input/datasets/elmadafri/the-wildfire-dataset/the_wildfire_dataset_2n_version/train/nofire/dave-hoefler-LzSU1IXG68U-unsplash.jpg,3982,2489,JPEG,RGB,2489
train,nofire,unsplash,dave-hoefler,dave-hoefler-NpMl97aTmco-unsplash.jpg,/kaggle/input/datasets/elmadafri/the-wildfire-dataset/the_wildfire_dataset_2n_version/train/nofire/dave-hoefler-NpMl97aTmco-unsplash.jpg,5411,3605,JPEG,RGB,3605
train,nofire,unsplash,dave-hoefler,dave-hoefler-od287vQyufw-unsplash.jpg,/kaggle/input/datasets/elmadafri/the-wildfire-dataset/the_wildfire_dataset_2n_version/train/nofire/dave-hoefler-od287vQyufw-unsplash.jpg,5760,3600,JPEG,RGB,3600
train,nofire,unsplash,dave-hoefler,dave-hoefler-pe2X3tQ2EvQ-unsplash.jpg,/kaggle/input/datasets/elmadafri/the-wildfire-dataset/the_wildfire_dataset_2n_version/train/nofire/dave-hoefler-pe2X3tQ2EvQ-unsplash.jpg,5603,3502,JPEG,RGB,3502
train,nofire,unsplash,dave-hoefler,dave-hoefler-rcE3_D-u2NE-unsplash.jpg,/kaggle/input/datasets/elmadafri/the-wildfire-dataset/the_wildfire_dataset_2n_version/train/nofire/dave-hoefler-rcE3_D-u2NE-unsplash.jpg,5760,3600,JPEG,RGB,3600
train,nofire,unsplash,dave-hoefler,dave-hoefler-zR1-jvnJSSc-unsplash.jpg,/kaggle/input/datasets/elmadafri/the-wildfire-dataset/the_wildfire_dataset_2n_version/train/nofire/dave-hoefler-zR1-jvnJSSc-unsplash.jpg,3982,2844,JPEG,RGB,2844
train,nofire,unsplash,dave-michuda,dave-michuda-tnJHwBblCIg-unsplash.jpg,/kaggle/input/datasets/elmadafri/the-wildfire-dataset/the_wildfire_dataset_2n_version/train/nofire/dave-michuda-tnJHwBblCIg-unsplash.jpg,2048,1536,JPEG,RGB,1536
train,nofire,unsplash,david-geere,david-geere-oFxuQxE0Hm0-unsplash.jpg,/kaggle/input/datasets/elmadafri/the-wildfire-dataset/the_wildfire_dataset_2n_version/train/nofire/david-geere-oFxuQxE0Hm0-unsplash.jpg,4000,2250,JPEG,RGB,2250
train,nofire,unsplash,david-hendricks,david-hendricks-9MWUzbR_KwU-unsplash.jpg,/kaggle/input/datasets/elmadafri/the-wildfire-dataset/the_wildfire_dataset_2n_version/train/nofire/david-hendricks-9MWUzbR_KwU-unsplash.jpg,2992,3740,JPEG,RGB,2992
train,nofire,unsplash,david-jusko,david-jusko-tYehUoeNRYw-unsplash.jpg,/kaggle/input/datasets/elmadafri/the-wildfire-dataset/the_wildfire_dataset_2n_version/train/nofire/david-jusko-tYehUoeNRYw-unsplash.jpg,4000,6000,JPEG,RGB,4000
train,nofire,unsplash,david-kovalenko,david-kovalenko-qYMa2-P-U0M-unsplash.jpg,/kaggle/input/datasets/elmadafri/the-wildfire-dataset/the_wildfire_dataset_2n_version/train/nofire/david-kovalenko-qYMa2-P-U0M-unsplash.jpg,4000,3000,JPEG,RGB,3000
train,nofire,unsplash,david-marcu,david-marcu-78A265wPiO4-unsplash.jpg,/kaggle/input/datasets/elmadafri/the-wildfire-dataset/the_wildfire_dataset_2n_version/train/nofire/david-marcu-78A265wPiO4-unsplash.jpg,3506,2329,JPEG,RGB,2329
train,nofire,unsplash,david-marcu,david-marcu-CaQ_KITtnVY-unsplash.jpg,/kaggle/input/datasets/elmadafri/the-wildfire-dataset/the_wildfire_dataset_2n_version/train/nofire/david-marcu-CaQ_KITtnVY-unsplash.jpg,3747,2489,JPEG,RGB,2489
train,nofire,unsplash,david-mullins,david-mullins-3Jnws1iRSwk-unsplash.jpg,/kaggle/input/datasets/elmadafri/the-wildfire-dataset/the_wildfire_dataset_2n_version/train/nofire/david-mullins-3Jnws1iRSwk-unsplash.jpg,5113,3409,JPEG,RGB,3409
train,nofire,unsplash,dawid-zawila,dawid-zawila--G3rw6Y02D0-unsplash.jpg,/kaggle/input/datasets/elmadafri/the-wildfire-dataset/the_wildfire_dataset_2n_version/train/nofire/dawid-zawila--G3rw6Y02D0-unsplash.jpg,4159,2773,JPEG,RGB,2773
train,nofire,unsplash,dawson-mccormick,dawson-mccormick-54KgZS_r-n0-unsplash.jpg,/kaggle/input/datasets/elmadafri/the-wildfire-dataset/the_wildfire_dataset_2n_version/train/nofire/dawson-mccormick-54KgZS_r-n0-unsplash.jpg,3605,5408,JPEG,RGB,3605
train,nofire,unsplash,dawson-mccormick,dawson-mccormick-JM7go_siWXM-unsplash.jpg,/kaggle/input/datasets/elmadafri/the-wildfire-dataset/the_wildfire_dataset_2n_version/train/nofire/dawson-mccormick-JM7go_siWXM-unsplash.jpg,6720,4480,JPEG,RGB,4480
train,nofire,unsplash,ddp-,ddp--uj_8hOwWkc-unsplash.jpg,/kaggle/input/datasets/elmadafri/the-wildfire-dataset/the_wildfire_dataset_2n_version/train/nofire/ddp--uj_8hOwWkc-unsplash.jpg,6000,3375,JPEG,RGB,3375
train,nofire,unsplash,ddp-mRTLNEEsIvU,ddp-mRTLNEEsIvU-unsplash.jpg,/kaggle/input/datasets/elmadafri/the-wildfire-dataset/the_wildfire_dataset_2n_version/train/nofire/ddp-mRTLNEEsIvU-unsplash.jpg,6000,4000,JPEG,RGB,4000
train,nofire,unsplash,demian-tejeda,demian-tejeda-benitez-G-LvmhhXBdQ-unsplash.jpg,/kaggle/input/datasets/elmadafri/the-wildfire-dataset/the_wildfire_dataset_2n_version/train/nofire/demian-tejeda-benitez-G-LvmhhXBdQ-unsplash.jpg,3648,5472,JPEG,RGB,3648
train,nofire,unsplash,derek-sears,derek-sears-1CdzukjTkKE-unsplash.jpg,/kaggle/input/datasets/elmadafri/the-wildfire-dataset/the_wildfire_dataset_2n_version/train/nofire/derek-sears-1CdzukjTkKE-unsplash.jpg,6000,4000,JPEG,RGB,4000
train,nofire,unsplash,detoured-studio,detoured-studio-ULEkrDoN_y0-unsplash.jpg,/kaggle/input/datasets/elmadafri/the-wildfire-dataset/the_wildfire_dataset_2n_version/train/nofire/detoured-studio-ULEkrDoN_y0-unsplash.jpg,3674,2736,JPEG,RGB,2736
train,nofire,unsplash,deva-darshan,deva-darshan-2XUfjLp7HYY-unsplash.jpg,/kaggle/input/datasets/elmadafri/the-wildfire-dataset/the_wildfire_dataset_2n_version/train/nofire/deva-darshan-2XUfjLp7HYY-unsplash.jpg,2680,2822,JPEG,RGB,2680
train,nofire,unsplash,dieter-pelz,dieter-pelz-TdBjJUJV9js-unsplash.jpg,/kaggle/input/datasets/elmadafri/the-wildfire-dataset/the_wildfire_dataset_2n_version/train/nofire/dieter-pelz-TdBjJUJV9js-unsplash.jpg,4608,3456,JPEG,RGB,3456
train,nofire,unsplash,dillon-austin,dillon-austin-xI-57L4_P1U-unsplash.jpg,/kaggle/input/datasets/elmadafri/the-wildfire-dataset/the_wildfire_dataset_2n_version/train/nofire/dillon-austin-xI-57L4_P1U-unsplash.jpg,3692,2077,JPEG,RGB,2077
train,nofire,unsplash,dimitar-krastev,dimitar-krastev-qWO-NmBLtgI-unsplash.jpg,/kaggle/input/datasets/elmadafri/the-wildfire-dataset/the_wildfire_dataset_2n_version/train/nofire/dimitar-krastev-qWO-NmBLtgI-unsplash.jpg,3648,5472,JPEG,RGB,3648
train,nofire,unsplash,dimitris-pallas,dimitris-pallas-Kj5bXWl_ttw-unsplash.jpg,/kaggle/input/datasets/elmadafri/the-wildfire-dataset/the_wildfire_dataset_2n_version/train/nofire/dimitris-pallas-Kj5bXWl_ttw-unsplash.jpg,2250,3624,JPEG,RGB,2250
train,nofire,unsplash,dimitris-pallas,dimitris-pallas-W2rz3GCXxao-unsplash.jpg,/kaggle/input/datasets/elmadafri/the-wildfire-dataset/the_wildfire_dataset_2n_version/train/nofire/dimitris-pallas-W2rz3GCXxao-unsplash.jpg,4000,2250,JPEG,RGB,2250
train,nofire,unsplash,dion-tavenier,dion-tavenier-tVzRCOosqxA-unsplash.jpg,/kaggle/input/datasets/elmadafri/the-wildfire-dataset/the_wildfire_dataset_2n_version/train/nofire/dion-tavenier-tVzRCOosqxA-unsplash.jpg,3992,2242,JPEG,RGB,2242
train,nofire,unsplash,dovydas-zilinskas,dovydas-zilinskas-aMSL2LAtbPw-unsplash.jpg,/kaggle/input/datasets/elmadafri/the-wildfire-dataset/the_wildfire_dataset_2n_version/train/nofire/dovydas-zilinskas-aMSL2LAtbPw-unsplash.jpg,5472,3648,JPEG,RGB,3648
train,nofire,unsplash,drew-saurus,drew-saurus-VA4dNztZVlA-unsplash.jpg,/kaggle/input/datasets/elmadafri/the-wildfire-dataset/the_wildfire_dataset_2n_version/train/nofire/drew-saurus-VA4dNztZVlA-unsplash.jpg,6000,4000,JPEG,RGB,4000
train,nofire,unsplash,dustin-scarpitti,dustin-scarpitti-26-lAP0XprM-unsplash.jpg,/kaggle/input/datasets/elmadafri/the-wildfire-dataset/the_wildfire_dataset_2n_version/train/nofire/dustin-scarpitti-26-lAP0XprM-unsplash.jpg,5184,3456,JPEG,RGB,3456
train,nofire,unsplash,dwinanda-nurhanif,dwinanda-nurhanif-mujito-pKT5Mg16w_w-unsplash.jpg,/kaggle/input/datasets/elmadafri/the-wildfire-dataset/the_wildfire_dataset_2n_version/train/nofire/dwinanda-nurhanif-mujito-pKT5Mg16w_w-unsplash.jpg,3456,4320,JPEG,RGB,3456
train,nofire,unsplash,dylan-taylor,dylan-taylor-zMHCC6BQJFU-unsplash.jpg,/kaggle/input/datasets/elmadafri/the-wildfire-dataset/the_wildfire_dataset_2n_version/train/nofire/dylan-taylor-zMHCC6BQJFU-unsplash.jpg,5627,3926,JPEG,RGB,3926
train,nofire,unsplash,eberhard-grossgasteiger,eberhard-grossgasteiger-13RPKrir2Z4-unsplash.jpg,/kaggle/input/datasets/elmadafri/the-wildfire-dataset/the_wildfire_dataset_2n_version/train/nofire/eberhard-grossgasteiger-13RPKrir2Z4-unsplash.jpg,5833,3888,JPEG,RGB,3888
train,nofire,unsplash,eberhard-grossgasteiger,eberhard-grossgasteiger-5GEZczwvf9I-unsplash.jpg,/kaggle/input/datasets/elmadafri/the-wildfire-dataset/the_wildfire_dataset_2n_version/train/nofire/eberhard-grossgasteiger-5GEZczwvf9I-unsplash.jpg,6000,4000,JPEG,RGB,4000
train,nofire,unsplash,eberhard-grossgasteiger,eberhard-grossgasteiger-5P91SF0zNsI-unsplash.jpg,/kaggle/input/datasets/elmadafri/the-wildfire-dataset/the_wildfire_dataset_2n_version/train/nofire/eberhard-grossgasteiger-5P91SF0zNsI-unsplash.jpg,3670,5496,JPEG,RGB,3670
train,nofire,unsplash,eberhard-grossgasteiger,eberhard-grossgasteiger-7ZBP5fYIg4E-unsplash.jpg,/kaggle/input/datasets/elmadafri/the-wildfire-dataset/the_wildfire_dataset_2n_version/train/nofire/eberhard-grossgasteiger-7ZBP5fYIg4E-unsplash.jpg,3648,2432,JPEG,RGB,2432
train,nofire,unsplash,eberhard-grossgasteiger,eberhard-grossgasteiger-7pEJtQRVji4-unsplash.jpg,/kaggle/input/datasets/elmadafri/the-wildfire-dataset/the_wildfire_dataset_2n_version/train/nofire/eberhard-grossgasteiger-7pEJtQRVji4-unsplash.jpg,3648,5472,JPEG,RGB,3648
train,nofire,unsplash,eberhard-grossgasteiger,eberhard-grossgasteiger-B2ImdRrDZrM-unsplash.jpg,/kaggle/input/datasets/elmadafri/the-wildfire-dataset/the_wildfire_dataset_2n_version/train/nofire/eberhard-grossgasteiger-B2ImdRrDZrM-unsplash.jpg,4000,6000,JPEG,RGB,4000
train,nofire,unsplash,eberhard-grossgasteiger,eberhard-grossgasteiger-BXasVMRGsuo-unsplash.jpg,/kaggle/input/datasets/elmadafri/the-wildfire-dataset/the_wildfire_dataset_2n_version/train/nofire/eberhard-grossgasteiger-BXasVMRGsuo-unsplash.jpg,3670,5496,JPEG,RGB,3670
train,nofire,unsplash,eberhard-grossgasteiger,eberhard-grossgasteiger-DYPGr9SP68E-unsplash.jpg,/kaggle/input/datasets/elmadafri/the-wildfire-dataset/the_wildfire_dataset_2n_version/train/nofire/eberhard-grossgasteiger-DYPGr9SP68E-unsplash.jpg,5760,3840,JPEG,RGB,3840
train,nofire,unsplash,eberhard-grossgasteiger,eberhard-grossgasteiger-E4bmf8BtIBE-unsplash.jpg,/kaggle/input/datasets/elmadafri/the-wildfire-dataset/the_wildfire_dataset_2n_version/train/nofire/eberhard-grossgasteiger-E4bmf8BtIBE-unsplash.jpg,6000,4000,JPEG,RGB,4000
train,nofire,unsplash,eberhard-grossgasteiger,eberhard-grossgasteiger-EpDhYzPsV-0-unsplash.jpg,/kaggle/input/datasets/elmadafri/the-wildfire-dataset/the_wildfire_dataset_2n_version/train/nofire/eberhard-grossgasteiger-EpDhYzPsV-0-unsplash.jpg,3870,5796,JPEG,RGB,3870
train,nofire,unsplash,eberhard-grossgasteiger,eberhard-grossgasteiger-H57UwwMAl98-unsplash.jpg,/kaggle/input/datasets/elmadafri/the-wildfire-dataset/the_wildfire_dataset_2n_version/train/nofire/eberhard-grossgasteiger-H57UwwMAl98-unsplash.jpg,4000,6000,JPEG,RGB,4000
train,nofire,unsplash,eberhard-grossgasteiger,eberhard-grossgasteiger-HtpRxzbKHK0-unsplash.jpg,/kaggle/input/datasets/elmadafri/the-wildfire-dataset/the_wildfire_dataset_2n_version/train/nofire/eberhard-grossgasteiger-HtpRxzbKHK0-unsplash.jpg,3648,5472,JPEG,RGB,3648
train,nofire,unsplash,eberhard-grossgasteiger,eberhard-grossgasteiger-IlYrCpRlBS4-unsplash.jpg,/kaggle/input/datasets/elmadafri/the-wildfire-dataset/the_wildfire_dataset_2n_version/train/nofire/eberhard-grossgasteiger-IlYrCpRlBS4-unsplash.jpg,3648,5472,JPEG,RGB,3648
train,nofire,unsplash,eberhard-grossgasteiger,eberhard-grossgasteiger-JLugShVc6Kg-unsplash.jpg,/kaggle/input/datasets/elmadafri/the-wildfire-dataset/the_wildfire_dataset_2n_version/train/nofire/eberhard-grossgasteiger-JLugShVc6Kg-unsplash.jpg,3840,5760,JPEG,RGB,3840
train,nofire,unsplash,eberhard-grossgasteiger,eberhard-grossgasteiger-K27cUzugBiA-unsplash.jpg,/kaggle/input/datasets/elmadafri/the-wildfire-dataset/the_wildfire_dataset_2n_version/train/nofire/eberhard-grossgasteiger-K27cUzugBiA-unsplash.jpg,4000,6000,JPEG,RGB,4000
train,nofire,unsplash,eberhard-grossgasteiger,eberhard-grossgasteiger-KImxhvY-Y1s-unsplash.jpg,/kaggle/input/datasets/elmadafri/the-wildfire-dataset/the_wildfire_dataset_2n_version/train/nofire/eberhard-grossgasteiger-KImxhvY-Y1s-unsplash.jpg,3805,5707,JPEG,RGB,3805
train,nofire,unsplash,eberhard-grossgasteiger,eberhard-grossgasteiger-KVl_S7rrA1Y-unsplash.jpg,/kaggle/input/datasets/elmadafri/the-wildfire-dataset/the_wildfire_dataset_2n_version/train/nofire/eberhard-grossgasteiger-KVl_S7rrA1Y-unsplash.jpg,4000,6000,JPEG,RGB,4000
train,nofire,unsplash,eberhard-grossgasteiger,eberhard-grossgasteiger-MGTzYEi25us-unsplash.jpg,/kaggle/input/datasets/elmadafri/the-wildfire-dataset/the_wildfire_dataset_2n_version/train/nofire/eberhard-grossgasteiger-MGTzYEi25us-unsplash.jpg,3670,5496,JPEG,RGB,3670
train,nofire,unsplash,eberhard-grossgasteiger,eberhard-grossgasteiger-RVj002xHssw-unsplash.jpg,/kaggle/input/datasets/elmadafri/the-wildfire-dataset/the_wildfire_dataset_2n_version/train/nofire/eberhard-grossgasteiger-RVj002xHssw-unsplash.jpg,3670,5496,JPEG,RGB,3670
train,nofire,unsplash,eberhard-grossgasteiger,eberhard-grossgasteiger-SQtEnnmV-No-unsplash.jpg,/kaggle/input/datasets/elmadafri/the-wildfire-dataset/the_wildfire_dataset_2n_version/train/nofire/eberhard-grossgasteiger-SQtEnnmV-No-unsplash.jpg,6000,4000,JPEG,RGB,4000
train,nofire,unsplash,eberhard-grossgasteiger,eberhard-grossgasteiger-WENMYNs6H5U-unsplash.jpg,/kaggle/input/datasets/elmadafri/the-wildfire-dataset/the_wildfire_dataset_2n_version/train/nofire/eberhard-grossgasteiger-WENMYNs6H5U-unsplash.jpg,5304,7952,JPEG,RGB,5304
train,nofire,unsplash,eberhard-grossgasteiger,eberhard-grossgasteiger-Y3H3vhg2bdk-unsplash.jpg,/kaggle/input/datasets/elmadafri/the-wildfire-dataset/the_wildfire_dataset_2n_version/train/nofire/eberhard-grossgasteiger-Y3H3vhg2bdk-unsplash.jpg,6000,4000,JPEG,RGB,4000
train,nofire,unsplash,eberhard-grossgasteiger,eberhard-grossgasteiger-cXp3YDkOB88-unsplash.jpg,/kaggle/input/datasets/elmadafri/the-wildfire-dataset/the_wildfire_dataset_2n_version/train/nofire/eberhard-grossgasteiger-cXp3YDkOB88-unsplash.jpg,3840,5760,JPEG,RGB,3840
train,nofire,unsplash,eberhard-grossgasteiger,eberhard-grossgasteiger-g3ivomyhNnc-unsplash.jpg,/kaggle/input/datasets/elmadafri/the-wildfire-dataset/the_wildfire_dataset_2n_version/train/nofire/eberhard-grossgasteiger-g3ivomyhNnc-unsplash.jpg,4000,6000,JPEG,RGB,4000
train,nofire,unsplash,eberhard-grossgasteiger,eberhard-grossgasteiger-jdM9HbkPhsA-unsplash.jpg,/kaggle/input/datasets/elmadafri/the-wildfire-dataset/the_wildfire_dataset_2n_version/train/nofire/eberhard-grossgasteiger-jdM9HbkPhsA-unsplash.jpg,2666,4000,JPEG,RGB,2666
train,nofire,unsplash,eberhard-grossgasteiger,eberhard-grossgasteiger-mfU50hZmjNI-unsplash.jpg,/kaggle/input/datasets/elmadafri/the-wildfire-dataset/the_wildfire_dataset_2n_version/train/nofire/eberhard-grossgasteiger-mfU50hZmjNI-unsplash.jpg,3648,5472,JPEG,RGB,3648
train,nofire,unsplash,eberhard-grossgasteiger,eberhard-grossgasteiger-pr1sWAQgWns-unsplash.jpg,/kaggle/input/datasets/elmadafri/the-wildfire-dataset/the_wildfire_dataset_2n_version/train/nofire/eberhard-grossgasteiger-pr1sWAQgWns-unsplash.jpg,6000,4000,JPEG,RGB,4000
train,nofire,unsplash,eberhard-grossgasteiger,eberhard-grossgasteiger-r8I8T7d5bRY-unsplash.jpg,/kaggle/input/datasets/elmadafri/the-wildfire-dataset/the_wildfire_dataset_2n_version/train/nofire/eberhard-grossgasteiger-r8I8T7d5bRY-unsplash.jpg,3840,5760,JPEG,RGB,3840
train,nofire,unsplash,eberhard-grossgasteiger,eberhard-grossgasteiger-srX1E4V6tlo-unsplash.jpg,/kaggle/input/datasets/elmadafri/the-wildfire-dataset/the_wildfire_dataset_2n_version/train/nofire/eberhard-grossgasteiger-srX1E4V6tlo-unsplash.jpg,6000,4000,JPEG,RGB,4000
train,nofire,unsplash,eberhard-grossgasteiger,eberhard-grossgasteiger-trYDgTHBoy0-unsplash.jpg,/kaggle/input/datasets/elmadafri/the-wildfire-dataset/the_wildfire_dataset_2n_version/train/nofire/eberhard-grossgasteiger-trYDgTHBoy0-unsplash.jpg,4000,6000,JPEG,RGB,4000
train,nofire,unsplash,eberhard-grossgasteiger,eberhard-grossgasteiger-yQgOSaXemqA-unsplash.jpg,/kaggle/input/datasets/elmadafri/the-wildfire-dataset/the_wildfire_dataset_2n_version/train/nofire/eberhard-grossgasteiger-yQgOSaXemqA-unsplash.jpg,3840,5760,JPEG,RGB,3840
train,nofire,unsplash,eberhard-grossgasteiger,eberhard-grossgasteiger-zzZ8eq7pYqM-unsplash.jpg,/kaggle/input/datasets/elmadafri/the-wildfire-dataset/the_wildfire_dataset_2n_version/train/nofire/eberhard-grossgasteiger-zzZ8eq7pYqM-unsplash.jpg,4000,6000,JPEG,RGB,4000
train,nofire,unsplash,egor-vikhrev,egor-vikhrev-E_edycnsz_E-unsplash.jpg,/kaggle/input/datasets/elmadafri/the-wildfire-dataset/the_wildfire_dataset_2n_version/train/nofire/egor-vikhrev-E_edycnsz_E-unsplash.jpg,2700,3600,JPEG,RGB,2700
train,nofire,unsplash,elena-mozhvilo,elena-mozhvilo-2lCRng6W2tE-unsplash.jpg,/kaggle/input/datasets/elmadafri/the-wildfire-dataset/the_wildfire_dataset_2n_version/train/nofire/elena-mozhvilo-2lCRng6W2tE-unsplash.jpg,6016,4000,JPEG,RGB,4000
train,nofire,unsplash,elena-mozhvilo,elena-mozhvilo-JZYHskOBOlg-unsplash.jpg,/kaggle/input/datasets/elmadafri/the-wildfire-dataset/the_wildfire_dataset_2n_version/train/nofire/elena-mozhvilo-JZYHskOBOlg-unsplash.jpg,6016,4000,JPEG,RGB,4000
train,nofire,unsplash,elena-mozhvilo,elena-mozhvilo-QHovAHM7jEw-unsplash.jpg,/kaggle/input/datasets/elmadafri/the-wildfire-dataset/the_wildfire_dataset_2n_version/train/nofire/elena-mozhvilo-QHovAHM7jEw-unsplash.jpg,4000,6016,JPEG,RGB,4000
train,nofire,unsplash,elena-mozhvilo,elena-mozhvilo-whqFYD75HW0-unsplash.jpg,/kaggle/input/datasets/elmadafri/the-wildfire-dataset/the_wildfire_dataset_2n_version/train/nofire/elena-mozhvilo-whqFYD75HW0-unsplash.jpg,5781,3548,JPEG,RGB,3548
train,nofire,unsplash,eric-jacob,eric-jacob-G0miZ5OYaXI-unsplash.jpg,/kaggle/input/datasets/elmadafri/the-wildfire-dataset/the_wildfire_dataset_2n_version/train/nofire/eric-jacob-G0miZ5OYaXI-unsplash.jpg,4169,2779,JPEG,RGB,2779
train,nofire,unsplash,eric-muhr,eric-muhr-Fs-bcmsV-hA-unsplash.jpg,/kaggle/input/datasets/elmadafri/the-wildfire-dataset/the_wildfire_dataset_2n_version/train/nofire/eric-muhr-Fs-bcmsV-hA-unsplash.jpg,4272,2848,JPEG,RGB,2848
train,nofire,unsplash,eric-muhr,eric-muhr-zzsw-j9b3iI-unsplash.jpg,/kaggle/input/datasets/elmadafri/the-wildfire-dataset/the_wildfire_dataset_2n_version/train/nofire/eric-muhr-zzsw-j9b3iI-unsplash.jpg,3456,5184,JPEG,RGB,3456
train,nofire,unsplash,erica-li,erica-li-bbH1j8aclpI-unsplash.jpg,/kaggle/input/datasets/elmadafri/the-wildfire-dataset/the_wildfire_dataset_2n_version/train/nofire/erica-li-bbH1j8aclpI-unsplash.jpg,4772,2820,JPEG,RGB,2820
train,nofire,unsplash,erik-odiin,erik-odiin-yblSCZMxzD4-unsplash.jpg,/kaggle/input/datasets/elmadafri/the-wildfire-dataset/the_wildfire_dataset_2n_version/train/nofire/erik-odiin-yblSCZMxzD4-unsplash.jpg,2992,3992,JPEG,RGB,2992
train,nofire,unsplash,ervo-rocks,ervo-rocks-KlOhFzAmkCE-unsplash.jpg,/kaggle/input/datasets/elmadafri/the-wildfire-dataset/the_wildfire_dataset_2n_version/train/nofire/ervo-rocks-KlOhFzAmkCE-unsplash.jpg,5464,3640,JPEG,RGB,3640
train,nofire,unsplash,esteban-benites,esteban-benites-Xp9hn1HzzDk-unsplash.jpg,/kaggle/input/datasets/elmadafri/the-wildfire-dataset/the_wildfire_dataset_2n_version/train/nofire/esteban-benites-Xp9hn1HzzDk-unsplash.jpg,2176,3874,JPEG,RGB,2176
train,nofire,unsplash,ethan-dow,ethan-dow-6EljUULo4FQ-unsplash.jpg,/kaggle/input/datasets/elmadafri/the-wildfire-dataset/the_wildfire_dataset_2n_version/train/nofire/ethan-dow-6EljUULo4FQ-unsplash.jpg,1900,3040,JPEG,RGB,1900
train,nofire,unsplash,ethan-dow,ethan-dow-BkV6n4Xi8JQ-unsplash.jpg,/kaggle/input/datasets/elmadafri/the-wildfire-dataset/the_wildfire_dataset_2n_version/train/nofire/ethan-dow-BkV6n4Xi8JQ-unsplash.jpg,1895,3032,JPEG,RGB,1895
train,nofire,unsplash,ethan-dow,ethan-dow-OX4FXemQiek-unsplash.jpg,/kaggle/input/datasets/elmadafri/the-wildfire-dataset/the_wildfire_dataset_2n_version/train/nofire/ethan-dow-OX4FXemQiek-unsplash.jpg,1874,2998,JPEG,RGB,1874
train,nofire,unsplash,ethan-dow,ethan-dow-ZeDw8ck4XEM-unsplash.jpg,/kaggle/input/datasets/elmadafri/the-wildfire-dataset/the_wildfire_dataset_2n_version/train/nofire/ethan-dow-ZeDw8ck4XEM-unsplash.jpg,1875,3000,JPEG,RGB,1875
train,nofire,unsplash,eutah-mizushima,eutah-mizushima-OWwK_0_EnxY-unsplash.jpg,/kaggle/input/datasets/elmadafri/the-wildfire-dataset/the_wildfire_dataset_2n_version/train/nofire/eutah-mizushima-OWwK_0_EnxY-unsplash.jpg,3533,2160,JPEG,RGB,2160
train,nofire,unsplash,evgeni-evgeniev,evgeni-evgeniev-LPKk3wtkC-g-unsplash.jpg,/kaggle/input/datasets/elmadafri/the-wildfire-dataset/the_wildfire_dataset_2n_version/train/nofire/evgeni-evgeniev-LPKk3wtkC-g-unsplash.jpg,2412,4288,JPEG,RGB,2412
train,nofire,unsplash,fabio-comparelli,fabio-comparelli-JYjZDhUjaPU-unsplash.jpg,/kaggle/input/datasets/elmadafri/the-wildfire-dataset/the_wildfire_dataset_2n_version/train/nofire/fabio-comparelli-JYjZDhUjaPU-unsplash.jpg,2668,2000,JPEG,RGB,2000
train,nofire,unsplash,fabio-santaniello,fabio-santaniello-bruun-Ke-ENe3ByiQ-unsplash.jpg,/kaggle/input/datasets/elmadafri/the-wildfire-dataset/the_wildfire_dataset_2n_version/train/nofire/fabio-santaniello-bruun-Ke-ENe3ByiQ-unsplash.jpg,4000,3000,JPEG,RGB,3000
train,nofire,unsplash,farid-mardanov,farid-mardanov-91wN942yoTo-unsplash.jpg,/kaggle/input/datasets/elmadafri/the-wildfire-dataset/the_wildfire_dataset_2n_version/train/nofire/farid-mardanov-91wN942yoTo-unsplash.jpg,4160,6240,JPEG,RGB,4160
train,nofire,unsplash,febe-vanermen,febe-vanermen-O1rItzdBjI8-unsplash.jpg,/kaggle/input/datasets/elmadafri/the-wildfire-dataset/the_wildfire_dataset_2n_version/train/nofire/febe-vanermen-O1rItzdBjI8-unsplash.jpg,4114,2377,JPEG,RGB,2377
train,nofire,unsplash,federica-galli,federica-galli-pF1ug8ysTtY-unsplash.jpg,/kaggle/input/datasets/elmadafri/the-wildfire-dataset/the_wildfire_dataset_2n_version/train/nofire/federica-galli-pF1ug8ysTtY-unsplash.jpg,6000,4000,JPEG,RGB,4000
train,nofire,unsplash,federico-beccari,federico-beccari-kRnkqSKZODQ-unsplash.jpg,/kaggle/input/datasets/elmadafri/the-wildfire-dataset/the_wildfire_dataset_2n_version/train/nofire/federico-beccari-kRnkqSKZODQ-unsplash.jpg,5032,3355,JPEG,RGB,3355
train,nofire,unsplash,federico-bottos,federico-bottos-Z3NceSeZqgI-unsplash.jpg,/kaggle/input/datasets/elmadafri/the-wildfire-dataset/the_wildfire_dataset_2n_version/train/nofire/federico-bottos-Z3NceSeZqgI-unsplash.jpg,2666,4000,JPEG,RGB,2666
train,nofire,unsplash,felipe-dias,felipe-dias-0nMS196uiEs-unsplash.jpg,/kaggle/input/datasets/elmadafri/the-wildfire-dataset/the_wildfire_dataset_2n_version/train/nofire/felipe-dias-0nMS196uiEs-unsplash.jpg,4856,3640,JPEG,RGB,3640
train,nofire,unsplash,felix-bacher,felix-bacher--jEEnRx38wo-unsplash.jpg,/kaggle/input/datasets/elmadafri/the-wildfire-dataset/the_wildfire_dataset_2n_version/train/nofire/felix-bacher--jEEnRx38wo-unsplash.jpg,6000,4000,JPEG,RGB,4000
train,nofire,unsplash,filip-zrnzevic,filip-zrnzevic-QsWG0kjPQRY-unsplash.jpg,/kaggle/input/datasets/elmadafri/the-wildfire-dataset/the_wildfire_dataset_2n_version/train/nofire/filip-zrnzevic-QsWG0kjPQRY-unsplash.jpg,3840,5760,JPEG,RGB,3840
train,nofire,unsplash,florian-pinkert,florian-pinkert-DVG2XcY3HPc-unsplash.jpg,/kaggle/input/datasets/elmadafri/the-wildfire-dataset/the_wildfire_dataset_2n_version/train/nofire/florian-pinkert-DVG2XcY3HPc-unsplash.jpg,6000,4000,JPEG,RGB,4000
train,nofire,unsplash,florian-van,florian-van-duyn-BR1WANLLpDU-unsplash.jpg,/kaggle/input/datasets/elmadafri/the-wildfire-dataset/the_wildfire_dataset_2n_version/train/nofire/florian-van-duyn-BR1WANLLpDU-unsplash.jpg,5616,3744,JPEG,RGB,3744
train,nofire,unsplash,fotografu-evJN3EAl6uM,fotografu-evJN3EAl6uM-unsplash.jpg,/kaggle/input/datasets/elmadafri/the-wildfire-dataset/the_wildfire_dataset_2n_version/train/nofire/fotografu-evJN3EAl6uM-unsplash.jpg,5184,3456,JPEG,RGB,3456
train,nofire,unsplash,francesco-fanti,francesco-fanti-IEUtnsiE-WM-unsplash.jpg,/kaggle/input/datasets/elmadafri/the-wildfire-dataset/the_wildfire_dataset_2n_version/train/nofire/francesco-fanti-IEUtnsiE-WM-unsplash.jpg,6000,4000,JPEG,RGB,4000
train,nofire,unsplash,francesco-ungaro,francesco-ungaro-m1DjXxqwgMY-unsplash.jpg,/kaggle/input/datasets/elmadafri/the-wildfire-dataset/the_wildfire_dataset_2n_version/train/nofire/francesco-ungaro-m1DjXxqwgMY-unsplash.jpg,6240,4160,JPEG,RGB,4160
train,nofire,unsplash,francisco-gonzalez,francisco-gonzalez-2_mO5_qyevs-unsplash.jpg,/kaggle/input/datasets/elmadafri/the-wildfire-dataset/the_wildfire_dataset_2n_version/train/nofire/francisco-gonzalez-2_mO5_qyevs-unsplash.jpg,3992,2992,JPEG,RGB,2992
train,nofire,unsplash,francois-olwage,francois-olwage-wd-uZFyCFfs-unsplash.jpg,/kaggle/input/datasets/elmadafri/the-wildfire-dataset/the_wildfire_dataset_2n_version/train/nofire/francois-olwage-wd-uZFyCFfs-unsplash.jpg,6622,4415,JPEG,RGB,4415
train,nofire,unsplash,futc-WnEYElZDaDE,futc-WnEYElZDaDE-unsplash.jpg,/kaggle/input/datasets/elmadafri/the-wildfire-dataset/the_wildfire_dataset_2n_version/train/nofire/futc-WnEYElZDaDE-unsplash.jpg,6000,4000,JPEG,RGB,4000
train,nofire,unsplash,geran-de,geran-de-klerk-WJkc3xZjSXw-unsplash.jpg,/kaggle/input/datasets/elmadafri/the-wildfire-dataset/the_wildfire_dataset_2n_version/train/nofire/geran-de-klerk-WJkc3xZjSXw-unsplash.jpg,4000,3000,JPEG,RGB,3000
train,nofire,unsplash,geran-de,geran-de-klerk-hl7ILaqrOqI-unsplash.jpg,/kaggle/input/datasets/elmadafri/the-wildfire-dataset/the_wildfire_dataset_2n_version/train/nofire/geran-de-klerk-hl7ILaqrOqI-unsplash.jpg,3992,2992,JPEG,RGB,2992
train,nofire,unsplash,geran-de,geran-de-klerk-qzgN45hseN0-unsplash.jpg,/kaggle/input/datasets/elmadafri/the-wildfire-dataset/the_wildfire_dataset_2n_version/train/nofire/geran-de-klerk-qzgN45hseN0-unsplash.jpg,4000,3000,JPEG,RGB,3000
train,nofire,unsplash,gerhard-crous,gerhard-crous-QcMsc21AzE4-unsplash.jpg,/kaggle/input/datasets/elmadafri/the-wildfire-dataset/the_wildfire_dataset_2n_version/train/nofire/gerhard-crous-QcMsc21AzE4-unsplash.jpg,6720,4480,JPEG,RGB,4480
train,nofire,unsplash,giorgio-trovato,giorgio-trovato-T_QzIfMpakY-unsplash.jpg,/kaggle/input/datasets/elmadafri/the-wildfire-dataset/the_wildfire_dataset_2n_version/train/nofire/giorgio-trovato-T_QzIfMpakY-unsplash.jpg,3724,4655,JPEG,RGB,3724
train,nofire,unsplash,guillaume-bourdages,guillaume-bourdages-C4BSXG4vfrE-unsplash.jpg,/kaggle/input/datasets/elmadafri/the-wildfire-dataset/the_wildfire_dataset_2n_version/train/nofire/guillaume-bourdages-C4BSXG4vfrE-unsplash.jpg,5488,3664,JPEG,RGB,3664
train,nofire,unsplash,gustavo-quinalha,gustavo-quinalha-mZUJl2GAaSE-unsplash.jpg,/kaggle/input/datasets/elmadafri/the-wildfire-dataset/the_wildfire_dataset_2n_version/train/nofire/gustavo-quinalha-mZUJl2GAaSE-unsplash.jpg,3992,2495,JPEG,RGB,2495
train,nofire,unsplash,gwyn-XsUYcz4GyuM,gwyn-XsUYcz4GyuM-unsplash.jpg,/kaggle/input/datasets/elmadafri/the-wildfire-dataset/the_wildfire_dataset_2n_version/train/nofire/gwyn-XsUYcz4GyuM-unsplash.jpg,5331,3529,JPEG,RGB,3529
train,nofire,unsplash,gwyn-pl3LdLSZUz8,gwyn-pl3LdLSZUz8-unsplash.jpg,/kaggle/input/datasets/elmadafri/the-wildfire-dataset/the_wildfire_dataset_2n_version/train/nofire/gwyn-pl3LdLSZUz8-unsplash.jpg,5464,3640,JPEG,RGB,3640
train,nofire,unsplash,hans-isaacson,hans-isaacson-GHIImz0J4lI-unsplash.jpg,/kaggle/input/datasets/elmadafri/the-wildfire-dataset/the_wildfire_dataset_2n_version/train/nofire/hans-isaacson-GHIImz0J4lI-unsplash.jpg,4000,2250,JPEG,RGB,2250
train,nofire,unsplash,hans-isaacson,hans-isaacson-TwbhBNVONTI-unsplash.jpg,/kaggle/input/datasets/elmadafri/the-wildfire-dataset/the_wildfire_dataset_2n_version/train/nofire/hans-isaacson-TwbhBNVONTI-unsplash.jpg,4160,6239,JPEG,RGB,4160
train,nofire,unsplash,hans-isaacson,hans-isaacson-U99MuqdVTx4-unsplash.jpg,/kaggle/input/datasets/elmadafri/the-wildfire-dataset/the_wildfire_dataset_2n_version/train/nofire/hans-isaacson-U99MuqdVTx4-unsplash.jpg,6240,4160,JPEG,RGB,4160
train,nofire,unsplash,hans-isaacson,hans-isaacson-gDUwtvM1Ao8-unsplash.jpg,/kaggle/input/datasets/elmadafri/the-wildfire-dataset/the_wildfire_dataset_2n_version/train/nofire/hans-isaacson-gDUwtvM1Ao8-unsplash.jpg,2667,4000,JPEG,RGB,2667
train,nofire,unsplash,hans-ott,hans-ott-9bAcUccM-wY-unsplash.jpg,/kaggle/input/datasets/elmadafri/the-wildfire-dataset/the_wildfire_dataset_2n_version/train/nofire/hans-ott-9bAcUccM-wY-unsplash.jpg,6240,4160,JPEG,RGB,4160
train,nofire,unsplash,hanson-lu,hanson-lu-aeNNI6eX4gw-unsplash.jpg,/kaggle/input/datasets/elmadafri/the-wildfire-dataset/the_wildfire_dataset_2n_version/train/nofire/hanson-lu-aeNNI6eX4gw-unsplash.jpg,3959,5939,JPEG,RGB,3959
train,nofire,unsplash,harald-pliessnig,harald-pliessnig-fI_UmufdnX4-unsplash.jpg,/kaggle/input/datasets/elmadafri/the-wildfire-dataset/the_wildfire_dataset_2n_version/train/nofire/harald-pliessnig-fI_UmufdnX4-unsplash.jpg,4500,3000,JPEG,RGB,3000
train,nofire,unsplash,hari-nandakumar,hari-nandakumar-9rr5frs3Dlo-unsplash.jpg,/kaggle/input/datasets/elmadafri/the-wildfire-dataset/the_wildfire_dataset_2n_version/train/nofire/hari-nandakumar-9rr5frs3Dlo-unsplash.jpg,3469,2142,JPEG,RGB,2142
train,nofire,unsplash,harrison-steen,harrison-steen-asaAAHNJCA4-unsplash.jpg,/kaggle/input/datasets/elmadafri/the-wildfire-dataset/the_wildfire_dataset_2n_version/train/nofire/harrison-steen-asaAAHNJCA4-unsplash.jpg,4000,6000,JPEG,RGB,4000
train,nofire,unsplash,harrison-steen,harrison-steen-w-dYO5gM-8E-unsplash.jpg,/kaggle/input/datasets/elmadafri/the-wildfire-dataset/the_wildfire_dataset_2n_version/train/nofire/harrison-steen-w-dYO5gM-8E-unsplash.jpg,2624,3936,JPEG,RGB,2624
train,nofire,unsplash,harry-jaschhof,harry-jaschhof-E3OGWdm6C_g-unsplash.jpg,/kaggle/input/datasets/elmadafri/the-wildfire-dataset/the_wildfire_dataset_2n_version/train/nofire/harry-jaschhof-E3OGWdm6C_g-unsplash.jpg,5760,3240,JPEG,RGB,3240
train,nofire,unsplash,hasan-almasi,hasan-almasi-Fcsdj1fcrac-unsplash.jpg,/kaggle/input/datasets/elmadafri/the-wildfire-dataset/the_wildfire_dataset_2n_version/train/nofire/hasan-almasi-Fcsdj1fcrac-unsplash.jpg,5184,3456,JPEG,RGB,3456
train,nofire,unsplash,haseeb-jamil,haseeb-jamil-J2jtcRbiL-4-unsplash.jpg,/kaggle/input/datasets/elmadafri/the-wildfire-dataset/the_wildfire_dataset_2n_version/train/nofire/haseeb-jamil-J2jtcRbiL-4-unsplash.jpg,4928,3264,JPEG,RGB,3264
train,nofire,unsplash,heather-shevlin,heather-shevlin-lr83PTEvQvw-unsplash.jpg,/kaggle/input/datasets/elmadafri/the-wildfire-dataset/the_wildfire_dataset_2n_version/train/nofire/heather-shevlin-lr83PTEvQvw-unsplash.jpg,3840,2160,JPEG,RGB,2160
train,nofire,unsplash,heather-shevlin,heather-shevlin-ssZQiAfcw10-unsplash.jpg,/kaggle/input/datasets/elmadafri/the-wildfire-dataset/the_wildfire_dataset_2n_version/train/nofire/heather-shevlin-ssZQiAfcw10-unsplash.jpg,3992,2992,JPEG,RGB,2992
train,nofire,unsplash,henrik-verle,henrik-verle-kp5sMoQr0Wg-unsplash.jpg,/kaggle/input/datasets/elmadafri/the-wildfire-dataset/the_wildfire_dataset_2n_version/train/nofire/henrik-verle-kp5sMoQr0Wg-unsplash.jpg,4341,3456,JPEG,RGB,3456
train,nofire,unsplash,honza-reznik,honza-reznik-L3g8Hc4s_LI-unsplash.jpg,/kaggle/input/datasets/elmadafri/the-wildfire-dataset/the_wildfire_dataset_2n_version/train/nofire/honza-reznik-L3g8Hc4s_LI-unsplash.jpg,2500,4444,JPEG,RGB,2500
train,nofire,unsplash,honza-reznik,honza-reznik-Qw56T0INXkE-unsplash.jpg,/kaggle/input/datasets/elmadafri/the-wildfire-dataset/the_wildfire_dataset_2n_version/train/nofire/honza-reznik-Qw56T0INXkE-unsplash.jpg,2500,3750,JPEG,RGB,2500
train,nofire,unsplash,honza-reznik,honza-reznik-SlICRcvOFns-unsplash.jpg,/kaggle/input/datasets/elmadafri/the-wildfire-dataset/the_wildfire_dataset_2n_version/train/nofire/honza-reznik-SlICRcvOFns-unsplash.jpg,2500,3336,JPEG,RGB,2500
train,nofire,unsplash,honza-reznik,honza-reznik-bOFoTMgG9Cs-unsplash.jpg,/kaggle/input/datasets/elmadafri/the-wildfire-dataset/the_wildfire_dataset_2n_version/train/nofire/honza-reznik-bOFoTMgG9Cs-unsplash.jpg,2500,3750,JPEG,RGB,2500
train,nofire,unsplash,honza-reznik,honza-reznik-lScQonfzQ1s-unsplash.jpg,/kaggle/input/datasets/elmadafri/the-wildfire-dataset/the_wildfire_dataset_2n_version/train/nofire/honza-reznik-lScQonfzQ1s-unsplash.jpg,2500,3336,JPEG,RGB,2500
train,nofire,unsplash,honza-reznik,honza-reznik-uaU8NExAvwM-unsplash.jpg,/kaggle/input/datasets/elmadafri/the-wildfire-dataset/the_wildfire_dataset_2n_version/train/nofire/honza-reznik-uaU8NExAvwM-unsplash.jpg,3336,2500,JPEG,RGB,2500
train,nofire,unsplash,humphrey-muleba,humphrey-muleba-X9oGih7E_oU-unsplash.jpg,/kaggle/input/datasets/elmadafri/the-wildfire-dataset/the_wildfire_dataset_2n_version/train/nofire/humphrey-muleba-X9oGih7E_oU-unsplash.jpg,3992,2992,JPEG,RGB,2992
train,nofire,unsplash,humphrey-muleba,humphrey-muleba-Zuvf5mxT5fs-unsplash.jpg,/kaggle/input/datasets/elmadafri/the-wildfire-dataset/the_wildfire_dataset_2n_version/train/nofire/humphrey-muleba-Zuvf5mxT5fs-unsplash.jpg,3856,2892,JPEG,RGB,2892
train,nofire,unsplash,husen-siraaj,husen-siraaj-3fucumsUI68-unsplash.jpg,/kaggle/input/datasets/elmadafri/the-wildfire-dataset/the_wildfire_dataset_2n_version/train/nofire/husen-siraaj-3fucumsUI68-unsplash.jpg,1851,3000,JPEG,RGB,1851
train,nofire,unsplash,ian-dooley,ian-dooley-RmVEOfKqyP8-unsplash.jpg,/kaggle/input/datasets/elmadafri/the-wildfire-dataset/the_wildfire_dataset_2n_version/train/nofire/ian-dooley-RmVEOfKqyP8-unsplash.jpg,5616,3744,JPEG,RGB,3744
train,nofire,unsplash,igor-lypnytskyi,igor-lypnytskyi-tYFJzZdOVoI-unsplash.jpg,/kaggle/input/datasets/elmadafri/the-wildfire-dataset/the_wildfire_dataset_2n_version/train/nofire/igor-lypnytskyi-tYFJzZdOVoI-unsplash.jpg,2624,3280,JPEG,RGB,2624
train,nofire,unsplash,ilia-bronskiy,ilia-bronskiy-OC4LBIPBnmo-unsplash.jpg,/kaggle/input/datasets/elmadafri/the-wildfire-dataset/the_wildfire_dataset_2n_version/train/nofire/ilia-bronskiy-OC4LBIPBnmo-unsplash.jpg,4032,3024,JPEG,RGB,3024
train,nofire,unsplash,ilia-bronskiy,ilia-bronskiy-OZ8AoeaQiWo-unsplash.jpg,/kaggle/input/datasets/elmadafri/the-wildfire-dataset/the_wildfire_dataset_2n_version/train/nofire/ilia-bronskiy-OZ8AoeaQiWo-unsplash.jpg,3024,4032,JPEG,RGB,3024
train,nofire,unsplash,ilia-bronskiy,ilia-bronskiy-Tyrw_avINt8-unsplash.jpg,/kaggle/input/datasets/elmadafri/the-wildfire-dataset/the_wildfire_dataset_2n_version/train/nofire/ilia-bronskiy-Tyrw_avINt8-unsplash.jpg,4032,3024,JPEG,RGB,3024
train,nofire,unsplash,ilia-bronskiy,ilia-bronskiy-iAkNLYVFclU-unsplash.jpg,/kaggle/input/datasets/elmadafri/the-wildfire-dataset/the_wildfire_dataset_2n_version/train/nofire/ilia-bronskiy-iAkNLYVFclU-unsplash.jpg,3024,4032,JPEG,RGB,3024
train,nofire,unsplash,irina-iriser,irina-iriser-FfmUE-cVHN8-unsplash.jpg,/kaggle/input/datasets/elmadafri/the-wildfire-dataset/the_wildfire_dataset_2n_version/train/nofire/irina-iriser-FfmUE-cVHN8-unsplash.jpg,5666,3589,JPEG,RGB,3589
train,nofire,unsplash,isaac-mitchell,isaac-mitchell-Ws4cyJn6Is0-unsplash.jpg,/kaggle/input/datasets/elmadafri/the-wildfire-dataset/the_wildfire_dataset_2n_version/train/nofire/isaac-mitchell-Ws4cyJn6Is0-unsplash.jpg,8192,5464,JPEG,RGB,5464
train,nofire,unsplash,isaac-mitchell,isaac-mitchell-vkB3A-TyQPc-unsplash.jpg,/kaggle/input/datasets/elmadafri/the-wildfire-dataset/the_wildfire_dataset_2n_version/train/nofire/isaac-mitchell-vkB3A-TyQPc-unsplash.jpg,5464,8192,JPEG,RGB,5464
train,nofire,unsplash,ivan-bandura,ivan-bandura-Rb0AyRGE7LE-unsplash.jpg,/kaggle/input/datasets/elmadafri/the-wildfire-dataset/the_wildfire_dataset_2n_version/train/nofire/ivan-bandura-Rb0AyRGE7LE-unsplash.jpg,2246,3992,JPEG,RGB,2246
train,nofire,unsplash,ivan-bandura,ivan-bandura-Sv27cxiX4lk-unsplash.jpg,/kaggle/input/datasets/elmadafri/the-wildfire-dataset/the_wildfire_dataset_2n_version/train/nofire/ivan-bandura-Sv27cxiX4lk-unsplash.jpg,3992,2992,JPEG,RGB,2992
train,nofire,unsplash,ivan-torres,ivan-torres-nehVKBqQIPA-unsplash.jpg,/kaggle/input/datasets/elmadafri/the-wildfire-dataset/the_wildfire_dataset_2n_version/train/nofire/ivan-torres-nehVKBqQIPA-unsplash.jpg,3456,5184,JPEG,RGB,3456
train,nofire,unsplash,ivana-cajina,ivana-cajina-DuiPYwz3CBA-unsplash.jpg,/kaggle/input/datasets/elmadafri/the-wildfire-dataset/the_wildfire_dataset_2n_version/train/nofire/ivana-cajina-DuiPYwz3CBA-unsplash.jpg,3097,4645,JPEG,RGB,3097
train,nofire,unsplash,ivana-cajina,ivana-cajina-HDd-NQ_AMNQ-unsplash.jpg,/kaggle/input/datasets/elmadafri/the-wildfire-dataset/the_wildfire_dataset_2n_version/train/nofire/ivana-cajina-HDd-NQ_AMNQ-unsplash.jpg,3456,5184,JPEG,RGB,3456
train,nofire,unsplash,ivana-cajina,ivana-cajina-RCyqwYP8tHs-unsplash.jpg,/kaggle/input/datasets/elmadafri/the-wildfire-dataset/the_wildfire_dataset_2n_version/train/nofire/ivana-cajina-RCyqwYP8tHs-unsplash.jpg,5471,3648,JPEG,RGB,3648
train,nofire,unsplash,ivana-cajina,ivana-cajina-c5qtqTHHk8Y-unsplash.jpg,/kaggle/input/datasets/elmadafri/the-wildfire-dataset/the_wildfire_dataset_2n_version/train/nofire/ivana-cajina-c5qtqTHHk8Y-unsplash.jpg,3429,5144,JPEG,RGB,3429
train,nofire,unsplash,ivana-cajina,ivana-cajina-g6B4rdvegMc-unsplash.jpg,/kaggle/input/datasets/elmadafri/the-wildfire-dataset/the_wildfire_dataset_2n_version/train/nofire/ivana-cajina-g6B4rdvegMc-unsplash.jpg,3648,5472,JPEG,RGB,3648
train,nofire,unsplash,ivars-utinans,ivars-utinans-dRTNlyYERxM-unsplash.jpg,/kaggle/input/datasets/elmadafri/the-wildfire-dataset/the_wildfire_dataset_2n_version/train/nofire/ivars-utinans-dRTNlyYERxM-unsplash.jpg,5464,3640,JPEG,RGB,3640
train,nofire,unsplash,jaanus-jagomagi,jaanus-jagomagi-nDfTMMQpuCA-unsplash.jpg,/kaggle/input/datasets/elmadafri/the-wildfire-dataset/the_wildfire_dataset_2n_version/train/nofire/jaanus-jagomagi-nDfTMMQpuCA-unsplash.jpg,10916,7270,JPEG,RGB,7270
train,nofire,unsplash,jace-afsoon,jace-afsoon-K4XHqPZq66c-unsplash.jpg,/kaggle/input/datasets/elmadafri/the-wildfire-dataset/the_wildfire_dataset_2n_version/train/nofire/jace-afsoon-K4XHqPZq66c-unsplash.jpg,6000,4000,JPEG,RGB,4000
train,nofire,unsplash,jack-hishmeh,jack-hishmeh-kPQjypv2sSg-unsplash.jpg,/kaggle/input/datasets/elmadafri/the-wildfire-dataset/the_wildfire_dataset_2n_version/train/nofire/jack-hishmeh-kPQjypv2sSg-unsplash.jpg,3767,2507,JPEG,RGB,2507
train,nofire,unsplash,jake-johnson,jake-johnson--NNae3osles-unsplash.jpg,/kaggle/input/datasets/elmadafri/the-wildfire-dataset/the_wildfire_dataset_2n_version/train/nofire/jake-johnson--NNae3osles-unsplash.jpg,2730,3412,JPEG,RGB,2730
train,nofire,unsplash,jakob-owens,jakob-owens-v0L2xcj4z-8-unsplash.jpg,/kaggle/input/datasets/elmadafri/the-wildfire-dataset/the_wildfire_dataset_2n_version/train/nofire/jakob-owens-v0L2xcj4z-8-unsplash.jpg,4160,6240,JPEG,RGB,4160
train,nofire,unsplash,jakub-kriz,jakub-kriz-9xa5ATghMvs-unsplash.jpg,/kaggle/input/datasets/elmadafri/the-wildfire-dataset/the_wildfire_dataset_2n_version/train/nofire/jakub-kriz-9xa5ATghMvs-unsplash.jpg,3992,2992,JPEG,RGB,2992
train,nofire,unsplash,jakub-kriz,jakub-kriz-amVZ_tQwT00-unsplash.jpg,/kaggle/input/datasets/elmadafri/the-wildfire-dataset/the_wildfire_dataset_2n_version/train/nofire/jakub-kriz-amVZ_tQwT00-unsplash.jpg,5184,3456,JPEG,RGB,3456
train,nofire,unsplash,james-eades,james-eades-aGooiI3zka4-unsplash.jpg,/kaggle/input/datasets/elmadafri/the-wildfire-dataset/the_wildfire_dataset_2n_version/train/nofire/james-eades-aGooiI3zka4-unsplash.jpg,7952,5304,JPEG,RGB,5304
train,nofire,unsplash,jamie-street,jamie-street-Fu6xQ7dQQms-unsplash.jpg,/kaggle/input/datasets/elmadafri/the-wildfire-dataset/the_wildfire_dataset_2n_version/train/nofire/jamie-street-Fu6xQ7dQQms-unsplash.jpg,3998,2717,JPEG,RGB,2717
train,nofire,unsplash,jamo-images,jamo-images-1qLVCKLsPpA-unsplash.jpg,/kaggle/input/datasets/elmadafri/the-wildfire-dataset/the_wildfire_dataset_2n_version/train/nofire/jamo-images-1qLVCKLsPpA-unsplash.jpg,2500,3220,JPEG,RGB,2500
train,nofire,unsplash,jan-huber,jan-huber-Y0yNgTqc6k0-unsplash.jpg,/kaggle/input/datasets/elmadafri/the-wildfire-dataset/the_wildfire_dataset_2n_version/train/nofire/jan-huber-Y0yNgTqc6k0-unsplash.jpg,6000,3096,JPEG,RGB,3096
train,nofire,unsplash,jared-erondu,jared-erondu-LoMs1_wq3tU-unsplash.jpg,/kaggle/input/datasets/elmadafri/the-wildfire-dataset/the_wildfire_dataset_2n_version/train/nofire/jared-erondu-LoMs1_wq3tU-unsplash.jpg,2048,1536,JPEG,RGB,1536
train,nofire,unsplash,jaromir-kavan,jaromir-kavan-ITUstQ1x2xo-unsplash.jpg,/kaggle/input/datasets/elmadafri/the-wildfire-dataset/the_wildfire_dataset_2n_version/train/nofire/jaromir-kavan-ITUstQ1x2xo-unsplash.jpg,3992,2242,JPEG,RGB,2242
train,nofire,unsplash,jaromir-kavan,jaromir-kavan-zAIWojYvRuQ-unsplash.jpg,/kaggle/input/datasets/elmadafri/the-wildfire-dataset/the_wildfire_dataset_2n_version/train/nofire/jaromir-kavan-zAIWojYvRuQ-unsplash.jpg,3992,2242,JPEG,RGB,2242
train,nofire,unsplash,jason-leem,jason-leem-50bzI1F6urA-unsplash.jpg,/kaggle/input/datasets/elmadafri/the-wildfire-dataset/the_wildfire_dataset_2n_version/train/nofire/jason-leem-50bzI1F6urA-unsplash.jpg,5736,3350,JPEG,RGB,3350
train,nofire,unsplash,jasper-graetsch,jasper-graetsch-Liu4Sr8Sjag-unsplash.jpg,/kaggle/input/datasets/elmadafri/the-wildfire-dataset/the_wildfire_dataset_2n_version/train/nofire/jasper-graetsch-Liu4Sr8Sjag-unsplash.jpg,6016,4016,JPEG,RGB,4016
train,nofire,unsplash,jay-heike,jay-heike-GgITHk9Fgz4-unsplash.jpg,/kaggle/input/datasets/elmadafri/the-wildfire-dataset/the_wildfire_dataset_2n_version/train/nofire/jay-heike-GgITHk9Fgz4-unsplash.jpg,5184,3456,JPEG,RGB,3456
train,nofire,unsplash,jeffrey-blum,jeffrey-blum-3iUSDCLX64s-unsplash.jpg,/kaggle/input/datasets/elmadafri/the-wildfire-dataset/the_wildfire_dataset_2n_version/train/nofire/jeffrey-blum-3iUSDCLX64s-unsplash.jpg,3968,2976,JPEG,RGB,2976
train,nofire,unsplash,jens-aber,jens-aber-wJayMBspHVE-unsplash.jpg,/kaggle/input/datasets/elmadafri/the-wildfire-dataset/the_wildfire_dataset_2n_version/train/nofire/jens-aber-wJayMBspHVE-unsplash.jpg,5184,2592,JPEG,RGB,2592
train,nofire,unsplash,jerad-hill,jerad-hill-bWeEH8tvp_g-unsplash.jpg,/kaggle/input/datasets/elmadafri/the-wildfire-dataset/the_wildfire_dataset_2n_version/train/nofire/jerad-hill-bWeEH8tvp_g-unsplash.jpg,7008,4672,JPEG,RGB,4672
train,nofire,unsplash,jerad-hill,jerad-hill-xMc1FYzNgEQ-unsplash.jpg,/kaggle/input/datasets/elmadafri/the-wildfire-dataset/the_wildfire_dataset_2n_version/train/nofire/jerad-hill-xMc1FYzNgEQ-unsplash.jpg,8466,5644,JPEG,RGB,5644
train,nofire,unsplash,jeremy-vessey,jeremy-vessey-UbmYvvNt1xY-unsplash.jpg,/kaggle/input/datasets/elmadafri/the-wildfire-dataset/the_wildfire_dataset_2n_version/train/nofire/jeremy-vessey-UbmYvvNt1xY-unsplash.jpg,3992,2992,JPEG,RGB,2992
train,nofire,unsplash,jim-niakaris,jim-niakaris-4BIQP4swrSE-unsplash.jpg,/kaggle/input/datasets/elmadafri/the-wildfire-dataset/the_wildfire_dataset_2n_version/train/nofire/jim-niakaris-4BIQP4swrSE-unsplash.jpg,4000,2250,JPEG,RGB,2250
train,nofire,unsplash,jimena-egger,jimena-egger-iYmdySHXNUI-unsplash.jpg,/kaggle/input/datasets/elmadafri/the-wildfire-dataset/the_wildfire_dataset_2n_version/train/nofire/jimena-egger-iYmdySHXNUI-unsplash.jpg,6000,4000,JPEG,RGB,4000
train,nofire,unsplash,joa-pietila,joa-pietila-404tfCACokE-unsplash.jpg,/kaggle/input/datasets/elmadafri/the-wildfire-dataset/the_wildfire_dataset_2n_version/train/nofire/joa-pietila-404tfCACokE-unsplash.jpg,3456,4608,JPEG,RGB,3456
train,nofire,unsplash,joel-ambass,joel-ambass-UAQ1QI2XUVU-unsplash.jpg,/kaggle/input/datasets/elmadafri/the-wildfire-dataset/the_wildfire_dataset_2n_version/train/nofire/joel-ambass-UAQ1QI2XUVU-unsplash.jpg,6000,4000,JPEG,RGB,4000
train,nofire,unsplash,joel-vodell,joel-vodell-nCFY9hNoUYk-unsplash.jpg,/kaggle/input/datasets/elmadafri/the-wildfire-dataset/the_wildfire_dataset_2n_version/train/nofire/joel-vodell-nCFY9hNoUYk-unsplash.jpg,4000,3000,JPEG,RGB,3000
train,nofire,unsplash,joey-kyber,joey-kyber-Qcvjbkw1N0M-unsplash.jpg,/kaggle/input/datasets/elmadafri/the-wildfire-dataset/the_wildfire_dataset_2n_version/train/nofire/joey-kyber-Qcvjbkw1N0M-unsplash.jpg,5012,2230,JPEG,RGB,2230
train,nofire,unsplash,johannes-c,johannes-c-l-egZWWXz0_xI-unsplash.jpg,/kaggle/input/datasets/elmadafri/the-wildfire-dataset/the_wildfire_dataset_2n_version/train/nofire/johannes-c-l-egZWWXz0_xI-unsplash.jpg,4000,3000,JPEG,RGB,3000
train,nofire,unsplash,johannes-eckert,johannes-eckert-tThMIPcsvjM-unsplash.jpg,/kaggle/input/datasets/elmadafri/the-wildfire-dataset/the_wildfire_dataset_2n_version/train/nofire/johannes-eckert-tThMIPcsvjM-unsplash.jpg,3987,5276,JPEG,RGB,3987
train,nofire,unsplash,johannes-hofmann,johannes-hofmann-h9DGSxPXTIk-unsplash.jpg,/kaggle/input/datasets/elmadafri/the-wildfire-dataset/the_wildfire_dataset_2n_version/train/nofire/johannes-hofmann-h9DGSxPXTIk-unsplash.jpg,2848,4288,JPEG,RGB,2848
train,nofire,unsplash,johannes-plenio,johannes-plenio-3oxEuUtXCwQ-unsplash.jpg,/kaggle/input/datasets/elmadafri/the-wildfire-dataset/the_wildfire_dataset_2n_version/train/nofire/johannes-plenio-3oxEuUtXCwQ-unsplash.jpg,3000,2000,JPEG,RGB,2000
train,nofire,unsplash,johannes-plenio,johannes-plenio-51TpweqbK0E-unsplash.jpg,/kaggle/input/datasets/elmadafri/the-wildfire-dataset/the_wildfire_dataset_2n_version/train/nofire/johannes-plenio-51TpweqbK0E-unsplash.jpg,3000,1688,JPEG,RGB,1688
train,nofire,unsplash,johannes-plenio,johannes-plenio-DPd_jrugB2w-unsplash.jpg,/kaggle/input/datasets/elmadafri/the-wildfire-dataset/the_wildfire_dataset_2n_version/train/nofire/johannes-plenio-DPd_jrugB2w-unsplash.jpg,6000,3375,JPEG,RGB,3375
train,nofire,unsplash,johannes-plenio,johannes-plenio-GNYdKN-zjlg-unsplash.jpg,/kaggle/input/datasets/elmadafri/the-wildfire-dataset/the_wildfire_dataset_2n_version/train/nofire/johannes-plenio-GNYdKN-zjlg-unsplash.jpg,5148,2896,JPEG,RGB,2896
train,nofire,unsplash,johannes-plenio,johannes-plenio-Il9vp5caR2c-unsplash.jpg,/kaggle/input/datasets/elmadafri/the-wildfire-dataset/the_wildfire_dataset_2n_version/train/nofire/johannes-plenio-Il9vp5caR2c-unsplash.jpg,3000,2000,JPEG,RGB,2000
train,nofire,unsplash,johannes-plenio,johannes-plenio-ZRJwl3M7q2g-unsplash.jpg,/kaggle/input/datasets/elmadafri/the-wildfire-dataset/the_wildfire_dataset_2n_version/train/nofire/johannes-plenio-ZRJwl3M7q2g-unsplash.jpg,4783,3188,JPEG,RGB,3188
train,nofire,unsplash,johannes-plenio,johannes-plenio-ZoqSJ-xrGY0-unsplash.jpg,/kaggle/input/datasets/elmadafri/the-wildfire-dataset/the_wildfire_dataset_2n_version/train/nofire/johannes-plenio-ZoqSJ-xrGY0-unsplash.jpg,6000,4000,JPEG,RGB,4000
train,nofire,unsplash,johannes-plenio,johannes-plenio-a9PDBZO7Ivk-unsplash.jpg,/kaggle/input/datasets/elmadafri/the-wildfire-dataset/the_wildfire_dataset_2n_version/train/nofire/johannes-plenio-a9PDBZO7Ivk-unsplash.jpg,6000,4000,JPEG,RGB,4000
train,nofire,unsplash,johannes-plenio,johannes-plenio-jsOOWDyOKxo-unsplash.jpg,/kaggle/input/datasets/elmadafri/the-wildfire-dataset/the_wildfire_dataset_2n_version/train/nofire/johannes-plenio-jsOOWDyOKxo-unsplash.jpg,3200,1800,JPEG,RGB,1800
train,nofire,unsplash,johannes-plenio,johannes-plenio-sY5llOA25Ck-unsplash.jpg,/kaggle/input/datasets/elmadafri/the-wildfire-dataset/the_wildfire_dataset_2n_version/train/nofire/johannes-plenio-sY5llOA25Ck-unsplash.jpg,6000,3375,JPEG,RGB,3375
train,nofire,unsplash,john-salzarulo,john-salzarulo-H2j2rotqudo-unsplash.jpg,/kaggle/input/datasets/elmadafri/the-wildfire-dataset/the_wildfire_dataset_2n_version/train/nofire/john-salzarulo-H2j2rotqudo-unsplash.jpg,2400,1799,JPEG,RGB,1799
train,nofire,unsplash,john-towner,john-towner-TCCCKgdFmBo-unsplash.jpg,/kaggle/input/datasets/elmadafri/the-wildfire-dataset/the_wildfire_dataset_2n_version/train/nofire/john-towner-TCCCKgdFmBo-unsplash.jpg,4096,2732,JPEG,RGB,2732
train,nofire,unsplash,john-towner,john-towner-prd5CXMsD68-unsplash.jpg,/kaggle/input/datasets/elmadafri/the-wildfire-dataset/the_wildfire_dataset_2n_version/train/nofire/john-towner-prd5CXMsD68-unsplash.jpg,4096,2304,JPEG,RGB,2304
train,nofire,unsplash,johnny-briggs,johnny-briggs-M8BW5vyzG6E-unsplash.jpg,/kaggle/input/datasets/elmadafri/the-wildfire-dataset/the_wildfire_dataset_2n_version/train/nofire/johnny-briggs-M8BW5vyzG6E-unsplash.jpg,4000,2250,JPEG,RGB,2250
train,nofire,unsplash,johny-goerend,johny-goerend-U7icXzyYg7A-unsplash.jpg,/kaggle/input/datasets/elmadafri/the-wildfire-dataset/the_wildfire_dataset_2n_version/train/nofire/johny-goerend-U7icXzyYg7A-unsplash.jpg,3000,1688,JPEG,RGB,1688
train,nofire,unsplash,johny-goerend,johny-goerend-pK8Wj_wZVkw-unsplash.jpg,/kaggle/input/datasets/elmadafri/the-wildfire-dataset/the_wildfire_dataset_2n_version/train/nofire/johny-goerend-pK8Wj_wZVkw-unsplash.jpg,2179,2179,JPEG,RGB,2179
train,nofire,unsplash,jonas-denil,jonas-denil-Ht6kCAcD-1Y-unsplash.jpg,/kaggle/input/datasets/elmadafri/the-wildfire-dataset/the_wildfire_dataset_2n_version/train/nofire/jonas-denil-Ht6kCAcD-1Y-unsplash.jpg,4000,2250,JPEG,RGB,2250
train,nofire,unsplash,jonas-denil,jonas-denil-KYjDM67EBkI-unsplash.jpg,/kaggle/input/datasets/elmadafri/the-wildfire-dataset/the_wildfire_dataset_2n_version/train/nofire/jonas-denil-KYjDM67EBkI-unsplash.jpg,4000,2250,JPEG,RGB,2250
train,nofire,unsplash,jonatan-pie,jonatan-pie-VBPzoNXYj7c-unsplash.jpg,/kaggle/input/datasets/elmadafri/the-wildfire-dataset/the_wildfire_dataset_2n_version/train/nofire/jonatan-pie-VBPzoNXYj7c-unsplash.jpg,7156,4780,JPEG,RGB,4780
train,nofire,unsplash,jonathan-borba,jonathan-borba-IeUIUmbnXHg-unsplash.jpg,/kaggle/input/datasets/elmadafri/the-wildfire-dataset/the_wildfire_dataset_2n_version/train/nofire/jonathan-borba-IeUIUmbnXHg-unsplash.jpg,3354,5032,JPEG,RGB,3354
train,nofire,unsplash,jonathan-borba,jonathan-borba-nzrAcm7KQc4-unsplash.jpg,/kaggle/input/datasets/elmadafri/the-wildfire-dataset/the_wildfire_dataset_2n_version/train/nofire/jonathan-borba-nzrAcm7KQc4-unsplash.jpg,5324,3550,JPEG,RGB,3550
train,nofire,unsplash,jonathan-letniak,jonathan-letniak-Vn1QyMMgV5k-unsplash.jpg,/kaggle/input/datasets/elmadafri/the-wildfire-dataset/the_wildfire_dataset_2n_version/train/nofire/jonathan-letniak-Vn1QyMMgV5k-unsplash.jpg,4000,6000,JPEG,RGB,4000
train,nofire,unsplash,jonny-caspari,jonny-caspari-GGc-yc6P218-unsplash.jpg,/kaggle/input/datasets/elmadafri/the-wildfire-dataset/the_wildfire_dataset_2n_version/train/nofire/jonny-caspari-GGc-yc6P218-unsplash.jpg,3992,2242,JPEG,RGB,2242
train,nofire,unsplash,jonny-caspari,jonny-caspari-eUjyDDl31RY-unsplash.jpg,/kaggle/input/datasets/elmadafri/the-wildfire-dataset/the_wildfire_dataset_2n_version/train/nofire/jonny-caspari-eUjyDDl31RY-unsplash.jpg,3072,4251,JPEG,RGB,3072
train,nofire,unsplash,jonny-caspari,jonny-caspari-hIF_K6PRjko-unsplash.jpg,/kaggle/input/datasets/elmadafri/the-wildfire-dataset/the_wildfire_dataset_2n_version/train/nofire/jonny-caspari-hIF_K6PRjko-unsplash.jpg,2873,4309,JPEG,RGB,2873
train,nofire,unsplash,jordan-mcqueen,jordan-mcqueen-n9iJ_9JvjWI-unsplash.jpg,/kaggle/input/datasets/elmadafri/the-wildfire-dataset/the_wildfire_dataset_2n_version/train/nofire/jordan-mcqueen-n9iJ_9JvjWI-unsplash.jpg,5760,3840,JPEG,RGB,3840
train,nofire,unsplash,jordan-opel,jordan-opel-N1AFXixF4qQ-unsplash.jpg,/kaggle/input/datasets/elmadafri/the-wildfire-dataset/the_wildfire_dataset_2n_version/train/nofire/jordan-opel-N1AFXixF4qQ-unsplash.jpg,4000,3000,JPEG,RGB,3000
train,nofire,unsplash,jose-alejandro,jose-alejandro-cuffia-6NCtJnNpcpA-unsplash.jpg,/kaggle/input/datasets/elmadafri/the-wildfire-dataset/the_wildfire_dataset_2n_version/train/nofire/jose-alejandro-cuffia-6NCtJnNpcpA-unsplash.jpg,4928,3264,JPEG,RGB,3264
train,nofire,unsplash,joseph-dispo,joseph-dispo-vqus0Swv9PU-unsplash.jpg,/kaggle/input/datasets/elmadafri/the-wildfire-dataset/the_wildfire_dataset_2n_version/train/nofire/joseph-dispo-vqus0Swv9PU-unsplash.jpg,3120,4160,JPEG,RGB,3120
train,nofire,unsplash,josh-felise,josh-felise-ZBD7Wh3SJEI-unsplash.jpg,/kaggle/input/datasets/elmadafri/the-wildfire-dataset/the_wildfire_dataset_2n_version/train/nofire/josh-felise-ZBD7Wh3SJEI-unsplash.jpg,2160,1440,JPEG,RGB,1440
train,nofire,unsplash,josh-hild,josh-hild-Sl1GrFYrQ1E-unsplash.jpg,/kaggle/input/datasets/elmadafri/the-wildfire-dataset/the_wildfire_dataset_2n_version/train/nofire/josh-hild-Sl1GrFYrQ1E-unsplash.jpg,2137,2992,JPEG,RGB,2137
train,nofire,unsplash,josh-withers,josh-withers-aCTMWTlqiEQ-unsplash.jpg,/kaggle/input/datasets/elmadafri/the-wildfire-dataset/the_wildfire_dataset_2n_version/train/nofire/josh-withers-aCTMWTlqiEQ-unsplash.jpg,3756,2693,JPEG,RGB,2693
train,nofire,unsplash,joshua-fuller,joshua-fuller-Cwtv6BIi8IY-unsplash.jpg,/kaggle/input/datasets/elmadafri/the-wildfire-dataset/the_wildfire_dataset_2n_version/train/nofire/joshua-fuller-Cwtv6BIi8IY-unsplash.jpg,4000,3000,JPEG,RGB,3000
train,nofire,unsplash,joshua-fuller,joshua-fuller-SFRVfLZ7ORo-unsplash.jpg,/kaggle/input/datasets/elmadafri/the-wildfire-dataset/the_wildfire_dataset_2n_version/train/nofire/joshua-fuller-SFRVfLZ7ORo-unsplash.jpg,4000,6000,JPEG,RGB,4000
train,nofire,unsplash,joshua-fuller,joshua-fuller-TCZWlCbZZAc-unsplash.jpg,/kaggle/input/datasets/elmadafri/the-wildfire-dataset/the_wildfire_dataset_2n_version/train/nofire/joshua-fuller-TCZWlCbZZAc-unsplash.jpg,3468,3999,JPEG,RGB,3468
train,nofire,unsplash,joshua-mauricio,joshua-mauricio-End15pPXD5g-unsplash.jpg,/kaggle/input/datasets/elmadafri/the-wildfire-dataset/the_wildfire_dataset_2n_version/train/nofire/joshua-mauricio-End15pPXD5g-unsplash.jpg,6016,3431,JPEG,RGB,3431
train,nofire,unsplash,joshua-woods,joshua-woods-rTRt4L-MxLQ-unsplash.jpg,/kaggle/input/datasets/elmadafri/the-wildfire-dataset/the_wildfire_dataset_2n_version/train/nofire/joshua-woods-rTRt4L-MxLQ-unsplash.jpg,3024,3024,JPEG,RGB,3024
train,nofire,unsplash,joss-woodhead,joss-woodhead-53ZlFYkBavc-unsplash.jpg,/kaggle/input/datasets/elmadafri/the-wildfire-dataset/the_wildfire_dataset_2n_version/train/nofire/joss-woodhead-53ZlFYkBavc-unsplash.jpg,6000,4000,JPEG,RGB,4000
train,nofire,unsplash,joyce-g,joyce-g-5kt45pbfyuo-unsplash.jpg,/kaggle/input/datasets/elmadafri/the-wildfire-dataset/the_wildfire_dataset_2n_version/train/nofire/joyce-g-5kt45pbfyuo-unsplash.jpg,5457,3638,JPEG,RGB,3638
train,nofire,unsplash,jp-valery,jp-valery-9AA5IGoIwEQ-unsplash.jpg,/kaggle/input/datasets/elmadafri/the-wildfire-dataset/the_wildfire_dataset_2n_version/train/nofire/jp-valery-9AA5IGoIwEQ-unsplash.jpg,3648,5472,JPEG,RGB,3648
train,nofire,unsplash,jp-valery,jp-valery-ytWGK5RPP3E-unsplash.jpg,/kaggle/input/datasets/elmadafri/the-wildfire-dataset/the_wildfire_dataset_2n_version/train/nofire/jp-valery-ytWGK5RPP3E-unsplash.jpg,3992,2242,JPEG,RGB,2242
train,nofire,unsplash,julia-verea,julia-verea-wz7Z51XjZ_E-unsplash.jpg,/kaggle/input/datasets/elmadafri/the-wildfire-dataset/the_wildfire_dataset_2n_version/train/nofire/julia-verea-wz7Z51XjZ_E-unsplash.jpg,3674,5511,JPEG,RGB,3674
train,nofire,unsplash,julian-gruneberg,julian-gruneberg-DupkgRi63ns-unsplash.jpg,/kaggle/input/datasets/elmadafri/the-wildfire-dataset/the_wildfire_dataset_2n_version/train/nofire/julian-gruneberg-DupkgRi63ns-unsplash.jpg,4000,2250,JPEG,RGB,2250
train,nofire,unsplash,julian-hochgesang,julian-hochgesang-F9HYmeJ9i0s-unsplash.jpg,/kaggle/input/datasets/elmadafri/the-wildfire-dataset/the_wildfire_dataset_2n_version/train/nofire/julian-hochgesang-F9HYmeJ9i0s-unsplash.jpg,5344,4016,JPEG,RGB,4016
train,nofire,unsplash,julian-hochgesang,julian-hochgesang-OUCxBh3AOWg-unsplash.jpg,/kaggle/input/datasets/elmadafri/the-wildfire-dataset/the_wildfire_dataset_2n_version/train/nofire/julian-hochgesang-OUCxBh3AOWg-unsplash.jpg,5464,3640,JPEG,RGB,3640
train,nofire,unsplash,julian-villella,julian-villella-pKAom32wMj4-unsplash.jpg,/kaggle/input/datasets/elmadafri/the-wildfire-dataset/the_wildfire_dataset_2n_version/train/nofire/julian-villella-pKAom32wMj4-unsplash.jpg,4000,2250,JPEG,RGB,2250
train,nofire,unsplash,julien-kettmann,julien-kettmann-r8od1mgZ8Sk-unsplash.jpg,/kaggle/input/datasets/elmadafri/the-wildfire-dataset/the_wildfire_dataset_2n_version/train/nofire/julien-kettmann-r8od1mgZ8Sk-unsplash.jpg,6672,3675,JPEG,RGB,3675
train,nofire,unsplash,julien-lanoy,julien-lanoy-hxhmflnl5d8-unsplash.jpg,/kaggle/input/datasets/elmadafri/the-wildfire-dataset/the_wildfire_dataset_2n_version/train/nofire/julien-lanoy-hxhmflnl5d8-unsplash.jpg,6000,4000,JPEG,RGB,4000
train,nofire,unsplash,juniperphoton-BgTNRsGr1ic,juniperphoton-BgTNRsGr1ic-unsplash.jpg,/kaggle/input/datasets/elmadafri/the-wildfire-dataset/the_wildfire_dataset_2n_version/train/nofire/juniperphoton-BgTNRsGr1ic-unsplash.jpg,7952,5304,JPEG,RGB,5304
train,nofire,unsplash,justin-kauffman,justin-kauffman-7_tRMnxWsUg-unsplash.jpg,/kaggle/input/datasets/elmadafri/the-wildfire-dataset/the_wildfire_dataset_2n_version/train/nofire/justin-kauffman-7_tRMnxWsUg-unsplash.jpg,3565,5347,JPEG,RGB,3565
train,nofire,unsplash,justin-kauffman,justin-kauffman-AXnzRL3fc44-unsplash (1).jpg,/kaggle/input/datasets/elmadafri/the-wildfire-dataset/the_wildfire_dataset_2n_version/train/nofire/justin-kauffman-AXnzRL3fc44-unsplash (1).jpg,2992,3992,JPEG,RGB,2992
train,nofire,unsplash,k-b,k-b-L_aI-4hGMEE-unsplash.jpg,/kaggle/input/datasets/elmadafri/the-wildfire-dataset/the_wildfire_dataset_2n_version/train/nofire/k-b-L_aI-4hGMEE-unsplash.jpg,3763,2812,JPEG,RGB,2812
train,nofire,unsplash,kaidi-guo,kaidi-guo-iq0EoeLNoy8-unsplash.jpg,/kaggle/input/datasets/elmadafri/the-wildfire-dataset/the_wildfire_dataset_2n_version/train/nofire/kaidi-guo-iq0EoeLNoy8-unsplash.jpg,6000,3376,JPEG,RGB,3376
train,nofire,unsplash,kal-visuals,kal-visuals-XHU9wRgxZIQ-unsplash.jpg,/kaggle/input/datasets/elmadafri/the-wildfire-dataset/the_wildfire_dataset_2n_version/train/nofire/kal-visuals-XHU9wRgxZIQ-unsplash.jpg,2190,1460,JPEG,RGB,1460
train,nofire,unsplash,kane-taylor,kane-taylor-a7XYUScbu74-unsplash.jpg,/kaggle/input/datasets/elmadafri/the-wildfire-dataset/the_wildfire_dataset_2n_version/train/nofire/kane-taylor-a7XYUScbu74-unsplash.jpg,3041,2160,JPEG,RGB,2160
train,nofire,unsplash,karsten-wurth,karsten-wurth-RybwUAJ6EMA-unsplash.jpg,/kaggle/input/datasets/elmadafri/the-wildfire-dataset/the_wildfire_dataset_2n_version/train/nofire/karsten-wurth-RybwUAJ6EMA-unsplash.jpg,5341,3436,JPEG,RGB,3436
train,nofire,unsplash,kash-of_4PDMQ3wk,kash-of_4PDMQ3wk-unsplash.jpg,/kaggle/input/datasets/elmadafri/the-wildfire-dataset/the_wildfire_dataset_2n_version/train/nofire/kash-of_4PDMQ3wk-unsplash.jpg,5472,3648,JPEG,RGB,3648
train,nofire,unsplash,kayle-kaupanger,kayle-kaupanger-EJksqmj1pPc-unsplash.jpg,/kaggle/input/datasets/elmadafri/the-wildfire-dataset/the_wildfire_dataset_2n_version/train/nofire/kayle-kaupanger-EJksqmj1pPc-unsplash.jpg,3980,2239,JPEG,RGB,2239
train,nofire,unsplash,keagan-henman,keagan-henman-N8zMX_2MKJk-unsplash.jpg,/kaggle/input/datasets/elmadafri/the-wildfire-dataset/the_wildfire_dataset_2n_version/train/nofire/keagan-henman-N8zMX_2MKJk-unsplash.jpg,3992,2242,JPEG,RGB,2242
train,nofire,unsplash,keagan-henman,keagan-henman-digbEZQyrsY-unsplash.jpg,/kaggle/input/datasets/elmadafri/the-wildfire-dataset/the_wildfire_dataset_2n_version/train/nofire/keagan-henman-digbEZQyrsY-unsplash.jpg,3992,2242,JPEG,RGB,2242
train,nofire,unsplash,keagan-henman,keagan-henman-rJJG1nUfDSc-unsplash.jpg,/kaggle/input/datasets/elmadafri/the-wildfire-dataset/the_wildfire_dataset_2n_version/train/nofire/keagan-henman-rJJG1nUfDSc-unsplash.jpg,3992,2242,JPEG,RGB,2242
train,nofire,unsplash,keagan-henman,keagan-henman-wsFzXgWMlLA-unsplash.jpg,/kaggle/input/datasets/elmadafri/the-wildfire-dataset/the_wildfire_dataset_2n_version/train/nofire/keagan-henman-wsFzXgWMlLA-unsplash.jpg,3992,2242,JPEG,RGB,2242
train,nofire,unsplash,keagan-henman,keagan-henman-wyoPyihLCug-unsplash.jpg,/kaggle/input/datasets/elmadafri/the-wildfire-dataset/the_wildfire_dataset_2n_version/train/nofire/keagan-henman-wyoPyihLCug-unsplash.jpg,3992,2242,JPEG,RGB,2242
train,nofire,unsplash,kevin-bosc,kevin-bosc-Kz9oLCDxUrA-unsplash.jpg,/kaggle/input/datasets/elmadafri/the-wildfire-dataset/the_wildfire_dataset_2n_version/train/nofire/kevin-bosc-Kz9oLCDxUrA-unsplash.jpg,5418,3612,JPEG,RGB,3612
train,nofire,unsplash,kevin-erdvig,kevin-erdvig-GkYpXeUv4nM-unsplash.jpg,/kaggle/input/datasets/elmadafri/the-wildfire-dataset/the_wildfire_dataset_2n_version/train/nofire/kevin-erdvig-GkYpXeUv4nM-unsplash.jpg,3840,2024,JPEG,RGB,2024
train,nofire,unsplash,kevin-fitzgerald,kevin-fitzgerald-8ji8O5uHE1U-unsplash.jpg,/kaggle/input/datasets/elmadafri/the-wildfire-dataset/the_wildfire_dataset_2n_version/train/nofire/kevin-fitzgerald-8ji8O5uHE1U-unsplash.jpg,6000,3375,JPEG,RGB,3375
train,nofire,unsplash,kimo-EPLbOv1zd4k,kimo-EPLbOv1zd4k-unsplash.jpg,/kaggle/input/datasets/elmadafri/the-wildfire-dataset/the_wildfire_dataset_2n_version/train/nofire/kimo-EPLbOv1zd4k-unsplash.jpg,2912,4368,JPEG,RGB,2912
train,nofire,unsplash,kimon-maritz,kimon-maritz-1-ISIwuBMiw-unsplash.jpg,/kaggle/input/datasets/elmadafri/the-wildfire-dataset/the_wildfire_dataset_2n_version/train/nofire/kimon-maritz-1-ISIwuBMiw-unsplash.jpg,3853,2241,JPEG,RGB,2241
train,nofire,unsplash,kir-simakov,kir-simakov-6OkJxCo_yHU-unsplash.jpg,/kaggle/input/datasets/elmadafri/the-wildfire-dataset/the_wildfire_dataset_2n_version/train/nofire/kir-simakov-6OkJxCo_yHU-unsplash.jpg,3000,2266,JPEG,RGB,2266
train,nofire,unsplash,kirsten-drew,kirsten-drew-k0T-Yx1zXDw-unsplash.jpg,/kaggle/input/datasets/elmadafri/the-wildfire-dataset/the_wildfire_dataset_2n_version/train/nofire/kirsten-drew-k0T-Yx1zXDw-unsplash.jpg,5184,3456,JPEG,RGB,3456
train,nofire,unsplash,kletis-roy,kletis-roy-AM5vvPrlqJU-unsplash.jpg,/kaggle/input/datasets/elmadafri/the-wildfire-dataset/the_wildfire_dataset_2n_version/train/nofire/kletis-roy-AM5vvPrlqJU-unsplash.jpg,6000,4000,JPEG,RGB,4000
train,nofire,unsplash,knoell-marketing,knoell-marketing-XwAqGD4qEtI-unsplash.jpg,/kaggle/input/datasets/elmadafri/the-wildfire-dataset/the_wildfire_dataset_2n_version/train/nofire/knoell-marketing-XwAqGD4qEtI-unsplash.jpg,5472,3078,JPEG,RGB,3078
train,nofire,unsplash,kristaps-ungurs,kristaps-ungurs--Y5egGca9po-unsplash.jpg,/kaggle/input/datasets/elmadafri/the-wildfire-dataset/the_wildfire_dataset_2n_version/train/nofire/kristaps-ungurs--Y5egGca9po-unsplash.jpg,5464,3640,JPEG,RGB,3640
train,nofire,unsplash,kristaps-ungurs,kristaps-ungurs-1q54ClpzDBE-unsplash.jpg,/kaggle/input/datasets/elmadafri/the-wildfire-dataset/the_wildfire_dataset_2n_version/train/nofire/kristaps-ungurs-1q54ClpzDBE-unsplash.jpg,2602,3469,JPEG,RGB,2602
train,nofire,unsplash,kristaps-ungurs,kristaps-ungurs-2M8F61XOJFc-unsplash.jpg,/kaggle/input/datasets/elmadafri/the-wildfire-dataset/the_wildfire_dataset_2n_version/train/nofire/kristaps-ungurs-2M8F61XOJFc-unsplash.jpg,3640,5464,JPEG,RGB,3640
train,nofire,unsplash,kristaps-ungurs,kristaps-ungurs-2Wmp9BqcfU4-unsplash.jpg,/kaggle/input/datasets/elmadafri/the-wildfire-dataset/the_wildfire_dataset_2n_version/train/nofire/kristaps-ungurs-2Wmp9BqcfU4-unsplash.jpg,5464,3640,JPEG,RGB,3640
train,nofire,unsplash,kristaps-ungurs,kristaps-ungurs-5FPATjPX50g-unsplash.jpg,/kaggle/input/datasets/elmadafri/the-wildfire-dataset/the_wildfire_dataset_2n_version/train/nofire/kristaps-ungurs-5FPATjPX50g-unsplash.jpg,4984,3320,JPEG,RGB,3320
train,nofire,unsplash,kristaps-ungurs,kristaps-ungurs-6Yrbqo_RGMo-unsplash.jpg,/kaggle/input/datasets/elmadafri/the-wildfire-dataset/the_wildfire_dataset_2n_version/train/nofire/kristaps-ungurs-6Yrbqo_RGMo-unsplash.jpg,3052,4883,JPEG,RGB,3052
train,nofire,unsplash,kristaps-ungurs,kristaps-ungurs-7bN2EW12kgM-unsplash.jpg,/kaggle/input/datasets/elmadafri/the-wildfire-dataset/the_wildfire_dataset_2n_version/train/nofire/kristaps-ungurs-7bN2EW12kgM-unsplash.jpg,3712,5568,JPEG,RGB,3712
train,nofire,unsplash,kristaps-ungurs,kristaps-ungurs-8xLNRmRj95A-unsplash.jpg,/kaggle/input/datasets/elmadafri/the-wildfire-dataset/the_wildfire_dataset_2n_version/train/nofire/kristaps-ungurs-8xLNRmRj95A-unsplash.jpg,5464,3640,JPEG,RGB,3640
train,nofire,unsplash,kristaps-ungurs,kristaps-ungurs-AUcdCMUzgOM-unsplash.jpg,/kaggle/input/datasets/elmadafri/the-wildfire-dataset/the_wildfire_dataset_2n_version/train/nofire/kristaps-ungurs-AUcdCMUzgOM-unsplash.jpg,5464,3640,JPEG,RGB,3640
train,nofire,unsplash,kristaps-ungurs,kristaps-ungurs-AhKiqI840qM-unsplash.jpg,/kaggle/input/datasets/elmadafri/the-wildfire-dataset/the_wildfire_dataset_2n_version/train/nofire/kristaps-ungurs-AhKiqI840qM-unsplash.jpg,4699,6265,JPEG,RGB,4699
train,nofire,unsplash,kristaps-ungurs,kristaps-ungurs-BAvDjy8cmAM-unsplash.jpg,/kaggle/input/datasets/elmadafri/the-wildfire-dataset/the_wildfire_dataset_2n_version/train/nofire/kristaps-ungurs-BAvDjy8cmAM-unsplash.jpg,4969,3310,JPEG,RGB,3310
train,nofire,unsplash,kristaps-ungurs,kristaps-ungurs-Hxmj17wDL-s-unsplash.jpg,/kaggle/input/datasets/elmadafri/the-wildfire-dataset/the_wildfire_dataset_2n_version/train/nofire/kristaps-ungurs-Hxmj17wDL-s-unsplash.jpg,3640,5464,JPEG,RGB,3640
train,nofire,unsplash,kristaps-ungurs,kristaps-ungurs-IAHLqrnLCMw-unsplash.jpg,/kaggle/input/datasets/elmadafri/the-wildfire-dataset/the_wildfire_dataset_2n_version/train/nofire/kristaps-ungurs-IAHLqrnLCMw-unsplash.jpg,3527,5294,JPEG,RGB,3527
train,nofire,unsplash,kristaps-ungurs,kristaps-ungurs-IV7ot1J-K70-unsplash.jpg,/kaggle/input/datasets/elmadafri/the-wildfire-dataset/the_wildfire_dataset_2n_version/train/nofire/kristaps-ungurs-IV7ot1J-K70-unsplash.jpg,3640,5464,JPEG,RGB,3640
train,nofire,unsplash,kristaps-ungurs,kristaps-ungurs-Muamasw0mz8-unsplash.jpg,/kaggle/input/datasets/elmadafri/the-wildfire-dataset/the_wildfire_dataset_2n_version/train/nofire/kristaps-ungurs-Muamasw0mz8-unsplash.jpg,5464,3640,JPEG,RGB,3640
train,nofire,unsplash,kristaps-ungurs,kristaps-ungurs-OiOlmRVM01M-unsplash.jpg,/kaggle/input/datasets/elmadafri/the-wildfire-dataset/the_wildfire_dataset_2n_version/train/nofire/kristaps-ungurs-OiOlmRVM01M-unsplash.jpg,2649,3311,JPEG,RGB,2649
train,nofire,unsplash,kristaps-ungurs,kristaps-ungurs-Q_vei2vnPPk-unsplash.jpg,/kaggle/input/datasets/elmadafri/the-wildfire-dataset/the_wildfire_dataset_2n_version/train/nofire/kristaps-ungurs-Q_vei2vnPPk-unsplash.jpg,3640,5464,JPEG,RGB,3640
train,nofire,unsplash,kristaps-ungurs,kristaps-ungurs-SVtIH50qMz4-unsplash.jpg,/kaggle/input/datasets/elmadafri/the-wildfire-dataset/the_wildfire_dataset_2n_version/train/nofire/kristaps-ungurs-SVtIH50qMz4-unsplash.jpg,5058,3788,JPEG,RGB,3788
train,nofire,unsplash,kristaps-ungurs,kristaps-ungurs-TMAMxAAGpNE-unsplash.jpg,/kaggle/input/datasets/elmadafri/the-wildfire-dataset/the_wildfire_dataset_2n_version/train/nofire/kristaps-ungurs-TMAMxAAGpNE-unsplash.jpg,5464,3640,JPEG,RGB,3640
train,nofire,unsplash,kristaps-ungurs,kristaps-ungurs-TbDgbkWt2jc-unsplash.jpg,/kaggle/input/datasets/elmadafri/the-wildfire-dataset/the_wildfire_dataset_2n_version/train/nofire/kristaps-ungurs-TbDgbkWt2jc-unsplash.jpg,4425,5726,JPEG,RGB,4425
train,nofire,unsplash,kristaps-ungurs,kristaps-ungurs-UIOmH4F3Wtk-unsplash.jpg,/kaggle/input/datasets/elmadafri/the-wildfire-dataset/the_wildfire_dataset_2n_version/train/nofire/kristaps-ungurs-UIOmH4F3Wtk-unsplash.jpg,3396,5097,JPEG,RGB,3396
train,nofire,unsplash,kristaps-ungurs,kristaps-ungurs-UbnPaBCUxig-unsplash.jpg,/kaggle/input/datasets/elmadafri/the-wildfire-dataset/the_wildfire_dataset_2n_version/train/nofire/kristaps-ungurs-UbnPaBCUxig-unsplash.jpg,5203,2927,JPEG,RGB,2927
train,nofire,unsplash,kristaps-ungurs,kristaps-ungurs-WxiejoZvPDk-unsplash.jpg,/kaggle/input/datasets/elmadafri/the-wildfire-dataset/the_wildfire_dataset_2n_version/train/nofire/kristaps-ungurs-WxiejoZvPDk-unsplash.jpg,4730,3542,JPEG,RGB,3542
train,nofire,unsplash,kristaps-ungurs,kristaps-ungurs-bqRUmr144Rc-unsplash.jpg,/kaggle/input/datasets/elmadafri/the-wildfire-dataset/the_wildfire_dataset_2n_version/train/nofire/kristaps-ungurs-bqRUmr144Rc-unsplash.jpg,3640,5464,JPEG,RGB,3640
train,nofire,unsplash,kristaps-ungurs,kristaps-ungurs-coOIhGeKAo4-unsplash.jpg,/kaggle/input/datasets/elmadafri/the-wildfire-dataset/the_wildfire_dataset_2n_version/train/nofire/kristaps-ungurs-coOIhGeKAo4-unsplash.jpg,5472,3648,JPEG,RGB,3648
train,nofire,unsplash,kristaps-ungurs,kristaps-ungurs-er_qIzY_FD8-unsplash.jpg,/kaggle/input/datasets/elmadafri/the-wildfire-dataset/the_wildfire_dataset_2n_version/train/nofire/kristaps-ungurs-er_qIzY_FD8-unsplash.jpg,5464,3640,JPEG,RGB,3640
train,nofire,unsplash,kristaps-ungurs,kristaps-ungurs-fQEVCD1lsoM-unsplash.jpg,/kaggle/input/datasets/elmadafri/the-wildfire-dataset/the_wildfire_dataset_2n_version/train/nofire/kristaps-ungurs-fQEVCD1lsoM-unsplash.jpg,5464,3640,JPEG,RGB,3640
train,nofire,unsplash,kristaps-ungurs,kristaps-ungurs-gI7tHTLJc9E-unsplash.jpg,/kaggle/input/datasets/elmadafri/the-wildfire-dataset/the_wildfire_dataset_2n_version/train/nofire/kristaps-ungurs-gI7tHTLJc9E-unsplash.jpg,5339,3557,JPEG,RGB,3557
train,nofire,unsplash,kristaps-ungurs,kristaps-ungurs-kYN0KehKdBY-unsplash.jpg,/kaggle/input/datasets/elmadafri/the-wildfire-dataset/the_wildfire_dataset_2n_version/train/nofire/kristaps-ungurs-kYN0KehKdBY-unsplash.jpg,3302,4957,JPEG,RGB,3302
train,nofire,unsplash,kristaps-ungurs,kristaps-ungurs-rWBJBGLzJAw-unsplash.jpg,/kaggle/input/datasets/elmadafri/the-wildfire-dataset/the_wildfire_dataset_2n_version/train/nofire/kristaps-ungurs-rWBJBGLzJAw-unsplash.jpg,5464,3640,JPEG,RGB,3640
train,nofire,unsplash,kristaps-ungurs,kristaps-ungurs-t2sg-wNpK6U-unsplash.jpg,/kaggle/input/datasets/elmadafri/the-wildfire-dataset/the_wildfire_dataset_2n_version/train/nofire/kristaps-ungurs-t2sg-wNpK6U-unsplash.jpg,4436,5545,JPEG,RGB,4436
train,nofire,unsplash,kristaps-ungurs,kristaps-ungurs-vJ6gaQk_eIs-unsplash.jpg,/kaggle/input/datasets/elmadafri/the-wildfire-dataset/the_wildfire_dataset_2n_version/train/nofire/kristaps-ungurs-vJ6gaQk_eIs-unsplash.jpg,3640,5464,JPEG,RGB,3640
train,nofire,unsplash,kristaps-ungurs,kristaps-ungurs-wIEX2lI5j4A-unsplash.jpg,/kaggle/input/datasets/elmadafri/the-wildfire-dataset/the_wildfire_dataset_2n_version/train/nofire/kristaps-ungurs-wIEX2lI5j4A-unsplash.jpg,3486,5233,JPEG,RGB,3486
train,nofire,unsplash,kristina-zeleski,kristina-zeleski-CcyWBkcVaxM-unsplash.jpg,/kaggle/input/datasets/elmadafri/the-wildfire-dataset/the_wildfire_dataset_2n_version/train/nofire/kristina-zeleski-CcyWBkcVaxM-unsplash.jpg,4032,3024,JPEG,RGB,3024
train,nofire,unsplash,kurt-van,kurt-van-krieken-VKrrZKWKYAo-unsplash.jpg,/kaggle/input/datasets/elmadafri/the-wildfire-dataset/the_wildfire_dataset_2n_version/train/nofire/kurt-van-krieken-VKrrZKWKYAo-unsplash.jpg,3099,4648,JPEG,RGB,3099
train,nofire,unsplash,kurt-von,kurt-von-jNN9eZdPC5M-unsplash.jpg,/kaggle/input/datasets/elmadafri/the-wildfire-dataset/the_wildfire_dataset_2n_version/train/nofire/kurt-von-jNN9eZdPC5M-unsplash.jpg,3992,2992,JPEG,RGB,2992
train,nofire,unsplash,kyle-mesdag,kyle-mesdag-2tUhwqRmXns-unsplash.jpg,/kaggle/input/datasets/elmadafri/the-wildfire-dataset/the_wildfire_dataset_2n_version/train/nofire/kyle-mesdag-2tUhwqRmXns-unsplash.jpg,4000,3000,JPEG,RGB,3000
train,nofire,unsplash,kyle-peyton,kyle-peyton-iMqq7PoyL0M-unsplash.jpg,/kaggle/input/datasets/elmadafri/the-wildfire-dataset/the_wildfire_dataset_2n_version/train/nofire/kyle-peyton-iMqq7PoyL0M-unsplash.jpg,2915,3644,JPEG,RGB,2915
train,nofire,unsplash,kym-mackinnon,kym-mackinnon-1YyuJxUG_R8-unsplash.jpg,/kaggle/input/datasets/elmadafri/the-wildfire-dataset/the_wildfire_dataset_2n_version/train/nofire/kym-mackinnon-1YyuJxUG_R8-unsplash.jpg,4608,2592,JPEG,RGB,2592
train,nofire,unsplash,kym-mackinnon,kym-mackinnon-2ui_UtznZ2g-unsplash.jpg,/kaggle/input/datasets/elmadafri/the-wildfire-dataset/the_wildfire_dataset_2n_version/train/nofire/kym-mackinnon-2ui_UtznZ2g-unsplash.jpg,2560,1440,JPEG,RGB,1440
train,nofire,unsplash,kym-mackinnon,kym-mackinnon-31hELUX_Rk0-unsplash.jpg,/kaggle/input/datasets/elmadafri/the-wildfire-dataset/the_wildfire_dataset_2n_version/train/nofire/kym-mackinnon-31hELUX_Rk0-unsplash.jpg,4608,2437,JPEG,RGB,2437
train,nofire,unsplash,kym-mackinnon,kym-mackinnon-3UysRR0fVIk-unsplash.jpg,/kaggle/input/datasets/elmadafri/the-wildfire-dataset/the_wildfire_dataset_2n_version/train/nofire/kym-mackinnon-3UysRR0fVIk-unsplash.jpg,4608,2592,JPEG,RGB,2592
train,nofire,unsplash,kym-mackinnon,kym-mackinnon-4ebLGN1H8iQ-unsplash.jpg,/kaggle/input/datasets/elmadafri/the-wildfire-dataset/the_wildfire_dataset_2n_version/train/nofire/kym-mackinnon-4ebLGN1H8iQ-unsplash.jpg,4896,2752,JPEG,RGB,2752
train,nofire,unsplash,kym-mackinnon,kym-mackinnon-5FqCd-jDV10-unsplash.jpg,/kaggle/input/datasets/elmadafri/the-wildfire-dataset/the_wildfire_dataset_2n_version/train/nofire/kym-mackinnon-5FqCd-jDV10-unsplash.jpg,2560,1440,JPEG,RGB,1440
train,nofire,unsplash,kym-mackinnon,kym-mackinnon-5kErrSVZEm4-unsplash.jpg,/kaggle/input/datasets/elmadafri/the-wildfire-dataset/the_wildfire_dataset_2n_version/train/nofire/kym-mackinnon-5kErrSVZEm4-unsplash.jpg,4896,2752,JPEG,RGB,2752
train,nofire,unsplash,kym-mackinnon,kym-mackinnon-9SUnsAl3koo-unsplash.jpg,/kaggle/input/datasets/elmadafri/the-wildfire-dataset/the_wildfire_dataset_2n_version/train/nofire/kym-mackinnon-9SUnsAl3koo-unsplash.jpg,4896,2752,JPEG,RGB,2752
train,nofire,unsplash,kym-mackinnon,kym-mackinnon-AsCZJR42I24-unsplash.jpg,/kaggle/input/datasets/elmadafri/the-wildfire-dataset/the_wildfire_dataset_2n_version/train/nofire/kym-mackinnon-AsCZJR42I24-unsplash.jpg,4580,2574,JPEG,RGB,2574
train,nofire,unsplash,kym-mackinnon,kym-mackinnon-B3NJXFtYzew-unsplash.jpg,/kaggle/input/datasets/elmadafri/the-wildfire-dataset/the_wildfire_dataset_2n_version/train/nofire/kym-mackinnon-B3NJXFtYzew-unsplash.jpg,4896,2752,JPEG,RGB,2752
train,nofire,unsplash,kym-mackinnon,kym-mackinnon-BFOcxk9FQEw-unsplash.jpg,/kaggle/input/datasets/elmadafri/the-wildfire-dataset/the_wildfire_dataset_2n_version/train/nofire/kym-mackinnon-BFOcxk9FQEw-unsplash.jpg,4259,2398,JPEG,RGB,2398
train,nofire,unsplash,kym-mackinnon,kym-mackinnon-BbPiBs0CPv4-unsplash.jpg,/kaggle/input/datasets/elmadafri/the-wildfire-dataset/the_wildfire_dataset_2n_version/train/nofire/kym-mackinnon-BbPiBs0CPv4-unsplash.jpg,6000,4000,JPEG,RGB,4000
train,nofire,unsplash,kym-mackinnon,kym-mackinnon-Cw-pbtoAYn4-unsplash.jpg,/kaggle/input/datasets/elmadafri/the-wildfire-dataset/the_wildfire_dataset_2n_version/train/nofire/kym-mackinnon-Cw-pbtoAYn4-unsplash.jpg,4896,2399,JPEG,RGB,2399
train,nofire,unsplash,kym-mackinnon,kym-mackinnon-ECFfcKlXaiA-unsplash.jpg,/kaggle/input/datasets/elmadafri/the-wildfire-dataset/the_wildfire_dataset_2n_version/train/nofire/kym-mackinnon-ECFfcKlXaiA-unsplash.jpg,4608,2592,JPEG,RGB,2592
train,nofire,unsplash,kym-mackinnon,kym-mackinnon-FHsBhWjPLxg-unsplash.jpg,/kaggle/input/datasets/elmadafri/the-wildfire-dataset/the_wildfire_dataset_2n_version/train/nofire/kym-mackinnon-FHsBhWjPLxg-unsplash.jpg,4216,2372,JPEG,RGB,2372
train,nofire,unsplash,kym-mackinnon,kym-mackinnon-Fiy_aYeob1c-unsplash.jpg,/kaggle/input/datasets/elmadafri/the-wildfire-dataset/the_wildfire_dataset_2n_version/train/nofire/kym-mackinnon-Fiy_aYeob1c-unsplash.jpg,4608,2592,JPEG,RGB,2592
train,nofire,unsplash,kym-mackinnon,kym-mackinnon-GSU1GRuF0Q4-unsplash.jpg,/kaggle/input/datasets/elmadafri/the-wildfire-dataset/the_wildfire_dataset_2n_version/train/nofire/kym-mackinnon-GSU1GRuF0Q4-unsplash.jpg,4896,2752,JPEG,RGB,2752
train,nofire,unsplash,kym-mackinnon,kym-mackinnon-HDky3rJfwls-unsplash.jpg,/kaggle/input/datasets/elmadafri/the-wildfire-dataset/the_wildfire_dataset_2n_version/train/nofire/kym-mackinnon-HDky3rJfwls-unsplash.jpg,4216,2372,JPEG,RGB,2372
train,nofire,unsplash,kym-mackinnon,kym-mackinnon-HSFyO6DkOqQ-unsplash.jpg,/kaggle/input/datasets/elmadafri/the-wildfire-dataset/the_wildfire_dataset_2n_version/train/nofire/kym-mackinnon-HSFyO6DkOqQ-unsplash.jpg,4608,2592,JPEG,RGB,2592
train,nofire,unsplash,kym-mackinnon,kym-mackinnon-J_fOJFtCCC0-unsplash.jpg,/kaggle/input/datasets/elmadafri/the-wildfire-dataset/the_wildfire_dataset_2n_version/train/nofire/kym-mackinnon-J_fOJFtCCC0-unsplash.jpg,4608,2592,JPEG,RGB,2592
train,nofire,unsplash,kym-mackinnon,kym-mackinnon-K7brnUOXtWc-unsplash.jpg,/kaggle/input/datasets/elmadafri/the-wildfire-dataset/the_wildfire_dataset_2n_version/train/nofire/kym-mackinnon-K7brnUOXtWc-unsplash.jpg,4361,2530,JPEG,RGB,2530
train,nofire,unsplash,kym-mackinnon,kym-mackinnon-KS8B-1XKyrY-unsplash.jpg,/kaggle/input/datasets/elmadafri/the-wildfire-dataset/the_wildfire_dataset_2n_version/train/nofire/kym-mackinnon-KS8B-1XKyrY-unsplash.jpg,5869,3913,JPEG,RGB,3913
train,nofire,unsplash,kym-mackinnon,kym-mackinnon-MZEn2BigCaA-unsplash.jpg,/kaggle/input/datasets/elmadafri/the-wildfire-dataset/the_wildfire_dataset_2n_version/train/nofire/kym-mackinnon-MZEn2BigCaA-unsplash.jpg,4608,2592,JPEG,RGB,2592
train,nofire,unsplash,kym-mackinnon,kym-mackinnon-R-NvndFpa9I-unsplash.jpg,/kaggle/input/datasets/elmadafri/the-wildfire-dataset/the_wildfire_dataset_2n_version/train/nofire/kym-mackinnon-R-NvndFpa9I-unsplash.jpg,4700,2563,JPEG,RGB,2563
train,nofire,unsplash,kym-mackinnon,kym-mackinnon-RoUhvO7lHg4-unsplash.jpg,/kaggle/input/datasets/elmadafri/the-wildfire-dataset/the_wildfire_dataset_2n_version/train/nofire/kym-mackinnon-RoUhvO7lHg4-unsplash.jpg,4378,2463,JPEG,RGB,2463
train,nofire,unsplash,kym-mackinnon,kym-mackinnon-SpF32SKdx2E-unsplash.jpg,/kaggle/input/datasets/elmadafri/the-wildfire-dataset/the_wildfire_dataset_2n_version/train/nofire/kym-mackinnon-SpF32SKdx2E-unsplash.jpg,3909,5863,JPEG,RGB,3909
train,nofire,unsplash,kym-mackinnon,kym-mackinnon-U4h6qSZyHDw-unsplash.jpg,/kaggle/input/datasets/elmadafri/the-wildfire-dataset/the_wildfire_dataset_2n_version/train/nofire/kym-mackinnon-U4h6qSZyHDw-unsplash.jpg,4608,2592,JPEG,RGB,2592
train,nofire,unsplash,kym-mackinnon,kym-mackinnon-UWjYnPFvGCM-unsplash.jpg,/kaggle/input/datasets/elmadafri/the-wildfire-dataset/the_wildfire_dataset_2n_version/train/nofire/kym-mackinnon-UWjYnPFvGCM-unsplash.jpg,4896,2752,JPEG,RGB,2752
train,nofire,unsplash,kym-mackinnon,kym-mackinnon-Um4CaFfdlpU-unsplash.jpg,/kaggle/input/datasets/elmadafri/the-wildfire-dataset/the_wildfire_dataset_2n_version/train/nofire/kym-mackinnon-Um4CaFfdlpU-unsplash.jpg,4608,2592,JPEG,RGB,2592
train,nofire,unsplash,kym-mackinnon,kym-mackinnon-VOyHZUbt4Fc-unsplash.jpg,/kaggle/input/datasets/elmadafri/the-wildfire-dataset/the_wildfire_dataset_2n_version/train/nofire/kym-mackinnon-VOyHZUbt4Fc-unsplash.jpg,6000,4000,JPEG,RGB,4000
train,nofire,unsplash,kym-mackinnon,kym-mackinnon-YrX58BQLNfY-unsplash.jpg,/kaggle/input/datasets/elmadafri/the-wildfire-dataset/the_wildfire_dataset_2n_version/train/nofire/kym-mackinnon-YrX58BQLNfY-unsplash.jpg,4829,2714,JPEG,RGB,2714
train,nofire,unsplash,kym-mackinnon,kym-mackinnon-d-tSNrD9pGA-unsplash.jpg,/kaggle/input/datasets/elmadafri/the-wildfire-dataset/the_wildfire_dataset_2n_version/train/nofire/kym-mackinnon-d-tSNrD9pGA-unsplash.jpg,6000,3751,JPEG,RGB,3751
train,nofire,unsplash,kym-mackinnon,kym-mackinnon-jABfUl1JYis-unsplash.jpg,/kaggle/input/datasets/elmadafri/the-wildfire-dataset/the_wildfire_dataset_2n_version/train/nofire/kym-mackinnon-jABfUl1JYis-unsplash.jpg,4608,2592,JPEG,RGB,2592
train,nofire,unsplash,kym-mackinnon,kym-mackinnon-k58gUCTJwX8-unsplash.jpg,/kaggle/input/datasets/elmadafri/the-wildfire-dataset/the_wildfire_dataset_2n_version/train/nofire/kym-mackinnon-k58gUCTJwX8-unsplash.jpg,4608,2592,JPEG,RGB,2592
train,nofire,unsplash,kym-mackinnon,kym-mackinnon-myeTzTYc9ok-unsplash.jpg,/kaggle/input/datasets/elmadafri/the-wildfire-dataset/the_wildfire_dataset_2n_version/train/nofire/kym-mackinnon-myeTzTYc9ok-unsplash.jpg,4608,2592,JPEG,RGB,2592
train,nofire,unsplash,kym-mackinnon,kym-mackinnon-oegVwnc5YFA-unsplash.jpg,/kaggle/input/datasets/elmadafri/the-wildfire-dataset/the_wildfire_dataset_2n_version/train/nofire/kym-mackinnon-oegVwnc5YFA-unsplash.jpg,4608,2592,JPEG,RGB,2592
train,nofire,unsplash,kym-mackinnon,kym-mackinnon-ohRlkFvO5e8-unsplash.jpg,/kaggle/input/datasets/elmadafri/the-wildfire-dataset/the_wildfire_dataset_2n_version/train/nofire/kym-mackinnon-ohRlkFvO5e8-unsplash.jpg,4608,2592,JPEG,RGB,2592
train,nofire,unsplash,kym-mackinnon,kym-mackinnon-qMH6mosLwJc-unsplash.jpg,/kaggle/input/datasets/elmadafri/the-wildfire-dataset/the_wildfire_dataset_2n_version/train/nofire/kym-mackinnon-qMH6mosLwJc-unsplash.jpg,4896,2752,JPEG,RGB,2752
train,nofire,unsplash,kym-mackinnon,kym-mackinnon-qzy13pTnzVY-unsplash.jpg,/kaggle/input/datasets/elmadafri/the-wildfire-dataset/the_wildfire_dataset_2n_version/train/nofire/kym-mackinnon-qzy13pTnzVY-unsplash.jpg,4608,2592,JPEG,RGB,2592
train,nofire,unsplash,kym-mackinnon,kym-mackinnon-rRD5EIf2Zt8-unsplash.jpg,/kaggle/input/datasets/elmadafri/the-wildfire-dataset/the_wildfire_dataset_2n_version/train/nofire/kym-mackinnon-rRD5EIf2Zt8-unsplash.jpg,4896,2752,JPEG,RGB,2752
train,nofire,unsplash,kym-mackinnon,kym-mackinnon-wBLTmclJy4E-unsplash.jpg,/kaggle/input/datasets/elmadafri/the-wildfire-dataset/the_wildfire_dataset_2n_version/train/nofire/kym-mackinnon-wBLTmclJy4E-unsplash.jpg,2560,1440,JPEG,RGB,1440
train,nofire,unsplash,kym-mackinnon,kym-mackinnon-wHNtB95ih3Y-unsplash.jpg,/kaggle/input/datasets/elmadafri/the-wildfire-dataset/the_wildfire_dataset_2n_version/train/nofire/kym-mackinnon-wHNtB95ih3Y-unsplash.jpg,4608,2592,JPEG,RGB,2592
train,nofire,unsplash,kym-mackinnon,kym-mackinnon-wjzDedDtd94-unsplash.jpg,/kaggle/input/datasets/elmadafri/the-wildfire-dataset/the_wildfire_dataset_2n_version/train/nofire/kym-mackinnon-wjzDedDtd94-unsplash.jpg,4216,2372,JPEG,RGB,2372
train,nofire,unsplash,kym-mackinnon,kym-mackinnon-zDzcaysJlkQ-unsplash.jpg,/kaggle/input/datasets/elmadafri/the-wildfire-dataset/the_wildfire_dataset_2n_version/train/nofire/kym-mackinnon-zDzcaysJlkQ-unsplash.jpg,4896,2663,JPEG,RGB,2663
train,nofire,unsplash,lance-asper,lance-asper-I-y2ZUR_1GA-unsplash.jpg,/kaggle/input/datasets/elmadafri/the-wildfire-dataset/the_wildfire_dataset_2n_version/train/nofire/lance-asper-I-y2ZUR_1GA-unsplash.jpg,3908,2195,JPEG,RGB,2195
train,nofire,unsplash,lance-asper,lance-asper-oJv439U1yW4-unsplash.jpg,/kaggle/input/datasets/elmadafri/the-wildfire-dataset/the_wildfire_dataset_2n_version/train/nofire/lance-asper-oJv439U1yW4-unsplash.jpg,3935,2210,JPEG,RGB,2210
train,nofire,unsplash,laura-lefurgey,laura-lefurgey-smith-EPmvy-Ql4U0-unsplash.jpg,/kaggle/input/datasets/elmadafri/the-wildfire-dataset/the_wildfire_dataset_2n_version/train/nofire/laura-lefurgey-smith-EPmvy-Ql4U0-unsplash.jpg,4343,3264,JPEG,RGB,3264
train,nofire,unsplash,laura-lefurgey,laura-lefurgey-smith-pV69pG9YeEw-unsplash.jpg,/kaggle/input/datasets/elmadafri/the-wildfire-dataset/the_wildfire_dataset_2n_version/train/nofire/laura-lefurgey-smith-pV69pG9YeEw-unsplash.jpg,4508,2661,JPEG,RGB,2661
train,nofire,unsplash,layne-lawson,layne-lawson-ahjVRHrS07o-unsplash.jpg,/kaggle/input/datasets/elmadafri/the-wildfire-dataset/the_wildfire_dataset_2n_version/train/nofire/layne-lawson-ahjVRHrS07o-unsplash.jpg,3999,2998,JPEG,RGB,2998
train,nofire,unsplash,lefty-kasdaglis,lefty-kasdaglis-H_0QzH3tBiM-unsplash.jpg,/kaggle/input/datasets/elmadafri/the-wildfire-dataset/the_wildfire_dataset_2n_version/train/nofire/lefty-kasdaglis-H_0QzH3tBiM-unsplash.jpg,7009,3943,JPEG,RGB,3943
train,nofire,unsplash,lennart-heim,lennart-heim-ldz-H1VyrEo-unsplash.jpg,/kaggle/input/datasets/elmadafri/the-wildfire-dataset/the_wildfire_dataset_2n_version/train/nofire/lennart-heim-ldz-H1VyrEo-unsplash.jpg,2895,3862,JPEG,RGB,2895
train,nofire,unsplash,leohoho-9VDgeN4xI1M,leohoho-9VDgeN4xI1M-unsplash.jpg,/kaggle/input/datasets/elmadafri/the-wildfire-dataset/the_wildfire_dataset_2n_version/train/nofire/leohoho-9VDgeN4xI1M-unsplash.jpg,6000,4000,JPEG,RGB,4000
train,nofire,unsplash,leon-wu,leon-wu-wl8O5p94e_8-unsplash.jpg,/kaggle/input/datasets/elmadafri/the-wildfire-dataset/the_wildfire_dataset_2n_version/train/nofire/leon-wu-wl8O5p94e_8-unsplash.jpg,4000,6000,JPEG,RGB,4000
train,nofire,unsplash,leslie-cross,leslie-cross-hO9CKGCnB-M-unsplash.jpg,/kaggle/input/datasets/elmadafri/the-wildfire-dataset/the_wildfire_dataset_2n_version/train/nofire/leslie-cross-hO9CKGCnB-M-unsplash.jpg,5184,3456,JPEG,RGB,3456
train,nofire,unsplash,levi-bare,levi-bare-fVpCWcX70ns-unsplash.jpg,/kaggle/input/datasets/elmadafri/the-wildfire-dataset/the_wildfire_dataset_2n_version/train/nofire/levi-bare-fVpCWcX70ns-unsplash.jpg,3919,2937,JPEG,RGB,2937
train,nofire,unsplash,levi-bare,levi-bare-sxZ4wOoQ2io-unsplash.jpg,/kaggle/input/datasets/elmadafri/the-wildfire-dataset/the_wildfire_dataset_2n_version/train/nofire/levi-bare-sxZ4wOoQ2io-unsplash.jpg,6000,4000,JPEG,RGB,4000
train,nofire,unsplash,levi-bare,levi-bare-xCfHL21VpDk-unsplash.jpg,/kaggle/input/datasets/elmadafri/the-wildfire-dataset/the_wildfire_dataset_2n_version/train/nofire/levi-bare-xCfHL21VpDk-unsplash.jpg,6000,4000,JPEG,RGB,4000
train,nofire,unsplash,levi-morsy,levi-morsy-HPeyuY6SrUw-unsplash.jpg,/kaggle/input/datasets/elmadafri/the-wildfire-dataset/the_wildfire_dataset_2n_version/train/nofire/levi-morsy-HPeyuY6SrUw-unsplash.jpg,4592,3056,JPEG,RGB,3056
train,nofire,unsplash,lewis-latham,lewis-latham-0huRqQjz81A-unsplash.jpg,/kaggle/input/datasets/elmadafri/the-wildfire-dataset/the_wildfire_dataset_2n_version/train/nofire/lewis-latham-0huRqQjz81A-unsplash.jpg,3992,2992,JPEG,RGB,2992
train,nofire,unsplash,lewis-latham,lewis-latham-gugOBBZxty4-unsplash.jpg,/kaggle/input/datasets/elmadafri/the-wildfire-dataset/the_wildfire_dataset_2n_version/train/nofire/lewis-latham-gugOBBZxty4-unsplash.jpg,3992,2992,JPEG,RGB,2992
train,nofire,unsplash,lightscape-LRQsyNQL1TE,lightscape-LRQsyNQL1TE-unsplash.jpg,/kaggle/input/datasets/elmadafri/the-wildfire-dataset/the_wildfire_dataset_2n_version/train/nofire/lightscape-LRQsyNQL1TE-unsplash.jpg,4945,3274,JPEG,RGB,3274
train,nofire,unsplash,lili-kovac,lili-kovac-JonGFaeFPgg-unsplash.jpg,/kaggle/input/datasets/elmadafri/the-wildfire-dataset/the_wildfire_dataset_2n_version/train/nofire/lili-kovac-JonGFaeFPgg-unsplash.jpg,6000,4000,JPEG,RGB,4000
train,nofire,unsplash,lili-kovac,lili-kovac-iE2UNgYQ42g-unsplash.jpg,/kaggle/input/datasets/elmadafri/the-wildfire-dataset/the_wildfire_dataset_2n_version/train/nofire/lili-kovac-iE2UNgYQ42g-unsplash.jpg,3723,4654,JPEG,RGB,3723
train,nofire,unsplash,lina-loos,lina-loos-04-C1NZk1hE-unsplash.jpg,/kaggle/input/datasets/elmadafri/the-wildfire-dataset/the_wildfire_dataset_2n_version/train/nofire/lina-loos-04-C1NZk1hE-unsplash.jpg,5611,3741,JPEG,RGB,3741
train,nofire,unsplash,linas-bam,linas-bam-q1X6ADPZl4w-unsplash.jpg,/kaggle/input/datasets/elmadafri/the-wildfire-dataset/the_wildfire_dataset_2n_version/train/nofire/linas-bam-q1X6ADPZl4w-unsplash.jpg,4000,2667,JPEG,RGB,2667
train,nofire,unsplash,linas-bam,linas-bam-q_873ymLjS4-unsplash.jpg,/kaggle/input/datasets/elmadafri/the-wildfire-dataset/the_wildfire_dataset_2n_version/train/nofire/linas-bam-q_873ymLjS4-unsplash.jpg,4000,2604,JPEG,RGB,2604
train,nofire,unsplash,linda-xu,linda-xu-ASgVWPhURiI-unsplash.jpg,/kaggle/input/datasets/elmadafri/the-wildfire-dataset/the_wildfire_dataset_2n_version/train/nofire/linda-xu-ASgVWPhURiI-unsplash.jpg,3264,4928,JPEG,RGB,3264
train,nofire,unsplash,liuguangxi-r,liuguangxi-r-uXQdIDsQ8-unsplash.jpg,/kaggle/input/datasets/elmadafri/the-wildfire-dataset/the_wildfire_dataset_2n_version/train/nofire/liuguangxi-r-uXQdIDsQ8-unsplash.jpg,8256,6192,JPEG,RGB,6192
train,nofire,unsplash,lobostudio-hamburg,lobostudio-hamburg-E3rMBrxqKRo-unsplash.jpg,/kaggle/input/datasets/elmadafri/the-wildfire-dataset/the_wildfire_dataset_2n_version/train/nofire/lobostudio-hamburg-E3rMBrxqKRo-unsplash.jpg,5616,3744,JPEG,RGB,3744
train,nofire,unsplash,loic-furhoff,loic-furhoff-3wy-uqOBJtY-unsplash.jpg,/kaggle/input/datasets/elmadafri/the-wildfire-dataset/the_wildfire_dataset_2n_version/train/nofire/loic-furhoff-3wy-uqOBJtY-unsplash.jpg,5834,3889,JPEG,RGB,3889
train,nofire,unsplash,lorenzo-spoleti,lorenzo-spoleti-FXEWwXMCq3I-unsplash.jpg,/kaggle/input/datasets/elmadafri/the-wildfire-dataset/the_wildfire_dataset_2n_version/train/nofire/lorenzo-spoleti-FXEWwXMCq3I-unsplash.jpg,6000,4000,JPEG,RGB,4000
train,nofire,unsplash,lou-levit,lou-levit-0lHIMPhRtN8-unsplash.jpg,/kaggle/input/datasets/elmadafri/the-wildfire-dataset/the_wildfire_dataset_2n_version/train/nofire/lou-levit-0lHIMPhRtN8-unsplash.jpg,4793,3195,JPEG,RGB,3195
train,nofire,unsplash,luc-tribolet,luc-tribolet-aBe82hRak8w-unsplash.jpg,/kaggle/input/datasets/elmadafri/the-wildfire-dataset/the_wildfire_dataset_2n_version/train/nofire/luc-tribolet-aBe82hRak8w-unsplash.jpg,4509,2699,JPEG,RGB,2699
train,nofire,unsplash,luc-tribolet,luc-tribolet-b8bT1_ded84-unsplash.jpg,/kaggle/input/datasets/elmadafri/the-wildfire-dataset/the_wildfire_dataset_2n_version/train/nofire/luc-tribolet-b8bT1_ded84-unsplash.jpg,4002,2870,JPEG,RGB,2870
train,nofire,unsplash,luca-bravo,luca-bravo-A-fubu9QJxE-unsplash.jpg,/kaggle/input/datasets/elmadafri/the-wildfire-dataset/the_wildfire_dataset_2n_version/train/nofire/luca-bravo-A-fubu9QJxE-unsplash.jpg,5937,3958,JPEG,RGB,3958
train,nofire,unsplash,luca-bravo,luca-bravo-SgtU7sK6oP4-unsplash.jpg,/kaggle/input/datasets/elmadafri/the-wildfire-dataset/the_wildfire_dataset_2n_version/train/nofire/luca-bravo-SgtU7sK6oP4-unsplash.jpg,6000,4000,JPEG,RGB,4000
train,nofire,unsplash,luca-ic_L3GISq5Q,luca-ic_L3GISq5Q-unsplash.jpg,/kaggle/input/datasets/elmadafri/the-wildfire-dataset/the_wildfire_dataset_2n_version/train/nofire/luca-ic_L3GISq5Q-unsplash.jpg,5472,3648,JPEG,RGB,3648
train,nofire,unsplash,luca-merz,luca-merz-PGpW4YNbzIk-unsplash.jpg,/kaggle/input/datasets/elmadafri/the-wildfire-dataset/the_wildfire_dataset_2n_version/train/nofire/luca-merz-PGpW4YNbzIk-unsplash.jpg,3000,4000,JPEG,RGB,3000
train,nofire,unsplash,lucas-ludwig,lucas-ludwig-SRdFJC0Xblc-unsplash.jpg,/kaggle/input/datasets/elmadafri/the-wildfire-dataset/the_wildfire_dataset_2n_version/train/nofire/lucas-ludwig-SRdFJC0Xblc-unsplash.jpg,3959,5938,JPEG,RGB,3959
train,nofire,unsplash,lucian-dachman,lucian-dachman-Nlyae10NH7k-unsplash.jpg,/kaggle/input/datasets/elmadafri/the-wildfire-dataset/the_wildfire_dataset_2n_version/train/nofire/lucian-dachman-Nlyae10NH7k-unsplash.jpg,3840,2559,JPEG,RGB,2559
train,nofire,unsplash,luis-gherasim,luis-gherasim-hYbkqbiEVDg-unsplash.jpg,/kaggle/input/datasets/elmadafri/the-wildfire-dataset/the_wildfire_dataset_2n_version/train/nofire/luis-gherasim-hYbkqbiEVDg-unsplash.jpg,4000,3000,JPEG,RGB,3000
train,nofire,unsplash,lukas-mann,lukas-mann-Ixqn51tPfSM-unsplash.jpg,/kaggle/input/datasets/elmadafri/the-wildfire-dataset/the_wildfire_dataset_2n_version/train/nofire/lukas-mann-Ixqn51tPfSM-unsplash.jpg,5000,3333,JPEG,RGB,3333
train,nofire,unsplash,lukas-tennie,lukas-tennie-184vJIldaHw-unsplash.jpg,/kaggle/input/datasets/elmadafri/the-wildfire-dataset/the_wildfire_dataset_2n_version/train/nofire/lukas-tennie-184vJIldaHw-unsplash.jpg,4928,3264,JPEG,RGB,3264
train,nofire,unsplash,luke-baard,luke-baard-Cx2i30bytTo-unsplash.jpg,/kaggle/input/datasets/elmadafri/the-wildfire-dataset/the_wildfire_dataset_2n_version/train/nofire/luke-baard-Cx2i30bytTo-unsplash.jpg,4000,2250,JPEG,RGB,2250
train,nofire,unsplash,luke-baard,luke-baard-DdNyljNFYX4-unsplash.jpg,/kaggle/input/datasets/elmadafri/the-wildfire-dataset/the_wildfire_dataset_2n_version/train/nofire/luke-baard-DdNyljNFYX4-unsplash.jpg,4000,2250,JPEG,RGB,2250
train,nofire,unsplash,luke-baard,luke-baard-xR6qUaDRjOE-unsplash.jpg,/kaggle/input/datasets/elmadafri/the-wildfire-dataset/the_wildfire_dataset_2n_version/train/nofire/luke-baard-xR6qUaDRjOE-unsplash.jpg,4000,2250,JPEG,RGB,2250
train,nofire,unsplash,maciek-sulkowski,maciek-sulkowski-43gFXiPsMbY-unsplash.jpg,/kaggle/input/datasets/elmadafri/the-wildfire-dataset/the_wildfire_dataset_2n_version/train/nofire/maciek-sulkowski-43gFXiPsMbY-unsplash.jpg,5348,3565,JPEG,RGB,3565
train,nofire,unsplash,maciek-sulkowski,maciek-sulkowski-Bktevt0SwQw-unsplash.jpg,/kaggle/input/datasets/elmadafri/the-wildfire-dataset/the_wildfire_dataset_2n_version/train/nofire/maciek-sulkowski-Bktevt0SwQw-unsplash.jpg,5616,3744,JPEG,RGB,3744
train,nofire,unsplash,maciek-sulkowski,maciek-sulkowski-jVJWrcUNdeY-unsplash.jpg,/kaggle/input/datasets/elmadafri/the-wildfire-dataset/the_wildfire_dataset_2n_version/train/nofire/maciek-sulkowski-jVJWrcUNdeY-unsplash.jpg,5164,3443,JPEG,RGB,3443
train,nofire,unsplash,maciek-sulkowski,maciek-sulkowski-oCmOCNGJM1g-unsplash.jpg,/kaggle/input/datasets/elmadafri/the-wildfire-dataset/the_wildfire_dataset_2n_version/train/nofire/maciek-sulkowski-oCmOCNGJM1g-unsplash.jpg,5536,3700,JPEG,RGB,3700
train,nofire,unsplash,mads-schmidt,mads-schmidt-rasmussen-6YmzwamGzCg-unsplash.jpg,/kaggle/input/datasets/elmadafri/the-wildfire-dataset/the_wildfire_dataset_2n_version/train/nofire/mads-schmidt-rasmussen-6YmzwamGzCg-unsplash.jpg,3556,4741,JPEG,RGB,3556
train,nofire,unsplash,mahosadha-ong,mahosadha-ong-xaWBSIUjbgc-unsplash.jpg,/kaggle/input/datasets/elmadafri/the-wildfire-dataset/the_wildfire_dataset_2n_version/train/nofire/mahosadha-ong-xaWBSIUjbgc-unsplash.jpg,6240,4160,JPEG,RGB,4160
train,nofire,unsplash,maksym-diachenko,maksym-diachenko-3Ts2u53CY_Y-unsplash.jpg,/kaggle/input/datasets/elmadafri/the-wildfire-dataset/the_wildfire_dataset_2n_version/train/nofire/maksym-diachenko-3Ts2u53CY_Y-unsplash.jpg,5432,3619,JPEG,RGB,3619
train,nofire,unsplash,malik-skydsgaard,malik-skydsgaard-02P5IzhQmFc-unsplash.jpg,/kaggle/input/datasets/elmadafri/the-wildfire-dataset/the_wildfire_dataset_2n_version/train/nofire/malik-skydsgaard-02P5IzhQmFc-unsplash.jpg,3992,2992,JPEG,RGB,2992
train,nofire,unsplash,malik-skydsgaard,malik-skydsgaard-I3ecLQjqIrA-unsplash.jpg,/kaggle/input/datasets/elmadafri/the-wildfire-dataset/the_wildfire_dataset_2n_version/train/nofire/malik-skydsgaard-I3ecLQjqIrA-unsplash.jpg,4856,3636,JPEG,RGB,3636
train,nofire,unsplash,malik-skydsgaard,malik-skydsgaard-zNwXhNeqqgI-unsplash.jpg,/kaggle/input/datasets/elmadafri/the-wildfire-dataset/the_wildfire_dataset_2n_version/train/nofire/malik-skydsgaard-zNwXhNeqqgI-unsplash.jpg,3992,2992,JPEG,RGB,2992
train,nofire,unsplash,malte-schmidt,malte-schmidt-2l5bsmt-7wo-unsplash.jpg,/kaggle/input/datasets/elmadafri/the-wildfire-dataset/the_wildfire_dataset_2n_version/train/nofire/malte-schmidt-2l5bsmt-7wo-unsplash.jpg,3808,2678,JPEG,RGB,2678
train,nofire,unsplash,marc-kargel,marc-kargel-1kpsB10c8nM-unsplash.jpg,/kaggle/input/datasets/elmadafri/the-wildfire-dataset/the_wildfire_dataset_2n_version/train/nofire/marc-kargel-1kpsB10c8nM-unsplash.jpg,6000,3376,JPEG,RGB,3376
train,nofire,unsplash,marc-markstein,marc-markstein-6Lov-3KpXgQ-unsplash.jpg,/kaggle/input/datasets/elmadafri/the-wildfire-dataset/the_wildfire_dataset_2n_version/train/nofire/marc-markstein-6Lov-3KpXgQ-unsplash.jpg,4000,3000,JPEG,RGB,3000
train,nofire,unsplash,marek-piwnicki,marek-piwnicki-2kqXGRGUNzQ-unsplash.jpg,/kaggle/input/datasets/elmadafri/the-wildfire-dataset/the_wildfire_dataset_2n_version/train/nofire/marek-piwnicki-2kqXGRGUNzQ-unsplash.jpg,5397,3373,JPEG,RGB,3373
train,nofire,unsplash,marek-piwnicki,marek-piwnicki-3prwT56SbvI-unsplash.jpg,/kaggle/input/datasets/elmadafri/the-wildfire-dataset/the_wildfire_dataset_2n_version/train/nofire/marek-piwnicki-3prwT56SbvI-unsplash.jpg,5268,2963,JPEG,RGB,2963
train,nofire,unsplash,marek-piwnicki,marek-piwnicki-5aVqplruTAE-unsplash.jpg,/kaggle/input/datasets/elmadafri/the-wildfire-dataset/the_wildfire_dataset_2n_version/train/nofire/marek-piwnicki-5aVqplruTAE-unsplash.jpg,5133,2887,JPEG,RGB,2887
train,nofire,unsplash,marek-piwnicki,marek-piwnicki-66SFzJ3iyNU-unsplash.jpg,/kaggle/input/datasets/elmadafri/the-wildfire-dataset/the_wildfire_dataset_2n_version/train/nofire/marek-piwnicki-66SFzJ3iyNU-unsplash.jpg,5267,3292,JPEG,RGB,3292
train,nofire,unsplash,marek-piwnicki,marek-piwnicki-G_6kPyje9Lk-unsplash.jpg,/kaggle/input/datasets/elmadafri/the-wildfire-dataset/the_wildfire_dataset_2n_version/train/nofire/marek-piwnicki-G_6kPyje9Lk-unsplash.jpg,5297,2980,JPEG,RGB,2980
train,nofire,unsplash,marek-piwnicki,marek-piwnicki-Gw7xL5f2TEs-unsplash.jpg,/kaggle/input/datasets/elmadafri/the-wildfire-dataset/the_wildfire_dataset_2n_version/train/nofire/marek-piwnicki-Gw7xL5f2TEs-unsplash.jpg,5546,8319,JPEG,RGB,5546
train,nofire,unsplash,marek-piwnicki,marek-piwnicki-L4MklSNhuPI-unsplash.jpg,/kaggle/input/datasets/elmadafri/the-wildfire-dataset/the_wildfire_dataset_2n_version/train/nofire/marek-piwnicki-L4MklSNhuPI-unsplash.jpg,5317,2991,JPEG,RGB,2991
train,nofire,unsplash,marek-piwnicki,marek-piwnicki-M7D3WdZKRk8-unsplash.jpg,/kaggle/input/datasets/elmadafri/the-wildfire-dataset/the_wildfire_dataset_2n_version/train/nofire/marek-piwnicki-M7D3WdZKRk8-unsplash.jpg,3595,5392,JPEG,RGB,3595
train,nofire,unsplash,marek-piwnicki,marek-piwnicki-PIkbpGcceeI-unsplash.jpg,/kaggle/input/datasets/elmadafri/the-wildfire-dataset/the_wildfire_dataset_2n_version/train/nofire/marek-piwnicki-PIkbpGcceeI-unsplash.jpg,5326,2996,JPEG,RGB,2996
train,nofire,unsplash,marek-piwnicki,marek-piwnicki-UX5fmeffVBM-unsplash.jpg,/kaggle/input/datasets/elmadafri/the-wildfire-dataset/the_wildfire_dataset_2n_version/train/nofire/marek-piwnicki-UX5fmeffVBM-unsplash.jpg,3583,5375,JPEG,RGB,3583
train,nofire,unsplash,marek-piwnicki,marek-piwnicki-WElEec96cxk-unsplash.jpg,/kaggle/input/datasets/elmadafri/the-wildfire-dataset/the_wildfire_dataset_2n_version/train/nofire/marek-piwnicki-WElEec96cxk-unsplash.jpg,4756,2972,JPEG,RGB,2972
train,nofire,unsplash,marek-piwnicki,marek-piwnicki-Za_PRp9Dx3Q-unsplash.jpg,/kaggle/input/datasets/elmadafri/the-wildfire-dataset/the_wildfire_dataset_2n_version/train/nofire/marek-piwnicki-Za_PRp9Dx3Q-unsplash.jpg,3529,5293,JPEG,RGB,3529
train,nofire,unsplash,marek-piwnicki,marek-piwnicki-_3qLnlJlyZw-unsplash.jpg,/kaggle/input/datasets/elmadafri/the-wildfire-dataset/the_wildfire_dataset_2n_version/train/nofire/marek-piwnicki-_3qLnlJlyZw-unsplash.jpg,5229,2941,JPEG,RGB,2941
train,nofire,unsplash,marek-piwnicki,marek-piwnicki-aDAivSo7IgM-unsplash.jpg,/kaggle/input/datasets/elmadafri/the-wildfire-dataset/the_wildfire_dataset_2n_version/train/nofire/marek-piwnicki-aDAivSo7IgM-unsplash.jpg,3479,5218,JPEG,RGB,3479
train,nofire,unsplash,marek-piwnicki,marek-piwnicki-dtEOybOiLFk-unsplash.jpg,/kaggle/input/datasets/elmadafri/the-wildfire-dataset/the_wildfire_dataset_2n_version/train/nofire/marek-piwnicki-dtEOybOiLFk-unsplash.jpg,5430,3054,JPEG,RGB,3054
train,nofire,unsplash,marek-piwnicki,marek-piwnicki-gA2i_h4XRJU-unsplash.jpg,/kaggle/input/datasets/elmadafri/the-wildfire-dataset/the_wildfire_dataset_2n_version/train/nofire/marek-piwnicki-gA2i_h4XRJU-unsplash.jpg,5161,2903,JPEG,RGB,2903
train,nofire,unsplash,marek-piwnicki,marek-piwnicki-hs0gHvNnsm4-unsplash.jpg,/kaggle/input/datasets/elmadafri/the-wildfire-dataset/the_wildfire_dataset_2n_version/train/nofire/marek-piwnicki-hs0gHvNnsm4-unsplash.jpg,5357,3348,JPEG,RGB,3348
train,nofire,unsplash,marek-piwnicki,marek-piwnicki-n59rz6KwOfE-unsplash.jpg,/kaggle/input/datasets/elmadafri/the-wildfire-dataset/the_wildfire_dataset_2n_version/train/nofire/marek-piwnicki-n59rz6KwOfE-unsplash.jpg,5004,3336,JPEG,RGB,3336
train,nofire,unsplash,marek-piwnicki,marek-piwnicki-nxL_enz7A1A-unsplash.jpg,/kaggle/input/datasets/elmadafri/the-wildfire-dataset/the_wildfire_dataset_2n_version/train/nofire/marek-piwnicki-nxL_enz7A1A-unsplash.jpg,5367,3019,JPEG,RGB,3019
train,nofire,unsplash,marek-piwnicki,marek-piwnicki-py3GLPFvmpg-unsplash.jpg,/kaggle/input/datasets/elmadafri/the-wildfire-dataset/the_wildfire_dataset_2n_version/train/nofire/marek-piwnicki-py3GLPFvmpg-unsplash.jpg,3412,5460,JPEG,RGB,3412
train,nofire,unsplash,marek-piwnicki,marek-piwnicki-stK4901P1Uo-unsplash.jpg,/kaggle/input/datasets/elmadafri/the-wildfire-dataset/the_wildfire_dataset_2n_version/train/nofire/marek-piwnicki-stK4901P1Uo-unsplash.jpg,5369,3356,JPEG,RGB,3356
train,nofire,unsplash,marek-piwnicki,marek-piwnicki-t-Fsrt79y5E-unsplash.jpg,/kaggle/input/datasets/elmadafri/the-wildfire-dataset/the_wildfire_dataset_2n_version/train/nofire/marek-piwnicki-t-Fsrt79y5E-unsplash.jpg,5382,3027,JPEG,RGB,3027
train,nofire,unsplash,marek-piwnicki,marek-piwnicki-yK8lUcBBPDA-unsplash.jpg,/kaggle/input/datasets/elmadafri/the-wildfire-dataset/the_wildfire_dataset_2n_version/train/nofire/marek-piwnicki-yK8lUcBBPDA-unsplash.jpg,5317,2991,JPEG,RGB,2991
train,nofire,unsplash,marek-piwnicki,marek-piwnicki-z28tlg9IBDY-unsplash.jpg,/kaggle/input/datasets/elmadafri/the-wildfire-dataset/the_wildfire_dataset_2n_version/train/nofire/marek-piwnicki-z28tlg9IBDY-unsplash.jpg,5435,3397,JPEG,RGB,3397
train,nofire,unsplash,marek-piwnicki,marek-piwnicki-zngKEeB7B1s-unsplash.jpg,/kaggle/input/datasets/elmadafri/the-wildfire-dataset/the_wildfire_dataset_2n_version/train/nofire/marek-piwnicki-zngKEeB7B1s-unsplash.jpg,5220,2936,JPEG,RGB,2936
train,nofire,unsplash,mari-potter,mari-potter-nqBbhvhNxWE-unsplash.jpg,/kaggle/input/datasets/elmadafri/the-wildfire-dataset/the_wildfire_dataset_2n_version/train/nofire/mari-potter-nqBbhvhNxWE-unsplash.jpg,5464,3640,JPEG,RGB,3640
train,nofire,unsplash,mari-potter,mari-potter-zdIF9nWyl1A-unsplash.jpg,/kaggle/input/datasets/elmadafri/the-wildfire-dataset/the_wildfire_dataset_2n_version/train/nofire/mari-potter-zdIF9nWyl1A-unsplash.jpg,2592,3872,JPEG,RGB,2592
train,nofire,unsplash,maria-orlova,maria-orlova-tvAHVu1792A-unsplash.jpg,/kaggle/input/datasets/elmadafri/the-wildfire-dataset/the_wildfire_dataset_2n_version/train/nofire/maria-orlova-tvAHVu1792A-unsplash.jpg,3861,2574,JPEG,RGB,2574
train,nofire,unsplash,mario-von,mario-von-rotz-sgaA4_eyL3s-unsplash.jpg,/kaggle/input/datasets/elmadafri/the-wildfire-dataset/the_wildfire_dataset_2n_version/train/nofire/mario-von-rotz-sgaA4_eyL3s-unsplash.jpg,5000,3335,JPEG,RGB,3335
train,nofire,unsplash,marita-kavelashvili,marita-kavelashvili-ugnrXk1129g-unsplash.jpg,/kaggle/input/datasets/elmadafri/the-wildfire-dataset/the_wildfire_dataset_2n_version/train/nofire/marita-kavelashvili-ugnrXk1129g-unsplash.jpg,4288,2848,JPEG,RGB,2848
train,nofire,unsplash,mariya-pampova,mariya-pampova-ev67IoFbO5Q-unsplash.jpg,/kaggle/input/datasets/elmadafri/the-wildfire-dataset/the_wildfire_dataset_2n_version/train/nofire/mariya-pampova-ev67IoFbO5Q-unsplash.jpg,2048,1536,JPEG,RGB,1536
train,nofire,unsplash,mark-ager,mark-ager-Vi59vcq9hx8-unsplash.jpg,/kaggle/input/datasets/elmadafri/the-wildfire-dataset/the_wildfire_dataset_2n_version/train/nofire/mark-ager-Vi59vcq9hx8-unsplash.jpg,5184,3456,JPEG,RGB,3456
train,nofire,unsplash,mark-basarab,mark-basarab-Z0yBwzYXy7Y-unsplash.jpg,/kaggle/input/datasets/elmadafri/the-wildfire-dataset/the_wildfire_dataset_2n_version/train/nofire/mark-basarab-Z0yBwzYXy7Y-unsplash.jpg,3375,2531,JPEG,RGB,2531
train,nofire,unsplash,mark-boss,mark-boss-_cM8GNmSj60-unsplash.jpg,/kaggle/input/datasets/elmadafri/the-wildfire-dataset/the_wildfire_dataset_2n_version/train/nofire/mark-boss-_cM8GNmSj60-unsplash.jpg,3000,3000,JPEG,RGB,3000
train,nofire,unsplash,mark-mialik,mark-mialik-yPbjEnJYo8c-unsplash.jpg,/kaggle/input/datasets/elmadafri/the-wildfire-dataset/the_wildfire_dataset_2n_version/train/nofire/mark-mialik-yPbjEnJYo8c-unsplash.jpg,4000,6000,JPEG,RGB,4000
train,nofire,unsplash,markus-spiske,markus-spiske-5KvErlbdeyo-unsplash.jpg,/kaggle/input/datasets/elmadafri/the-wildfire-dataset/the_wildfire_dataset_2n_version/train/nofire/markus-spiske-5KvErlbdeyo-unsplash.jpg,5760,3840,JPEG,RGB,3840
train,nofire,unsplash,marly-van,marly-van-putten-hCEYK8nLA2U-unsplash.jpg,/kaggle/input/datasets/elmadafri/the-wildfire-dataset/the_wildfire_dataset_2n_version/train/nofire/marly-van-putten-hCEYK8nLA2U-unsplash.jpg,4000,2248,JPEG,RGB,2248
train,nofire,unsplash,martin-adams,martin-adams-vxU_Xbwc52I-unsplash.jpg,/kaggle/input/datasets/elmadafri/the-wildfire-dataset/the_wildfire_dataset_2n_version/train/nofire/martin-adams-vxU_Xbwc52I-unsplash.jpg,6000,3750,JPEG,RGB,3750
train,nofire,unsplash,martin-david,martin-david-TY5ZmDRfXOg-unsplash.jpg,/kaggle/input/datasets/elmadafri/the-wildfire-dataset/the_wildfire_dataset_2n_version/train/nofire/martin-david-TY5ZmDRfXOg-unsplash.jpg,5464,3073,JPEG,RGB,3073
train,nofire,unsplash,martin-reisch,martin-reisch-QELrOYfIlQM-unsplash.jpg,/kaggle/input/datasets/elmadafri/the-wildfire-dataset/the_wildfire_dataset_2n_version/train/nofire/martin-reisch-QELrOYfIlQM-unsplash.jpg,5464,3640,JPEG,RGB,3640
train,nofire,unsplash,martin-zangerl,martin-zangerl-axhLuc-JskI-unsplash.jpg,/kaggle/input/datasets/elmadafri/the-wildfire-dataset/the_wildfire_dataset_2n_version/train/nofire/martin-zangerl-axhLuc-JskI-unsplash.jpg,6000,3376,JPEG,RGB,3376
train,nofire,unsplash,matheo-jbt,matheo-jbt-Qvm7Cp-Zh_I-unsplash.jpg,/kaggle/input/datasets/elmadafri/the-wildfire-dataset/the_wildfire_dataset_2n_version/train/nofire/matheo-jbt-Qvm7Cp-Zh_I-unsplash.jpg,3276,4096,JPEG,RGB,3276
train,nofire,unsplash,mathieu-odin,mathieu-odin-DOHfIUK8Dl4-unsplash.jpg,/kaggle/input/datasets/elmadafri/the-wildfire-dataset/the_wildfire_dataset_2n_version/train/nofire/mathieu-odin-DOHfIUK8Dl4-unsplash.jpg,3024,4032,JPEG,RGB,3024
train,nofire,unsplash,matt-howard,matt-howard-Nih9R2lduNw-unsplash.jpg,/kaggle/input/datasets/elmadafri/the-wildfire-dataset/the_wildfire_dataset_2n_version/train/nofire/matt-howard-Nih9R2lduNw-unsplash.jpg,3992,2242,JPEG,RGB,2242
train,nofire,unsplash,matt-jones,matt-jones-eWeteZ9W3e0-unsplash.jpg,/kaggle/input/datasets/elmadafri/the-wildfire-dataset/the_wildfire_dataset_2n_version/train/nofire/matt-jones-eWeteZ9W3e0-unsplash.jpg,4896,3264,JPEG,RGB,3264
train,nofire,unsplash,matt-palmer,matt-palmer-F2MsRM7Z2as-unsplash.jpg,/kaggle/input/datasets/elmadafri/the-wildfire-dataset/the_wildfire_dataset_2n_version/train/nofire/matt-palmer-F2MsRM7Z2as-unsplash.jpg,6499,4335,JPEG,RGB,4335
train,nofire,unsplash,matt-palmer,matt-palmer-P2zKezpWLwY-unsplash.jpg,/kaggle/input/datasets/elmadafri/the-wildfire-dataset/the_wildfire_dataset_2n_version/train/nofire/matt-palmer-P2zKezpWLwY-unsplash.jpg,7952,5304,JPEG,RGB,5304
train,nofire,unsplash,matthew-6abeLGdk,matthew-6abeLGdk-jo-unsplash.jpg,/kaggle/input/datasets/elmadafri/the-wildfire-dataset/the_wildfire_dataset_2n_version/train/nofire/matthew-6abeLGdk-jo-unsplash.jpg,5464,3640,JPEG,RGB,3640
train,nofire,unsplash,matthew-ElMCuYRYY0U,matthew-ElMCuYRYY0U-unsplash.jpg,/kaggle/input/datasets/elmadafri/the-wildfire-dataset/the_wildfire_dataset_2n_version/train/nofire/matthew-ElMCuYRYY0U-unsplash.jpg,5464,3070,JPEG,RGB,3070
train,nofire,unsplash,matthew-jYKv9uaJPvQ,matthew-jYKv9uaJPvQ-unsplash.jpg,/kaggle/input/datasets/elmadafri/the-wildfire-dataset/the_wildfire_dataset_2n_version/train/nofire/matthew-jYKv9uaJPvQ-unsplash.jpg,5464,3070,JPEG,RGB,3070
train,nofire,unsplash,matthew-meijer,matthew-meijer-f5Fx_B3Qc4o-unsplash.jpg,/kaggle/input/datasets/elmadafri/the-wildfire-dataset/the_wildfire_dataset_2n_version/train/nofire/matthew-meijer-f5Fx_B3Qc4o-unsplash.jpg,4000,2250,JPEG,RGB,2250
train,nofire,unsplash,matthew-moisant,matthew-moisant-sIPRbIj9Oo8-unsplash.jpg,/kaggle/input/datasets/elmadafri/the-wildfire-dataset/the_wildfire_dataset_2n_version/train/nofire/matthew-moisant-sIPRbIj9Oo8-unsplash.jpg,3840,5760,JPEG,RGB,3840
train,nofire,unsplash,max-burgi,max-burgi-duxCsFGyT2Q-unsplash.jpg,/kaggle/input/datasets/elmadafri/the-wildfire-dataset/the_wildfire_dataset_2n_version/train/nofire/max-burgi-duxCsFGyT2Q-unsplash.jpg,5472,3648,JPEG,RGB,3648
train,nofire,unsplash,max-hermansson,max-hermansson-SXWnpf6KsNQ-unsplash.jpg,/kaggle/input/datasets/elmadafri/the-wildfire-dataset/the_wildfire_dataset_2n_version/train/nofire/max-hermansson-SXWnpf6KsNQ-unsplash.jpg,4000,3000,JPEG,RGB,3000
train,nofire,unsplash,max-okhrimenko,max-okhrimenko-Wo_EeH5I2qc-unsplash.jpg,/kaggle/input/datasets/elmadafri/the-wildfire-dataset/the_wildfire_dataset_2n_version/train/nofire/max-okhrimenko-Wo_EeH5I2qc-unsplash.jpg,4000,2667,JPEG,RGB,2667
train,nofire,unsplash,maxime-gauthier,maxime-gauthier-WjrOD8zA8EU-unsplash.jpg,/kaggle/input/datasets/elmadafri/the-wildfire-dataset/the_wildfire_dataset_2n_version/train/nofire/maxime-gauthier-WjrOD8zA8EU-unsplash.jpg,2242,3992,JPEG,RGB,2242
train,nofire,unsplash,medien-werkstatt,medien-werkstatt-PxPs7pa68gs-unsplash.jpg,/kaggle/input/datasets/elmadafri/the-wildfire-dataset/the_wildfire_dataset_2n_version/train/nofire/medien-werkstatt-PxPs7pa68gs-unsplash.jpg,4000,6000,JPEG,RGB,4000
train,nofire,unsplash,meina-yin,meina-yin-_O_R3KLZx8o-unsplash.jpg,/kaggle/input/datasets/elmadafri/the-wildfire-dataset/the_wildfire_dataset_2n_version/train/nofire/meina-yin-_O_R3KLZx8o-unsplash.jpg,2504,3764,JPEG,RGB,2504
train,nofire,unsplash,meina-yin,meina-yin-p5pVG3GWT_U-unsplash.jpg,/kaggle/input/datasets/elmadafri/the-wildfire-dataset/the_wildfire_dataset_2n_version/train/nofire/meina-yin-p5pVG3GWT_U-unsplash.jpg,4000,6000,JPEG,RGB,4000
train,nofire,unsplash,mekht-qoIHdN6b8kU,mekht-qoIHdN6b8kU-unsplash.jpg,/kaggle/input/datasets/elmadafri/the-wildfire-dataset/the_wildfire_dataset_2n_version/train/nofire/mekht-qoIHdN6b8kU-unsplash.jpg,3721,2481,JPEG,RGB,2481
train,nofire,unsplash,meric-dagli,meric-dagli-2AwOeLElK7c-unsplash.jpg,/kaggle/input/datasets/elmadafri/the-wildfire-dataset/the_wildfire_dataset_2n_version/train/nofire/meric-dagli-2AwOeLElK7c-unsplash.jpg,3024,4032,JPEG,RGB,3024
train,nofire,unsplash,micaela-parente,micaela-parente-75N5Kh4O9e0-unsplash.jpg,/kaggle/input/datasets/elmadafri/the-wildfire-dataset/the_wildfire_dataset_2n_version/train/nofire/micaela-parente-75N5Kh4O9e0-unsplash.jpg,1911,2862,JPEG,RGB,1911
train,nofire,unsplash,micaela-parente,micaela-parente-Lw-wQiZqML0-unsplash.jpg,/kaggle/input/datasets/elmadafri/the-wildfire-dataset/the_wildfire_dataset_2n_version/train/nofire/micaela-parente-Lw-wQiZqML0-unsplash.jpg,2848,4288,JPEG,RGB,2848
train,nofire,unsplash,michael-benz,michael-benz--IZ2sgQKIhM-unsplash.jpg,/kaggle/input/datasets/elmadafri/the-wildfire-dataset/the_wildfire_dataset_2n_version/train/nofire/michael-benz--IZ2sgQKIhM-unsplash.jpg,3000,2000,JPEG,RGB,2000
train,nofire,unsplash,michael-chambers,michael-chambers-m6WCximB8ng-unsplash.jpg,/kaggle/input/datasets/elmadafri/the-wildfire-dataset/the_wildfire_dataset_2n_version/train/nofire/michael-chambers-m6WCximB8ng-unsplash.jpg,5472,3648,JPEG,RGB,3648
train,nofire,unsplash,michael-olsen,michael-olsen-WTMgdWNHkaU-unsplash.jpg,/kaggle/input/datasets/elmadafri/the-wildfire-dataset/the_wildfire_dataset_2n_version/train/nofire/michael-olsen-WTMgdWNHkaU-unsplash.jpg,4000,3000,JPEG,RGB,3000
train,nofire,unsplash,michael-olsen,michael-olsen-cB99rnOAs2M-unsplash.jpg,/kaggle/input/datasets/elmadafri/the-wildfire-dataset/the_wildfire_dataset_2n_version/train/nofire/michael-olsen-cB99rnOAs2M-unsplash.jpg,4000,3000,JPEG,RGB,3000
train,nofire,unsplash,michael-vilorio,michael-vilorio-KLUoR8k9Hl8-unsplash.jpg,/kaggle/input/datasets/elmadafri/the-wildfire-dataset/the_wildfire_dataset_2n_version/train/nofire/michael-vilorio-KLUoR8k9Hl8-unsplash.jpg,2992,3992,JPEG,RGB,2992
train,nofire,unsplash,michail-dementiev,michail-dementiev-E0LpPXeHGAM-unsplash.jpg,/kaggle/input/datasets/elmadafri/the-wildfire-dataset/the_wildfire_dataset_2n_version/train/nofire/michail-dementiev-E0LpPXeHGAM-unsplash.jpg,4000,3000,JPEG,RGB,3000
train,nofire,unsplash,miha-rekar,miha-rekar--wm9OmdN_Ig-unsplash.jpg,/kaggle/input/datasets/elmadafri/the-wildfire-dataset/the_wildfire_dataset_2n_version/train/nofire/miha-rekar--wm9OmdN_Ig-unsplash.jpg,2667,4000,JPEG,RGB,2667
train,nofire,unsplash,mikael-stenberg,mikael-stenberg-y0CRX9wdPJQ-unsplash.jpg,/kaggle/input/datasets/elmadafri/the-wildfire-dataset/the_wildfire_dataset_2n_version/train/nofire/mikael-stenberg-y0CRX9wdPJQ-unsplash.jpg,3992,2992,JPEG,RGB,2992
train,nofire,unsplash,mike-petrucci,mike-petrucci-UvvoagAtotU-unsplash.jpg,/kaggle/input/datasets/elmadafri/the-wildfire-dataset/the_wildfire_dataset_2n_version/train/nofire/mike-petrucci-UvvoagAtotU-unsplash.jpg,4032,3024,JPEG,RGB,3024
train,nofire,unsplash,mikey-b,mikey-b-zXu_co6yvfw-unsplash.jpg,/kaggle/input/datasets/elmadafri/the-wildfire-dataset/the_wildfire_dataset_2n_version/train/nofire/mikey-b-zXu_co6yvfw-unsplash.jpg,5472,3078,JPEG,RGB,3078
train,nofire,unsplash,miroslav-matthess,miroslav-matthess-ajHzrrEeqgc-unsplash.jpg,/kaggle/input/datasets/elmadafri/the-wildfire-dataset/the_wildfire_dataset_2n_version/train/nofire/miroslav-matthess-ajHzrrEeqgc-unsplash.jpg,5948,3901,JPEG,RGB,3901
train,nofire,unsplash,miroslav-skopek,miroslav-skopek-f6D-1vvwKSE-unsplash.jpg,/kaggle/input/datasets/elmadafri/the-wildfire-dataset/the_wildfire_dataset_2n_version/train/nofire/miroslav-skopek-f6D-1vvwKSE-unsplash.jpg,3033,3032,JPEG,RGB,3032
train,nofire,unsplash,mj-FnTrZQOjaos,mj-FnTrZQOjaos-unsplash.jpg,/kaggle/input/datasets/elmadafri/the-wildfire-dataset/the_wildfire_dataset_2n_version/train/nofire/mj-FnTrZQOjaos-unsplash.jpg,4048,3032,JPEG,RGB,3032
train,nofire,unsplash,mj-Nz,mj-Nz-fXma87wQ-unsplash.jpg,/kaggle/input/datasets/elmadafri/the-wildfire-dataset/the_wildfire_dataset_2n_version/train/nofire/mj-Nz-fXma87wQ-unsplash.jpg,2976,3968,JPEG,RGB,2976
train,nofire,unsplash,mono-log,mono-log-HKS5pyraP7k-unsplash.jpg,/kaggle/input/datasets/elmadafri/the-wildfire-dataset/the_wildfire_dataset_2n_version/train/nofire/mono-log-HKS5pyraP7k-unsplash.jpg,3375,6000,JPEG,RGB,3375
train,nofire,unsplash,nadiia-ploshchenko,nadiia-ploshchenko-0mjWYcMPPNU-unsplash.jpg,/kaggle/input/datasets/elmadafri/the-wildfire-dataset/the_wildfire_dataset_2n_version/train/nofire/nadiia-ploshchenko-0mjWYcMPPNU-unsplash.jpg,5472,3648,JPEG,RGB,3648
train,nofire,unsplash,nadiia-ploshchenko,nadiia-ploshchenko-54nrlqy3zoI-unsplash.jpg,/kaggle/input/datasets/elmadafri/the-wildfire-dataset/the_wildfire_dataset_2n_version/train/nofire/nadiia-ploshchenko-54nrlqy3zoI-unsplash.jpg,3445,5168,JPEG,RGB,3445
train,nofire,unsplash,nadiia-ploshchenko,nadiia-ploshchenko-wNzbLRVt0xs-unsplash.jpg,/kaggle/input/datasets/elmadafri/the-wildfire-dataset/the_wildfire_dataset_2n_version/train/nofire/nadiia-ploshchenko-wNzbLRVt0xs-unsplash.jpg,3648,5472,JPEG,RGB,3648
train,nofire,unsplash,naresh-nayak,naresh-nayak-FH_5X0veEAk-unsplash.jpg,/kaggle/input/datasets/elmadafri/the-wildfire-dataset/the_wildfire_dataset_2n_version/train/nofire/naresh-nayak-FH_5X0veEAk-unsplash.jpg,4480,2068,JPEG,RGB,2068
train,nofire,unsplash,natalya-letunova,natalya-letunova-WjqyWNCYSI8-unsplash.jpg,/kaggle/input/datasets/elmadafri/the-wildfire-dataset/the_wildfire_dataset_2n_version/train/nofire/natalya-letunova-WjqyWNCYSI8-unsplash.jpg,2978,3992,JPEG,RGB,2978
train,nofire,unsplash,nate-johnston,nate-johnston-seLQo3j7Xu4-unsplash.jpg,/kaggle/input/datasets/elmadafri/the-wildfire-dataset/the_wildfire_dataset_2n_version/train/nofire/nate-johnston-seLQo3j7Xu4-unsplash.jpg,5464,3640,JPEG,RGB,3640
train,nofire,unsplash,nate-snWIEzNipEc,nate-snWIEzNipEc-unsplash.jpg,/kaggle/input/datasets/elmadafri/the-wildfire-dataset/the_wildfire_dataset_2n_version/train/nofire/nate-snWIEzNipEc-unsplash.jpg,4000,2250,JPEG,RGB,2250
train,nofire,unsplash,nathan-anderson,nathan-anderson--GxPjjBNt2o-unsplash.jpg,/kaggle/input/datasets/elmadafri/the-wildfire-dataset/the_wildfire_dataset_2n_version/train/nofire/nathan-anderson--GxPjjBNt2o-unsplash.jpg,5464,3640,JPEG,RGB,3640
train,nofire,unsplash,nathan-anderson,nathan-anderson-0dJyOIiGkfk-unsplash.jpg,/kaggle/input/datasets/elmadafri/the-wildfire-dataset/the_wildfire_dataset_2n_version/train/nofire/nathan-anderson-0dJyOIiGkfk-unsplash.jpg,3992,2992,JPEG,RGB,2992
train,nofire,unsplash,nathan-anderson,nathan-anderson-1z6Soz2c61E-unsplash.jpg,/kaggle/input/datasets/elmadafri/the-wildfire-dataset/the_wildfire_dataset_2n_version/train/nofire/nathan-anderson-1z6Soz2c61E-unsplash.jpg,5464,3640,JPEG,RGB,3640
train,nofire,unsplash,nathan-anderson,nathan-anderson-4yR7KwuoAgE-unsplash.jpg,/kaggle/input/datasets/elmadafri/the-wildfire-dataset/the_wildfire_dataset_2n_version/train/nofire/nathan-anderson-4yR7KwuoAgE-unsplash.jpg,3660,2696,JPEG,RGB,2696
train,nofire,unsplash,nathan-anderson,nathan-anderson-5pF0dXiAspg-unsplash.jpg,/kaggle/input/datasets/elmadafri/the-wildfire-dataset/the_wildfire_dataset_2n_version/train/nofire/nathan-anderson-5pF0dXiAspg-unsplash.jpg,3992,2992,JPEG,RGB,2992
train,nofire,unsplash,nathan-anderson,nathan-anderson-8x86FhrOWwA-unsplash.jpg,/kaggle/input/datasets/elmadafri/the-wildfire-dataset/the_wildfire_dataset_2n_version/train/nofire/nathan-anderson-8x86FhrOWwA-unsplash.jpg,5464,3640,JPEG,RGB,3640
train,nofire,unsplash,nathan-anderson,nathan-anderson-9rNyml9OKfI-unsplash.jpg,/kaggle/input/datasets/elmadafri/the-wildfire-dataset/the_wildfire_dataset_2n_version/train/nofire/nathan-anderson-9rNyml9OKfI-unsplash.jpg,5464,3640,JPEG,RGB,3640
train,nofire,unsplash,nathan-anderson,nathan-anderson-KJH3wkcGKdM-unsplash.jpg,/kaggle/input/datasets/elmadafri/the-wildfire-dataset/the_wildfire_dataset_2n_version/train/nofire/nathan-anderson-KJH3wkcGKdM-unsplash.jpg,5464,3640,JPEG,RGB,3640
train,nofire,unsplash,nathan-anderson,nathan-anderson-KOFidaSW1cc-unsplash.jpg,/kaggle/input/datasets/elmadafri/the-wildfire-dataset/the_wildfire_dataset_2n_version/train/nofire/nathan-anderson-KOFidaSW1cc-unsplash.jpg,3267,2666,JPEG,RGB,2666
train,nofire,unsplash,nathan-anderson,nathan-anderson-PBRkqx-r6_c-unsplash.jpg,/kaggle/input/datasets/elmadafri/the-wildfire-dataset/the_wildfire_dataset_2n_version/train/nofire/nathan-anderson-PBRkqx-r6_c-unsplash.jpg,3632,2041,JPEG,RGB,2041
train,nofire,unsplash,nathan-anderson,nathan-anderson-PdPKIkd1L9g-unsplash.jpg,/kaggle/input/datasets/elmadafri/the-wildfire-dataset/the_wildfire_dataset_2n_version/train/nofire/nathan-anderson-PdPKIkd1L9g-unsplash.jpg,5464,3640,JPEG,RGB,3640
train,nofire,unsplash,nathan-anderson,nathan-anderson-V84H4r_G1yw-unsplash.jpg,/kaggle/input/datasets/elmadafri/the-wildfire-dataset/the_wildfire_dataset_2n_version/train/nofire/nathan-anderson-V84H4r_G1yw-unsplash.jpg,5464,3640,JPEG,RGB,3640
train,nofire,unsplash,nathan-anderson,nathan-anderson-YCUI9Ntzsgc-unsplash.jpg,/kaggle/input/datasets/elmadafri/the-wildfire-dataset/the_wildfire_dataset_2n_version/train/nofire/nathan-anderson-YCUI9Ntzsgc-unsplash.jpg,5144,3427,JPEG,RGB,3427
train,nofire,unsplash,nathan-anderson,nathan-anderson-_ZnFxTysYNc-unsplash.jpg,/kaggle/input/datasets/elmadafri/the-wildfire-dataset/the_wildfire_dataset_2n_version/train/nofire/nathan-anderson-_ZnFxTysYNc-unsplash.jpg,5464,3640,JPEG,RGB,3640
train,nofire,unsplash,nathan-anderson,nathan-anderson-j1_s52QX6fs-unsplash.jpg,/kaggle/input/datasets/elmadafri/the-wildfire-dataset/the_wildfire_dataset_2n_version/train/nofire/nathan-anderson-j1_s52QX6fs-unsplash.jpg,3992,2992,JPEG,RGB,2992
train,nofire,unsplash,nathan-anderson,nathan-anderson-qFjIV1MxDvE-unsplash.jpg,/kaggle/input/datasets/elmadafri/the-wildfire-dataset/the_wildfire_dataset_2n_version/train/nofire/nathan-anderson-qFjIV1MxDvE-unsplash.jpg,5464,3640,JPEG,RGB,3640
train,nofire,unsplash,nathan-anderson,nathan-anderson-qhkXT5D7n_w-unsplash.jpg,/kaggle/input/datasets/elmadafri/the-wildfire-dataset/the_wildfire_dataset_2n_version/train/nofire/nathan-anderson-qhkXT5D7n_w-unsplash.jpg,3992,2992,JPEG,RGB,2992
train,nofire,unsplash,nathan-anderson,nathan-anderson-v6YntOOHPTY-unsplash.jpg,/kaggle/input/datasets/elmadafri/the-wildfire-dataset/the_wildfire_dataset_2n_version/train/nofire/nathan-anderson-v6YntOOHPTY-unsplash.jpg,3992,2992,JPEG,RGB,2992
train,nofire,unsplash,nathan-anderson,nathan-anderson-vtZQNphir8c-unsplash.jpg,/kaggle/input/datasets/elmadafri/the-wildfire-dataset/the_wildfire_dataset_2n_version/train/nofire/nathan-anderson-vtZQNphir8c-unsplash.jpg,5464,3070,JPEG,RGB,3070
train,nofire,unsplash,nathan-anderson,nathan-anderson-ypFlatkSf2o-unsplash.jpg,/kaggle/input/datasets/elmadafri/the-wildfire-dataset/the_wildfire_dataset_2n_version/train/nofire/nathan-anderson-ypFlatkSf2o-unsplash.jpg,5464,3070,JPEG,RGB,3070
train,nofire,unsplash,nathan-queloz,nathan-queloz-USuDsWIPgNA-unsplash.jpg,/kaggle/input/datasets/elmadafri/the-wildfire-dataset/the_wildfire_dataset_2n_version/train/nofire/nathan-queloz-USuDsWIPgNA-unsplash.jpg,4000,3000,JPEG,RGB,3000
train,nofire,unsplash,nathan-queloz,nathan-queloz-kVSgiAHSDmw-unsplash.jpg,/kaggle/input/datasets/elmadafri/the-wildfire-dataset/the_wildfire_dataset_2n_version/train/nofire/nathan-queloz-kVSgiAHSDmw-unsplash.jpg,4000,3000,JPEG,RGB,3000
train,nofire,unsplash,nathan-queloz,nathan-queloz-lXuRPL4VvgU-unsplash.jpg,/kaggle/input/datasets/elmadafri/the-wildfire-dataset/the_wildfire_dataset_2n_version/train/nofire/nathan-queloz-lXuRPL4VvgU-unsplash.jpg,4000,3000,JPEG,RGB,3000
train,nofire,unsplash,nathan-queloz,nathan-queloz-qLFkO7C2RXc-unsplash.jpg,/kaggle/input/datasets/elmadafri/the-wildfire-dataset/the_wildfire_dataset_2n_version/train/nofire/nathan-queloz-qLFkO7C2RXc-unsplash.jpg,4000,3000,JPEG,RGB,3000
train,nofire,unsplash,neha-maheen,neha-maheen-mahfin-Ux5qauJBztE-unsplash.jpg,/kaggle/input/datasets/elmadafri/the-wildfire-dataset/the_wildfire_dataset_2n_version/train/nofire/neha-maheen-mahfin-Ux5qauJBztE-unsplash.jpg,5472,3648,JPEG,RGB,3648
train,nofire,unsplash,nelu-paps,nelu-paps-TqJ2J90TS24-unsplash.jpg,/kaggle/input/datasets/elmadafri/the-wildfire-dataset/the_wildfire_dataset_2n_version/train/nofire/nelu-paps-TqJ2J90TS24-unsplash.jpg,4000,2669,JPEG,RGB,2669
train,nofire,unsplash,neven-krcmarek,neven-krcmarek-6CjumGKauts-unsplash.jpg,/kaggle/input/datasets/elmadafri/the-wildfire-dataset/the_wildfire_dataset_2n_version/train/nofire/neven-krcmarek-6CjumGKauts-unsplash.jpg,2666,4000,JPEG,RGB,2666
train,nofire,unsplash,neven-krcmarek,neven-krcmarek-xcbnx5M6XPM-unsplash.jpg,/kaggle/input/datasets/elmadafri/the-wildfire-dataset/the_wildfire_dataset_2n_version/train/nofire/neven-krcmarek-xcbnx5M6XPM-unsplash.jpg,4960,3379,JPEG,RGB,3379
train,nofire,unsplash,nic-y,nic-y-c-AShLKsKanFc-unsplash.jpg,/kaggle/input/datasets/elmadafri/the-wildfire-dataset/the_wildfire_dataset_2n_version/train/nofire/nic-y-c-AShLKsKanFc-unsplash.jpg,4595,3063,JPEG,RGB,3063
train,nofire,unsplash,nic-y,nic-y-c-Nss8xlrf2gc-unsplash.jpg,/kaggle/input/datasets/elmadafri/the-wildfire-dataset/the_wildfire_dataset_2n_version/train/nofire/nic-y-c-Nss8xlrf2gc-unsplash.jpg,5312,3541,JPEG,RGB,3541
train,nofire,unsplash,nic-y,nic-y-c-_uQqjtLk_Cs-unsplash.jpg,/kaggle/input/datasets/elmadafri/the-wildfire-dataset/the_wildfire_dataset_2n_version/train/nofire/nic-y-c-_uQqjtLk_Cs-unsplash.jpg,5175,3450,JPEG,RGB,3450
train,nofire,unsplash,nic-y,nic-y-c-vNBg-a6eRtc-unsplash.jpg,/kaggle/input/datasets/elmadafri/the-wildfire-dataset/the_wildfire_dataset_2n_version/train/nofire/nic-y-c-vNBg-a6eRtc-unsplash.jpg,5491,3661,JPEG,RGB,3661
train,nofire,unsplash,nick-andreas,nick-andreas-jwfmY2oVfqA-unsplash.jpg,/kaggle/input/datasets/elmadafri/the-wildfire-dataset/the_wildfire_dataset_2n_version/train/nofire/nick-andreas-jwfmY2oVfqA-unsplash.jpg,6000,4000,JPEG,RGB,4000
train,nofire,unsplash,nick-bolton,nick-bolton-rL2lRPUVvM8-unsplash.jpg,/kaggle/input/datasets/elmadafri/the-wildfire-dataset/the_wildfire_dataset_2n_version/train/nofire/nick-bolton-rL2lRPUVvM8-unsplash.jpg,3744,5616,JPEG,RGB,3744
train,nofire,unsplash,nick-moore,nick-moore-fJg9IF9UOr0-unsplash.jpg,/kaggle/input/datasets/elmadafri/the-wildfire-dataset/the_wildfire_dataset_2n_version/train/nofire/nick-moore-fJg9IF9UOr0-unsplash.jpg,2312,2890,JPEG,RGB,2312
train,nofire,unsplash,nico-iseli,nico-iseli-ozkF9Yy8QTE-unsplash.jpg,/kaggle/input/datasets/elmadafri/the-wildfire-dataset/the_wildfire_dataset_2n_version/train/nofire/nico-iseli-ozkF9Yy8QTE-unsplash.jpg,3376,6000,JPEG,RGB,3376
train,nofire,unsplash,nico-kargel,nico-kargel-ZTYt7ozjAhg-unsplash.jpg,/kaggle/input/datasets/elmadafri/the-wildfire-dataset/the_wildfire_dataset_2n_version/train/nofire/nico-kargel-ZTYt7ozjAhg-unsplash.jpg,2994,2994,JPEG,RGB,2994
train,nofire,unsplash,nicolas-cool,nicolas-cool-awftcSB__Jk-unsplash.jpg,/kaggle/input/datasets/elmadafri/the-wildfire-dataset/the_wildfire_dataset_2n_version/train/nofire/nicolas-cool-awftcSB__Jk-unsplash.jpg,4912,3264,JPEG,RGB,3264
train,nofire,unsplash,nicolas-hippert,nicolas-hippert-4doZmorf3IE-unsplash.jpg,/kaggle/input/datasets/elmadafri/the-wildfire-dataset/the_wildfire_dataset_2n_version/train/nofire/nicolas-hippert-4doZmorf3IE-unsplash.jpg,5373,2904,JPEG,RGB,2904
train,nofire,unsplash,nikita-tikhomirov,nikita-tikhomirov-wlo2JlSgwyM-unsplash.jpg,/kaggle/input/datasets/elmadafri/the-wildfire-dataset/the_wildfire_dataset_2n_version/train/nofire/nikita-tikhomirov-wlo2JlSgwyM-unsplash.jpg,2756,3677,JPEG,RGB,2756
train,nofire,unsplash,nitish-meena,nitish-meena-RbbdzZBKRDY-unsplash.jpg,/kaggle/input/datasets/elmadafri/the-wildfire-dataset/the_wildfire_dataset_2n_version/train/nofire/nitish-meena-RbbdzZBKRDY-unsplash.jpg,3300,2200,JPEG,RGB,2200
train,nofire,unsplash,noah-angelo,noah-angelo-BNK525WM4BA-unsplash.jpg,/kaggle/input/datasets/elmadafri/the-wildfire-dataset/the_wildfire_dataset_2n_version/train/nofire/noah-angelo-BNK525WM4BA-unsplash.jpg,4598,3061,JPEG,RGB,3061
train,nofire,unsplash,noah-silliman,noah-silliman-01Qqkfz-ck8-unsplash.jpg,/kaggle/input/datasets/elmadafri/the-wildfire-dataset/the_wildfire_dataset_2n_version/train/nofire/noah-silliman-01Qqkfz-ck8-unsplash.jpg,5184,3456,JPEG,RGB,3456
train,nofire,unsplash,noah-silliman,noah-silliman-Udm1Kj9Y9yk-unsplash.jpg,/kaggle/input/datasets/elmadafri/the-wildfire-dataset/the_wildfire_dataset_2n_version/train/nofire/noah-silliman-Udm1Kj9Y9yk-unsplash.jpg,5184,3456,JPEG,RGB,3456
train,nofire,unsplash,noman-shahid,noman-shahid-9Y1zD1ksuww-unsplash.jpg,/kaggle/input/datasets/elmadafri/the-wildfire-dataset/the_wildfire_dataset_2n_version/train/nofire/noman-shahid-9Y1zD1ksuww-unsplash.jpg,3072,2304,JPEG,RGB,2304
train,nofire,unsplash,oleg-mozhevin,oleg-mozhevin-kioB5vGYUSo-unsplash.jpg,/kaggle/input/datasets/elmadafri/the-wildfire-dataset/the_wildfire_dataset_2n_version/train/nofire/oleg-mozhevin-kioB5vGYUSo-unsplash.jpg,4320,3240,JPEG,RGB,3240
train,nofire,unsplash,olena-sergienko,olena-sergienko-0Ws_-v4Y_wY-unsplash.jpg,/kaggle/input/datasets/elmadafri/the-wildfire-dataset/the_wildfire_dataset_2n_version/train/nofire/olena-sergienko-0Ws_-v4Y_wY-unsplash.jpg,2250,4000,JPEG,RGB,2250
train,nofire,unsplash,olena-sergienko,olena-sergienko-1wYD3cqD83I-unsplash.jpg,/kaggle/input/datasets/elmadafri/the-wildfire-dataset/the_wildfire_dataset_2n_version/train/nofire/olena-sergienko-1wYD3cqD83I-unsplash.jpg,2250,4000,JPEG,RGB,2250
train,nofire,unsplash,olena-sergienko,olena-sergienko-EFIJMW_rWKs-unsplash.jpg,/kaggle/input/datasets/elmadafri/the-wildfire-dataset/the_wildfire_dataset_2n_version/train/nofire/olena-sergienko-EFIJMW_rWKs-unsplash.jpg,2250,4000,JPEG,RGB,2250
train,nofire,unsplash,olena-sergienko,olena-sergienko-TySkkTBvSlE-unsplash.jpg,/kaggle/input/datasets/elmadafri/the-wildfire-dataset/the_wildfire_dataset_2n_version/train/nofire/olena-sergienko-TySkkTBvSlE-unsplash.jpg,2250,4000,JPEG,RGB,2250
train,nofire,unsplash,olena-sergienko,olena-sergienko-Wiq_zZA6UOw-unsplash.jpg,/kaggle/input/datasets/elmadafri/the-wildfire-dataset/the_wildfire_dataset_2n_version/train/nofire/olena-sergienko-Wiq_zZA6UOw-unsplash.jpg,2250,4000,JPEG,RGB,2250
train,nofire,unsplash,olena-sergienko,olena-sergienko-yALeiJ1KdiQ-unsplash.jpg,/kaggle/input/datasets/elmadafri/the-wildfire-dataset/the_wildfire_dataset_2n_version/train/nofire/olena-sergienko-yALeiJ1KdiQ-unsplash.jpg,2250,4000,JPEG,RGB,2250
train,nofire,unsplash,olena-sergienko,olena-sergienko-zp1Rq3OkVpM-unsplash.jpg,/kaggle/input/datasets/elmadafri/the-wildfire-dataset/the_wildfire_dataset_2n_version/train/nofire/olena-sergienko-zp1Rq3OkVpM-unsplash.jpg,2250,4000,JPEG,RGB,2250
train,nofire,unsplash,oliver-roos,oliver-roos-fJTfWn5nNuk-unsplash.jpg,/kaggle/input/datasets/elmadafri/the-wildfire-dataset/the_wildfire_dataset_2n_version/train/nofire/oliver-roos-fJTfWn5nNuk-unsplash.jpg,2337,2921,JPEG,RGB,2337
train,nofire,unsplash,olivier-mesnage,olivier-mesnage-qj8ujkhbLfc-unsplash.jpg,/kaggle/input/datasets/elmadafri/the-wildfire-dataset/the_wildfire_dataset_2n_version/train/nofire/olivier-mesnage-qj8ujkhbLfc-unsplash.jpg,5011,3532,JPEG,RGB,3532
train,nofire,unsplash,olivier-miche,olivier-miche-c6JZa0b4Q8Q-unsplash.jpg,/kaggle/input/datasets/elmadafri/the-wildfire-dataset/the_wildfire_dataset_2n_version/train/nofire/olivier-miche-c6JZa0b4Q8Q-unsplash.jpg,7312,4880,JPEG,RGB,4880
train,nofire,unsplash,oscar-nolasco,oscar-nolasco-ufubXa4WnHs-unsplash.jpg,/kaggle/input/datasets/elmadafri/the-wildfire-dataset/the_wildfire_dataset_2n_version/train/nofire/oscar-nolasco-ufubXa4WnHs-unsplash.jpg,2456,3070,JPEG,RGB,2456
train,nofire,unsplash,oskar-smethurst,oskar-smethurst-3hScD_Z_KyE-unsplash.jpg,/kaggle/input/datasets/elmadafri/the-wildfire-dataset/the_wildfire_dataset_2n_version/train/nofire/oskar-smethurst-3hScD_Z_KyE-unsplash.jpg,2271,3032,JPEG,RGB,2271
train,nofire,unsplash,oskar-smethurst,oskar-smethurst-QhAELZaBjM0-unsplash.jpg,/kaggle/input/datasets/elmadafri/the-wildfire-dataset/the_wildfire_dataset_2n_version/train/nofire/oskar-smethurst-QhAELZaBjM0-unsplash.jpg,2271,3032,JPEG,RGB,2271
train,nofire,unsplash,ozark-drones,ozark-drones-97WaZhEg0Hg-unsplash.jpg,/kaggle/input/datasets/elmadafri/the-wildfire-dataset/the_wildfire_dataset_2n_version/train/nofire/ozark-drones-97WaZhEg0Hg-unsplash.jpg,4000,3000,JPEG,RGB,3000
train,nofire,unsplash,ozark-drones,ozark-drones-H1psDNcpOfI-unsplash.jpg,/kaggle/input/datasets/elmadafri/the-wildfire-dataset/the_wildfire_dataset_2n_version/train/nofire/ozark-drones-H1psDNcpOfI-unsplash.jpg,4000,3000,JPEG,RGB,3000
train,nofire,unsplash,ozark-drones,ozark-drones-REWIV2QAEgs-unsplash.jpg,/kaggle/input/datasets/elmadafri/the-wildfire-dataset/the_wildfire_dataset_2n_version/train/nofire/ozark-drones-REWIV2QAEgs-unsplash.jpg,4048,3032,JPEG,RGB,3032
train,nofire,unsplash,ozark-drones,ozark-drones-dA0JNkNAu1A-unsplash.jpg,/kaggle/input/datasets/elmadafri/the-wildfire-dataset/the_wildfire_dataset_2n_version/train/nofire/ozark-drones-dA0JNkNAu1A-unsplash.jpg,2600,1949,JPEG,RGB,1949
train,nofire,unsplash,ozark-drones,ozark-drones-jeV-LUEyJoE-unsplash.jpg,/kaggle/input/datasets/elmadafri/the-wildfire-dataset/the_wildfire_dataset_2n_version/train/nofire/ozark-drones-jeV-LUEyJoE-unsplash.jpg,3992,2992,JPEG,RGB,2992
train,nofire,unsplash,ozark-drones,ozark-drones-oDUpFPUy2VU-unsplash.jpg,/kaggle/input/datasets/elmadafri/the-wildfire-dataset/the_wildfire_dataset_2n_version/train/nofire/ozark-drones-oDUpFPUy2VU-unsplash.jpg,3000,2248,JPEG,RGB,2248
train,nofire,unsplash,ozark-drones,ozark-drones-rkvI-ToeV40-unsplash.jpg,/kaggle/input/datasets/elmadafri/the-wildfire-dataset/the_wildfire_dataset_2n_version/train/nofire/ozark-drones-rkvI-ToeV40-unsplash.jpg,4000,3000,JPEG,RGB,3000
train,nofire,unsplash,pascal-debrunner,pascal-debrunner-AGEBN35q0UA-unsplash.jpg,/kaggle/input/datasets/elmadafri/the-wildfire-dataset/the_wildfire_dataset_2n_version/train/nofire/pascal-debrunner-AGEBN35q0UA-unsplash.jpg,3936,2624,JPEG,RGB,2624
train,nofire,unsplash,pascal-debrunner,pascal-debrunner-Ak_Mnvqjgrw-unsplash.jpg,/kaggle/input/datasets/elmadafri/the-wildfire-dataset/the_wildfire_dataset_2n_version/train/nofire/pascal-debrunner-Ak_Mnvqjgrw-unsplash.jpg,3936,2624,JPEG,RGB,2624
train,nofire,unsplash,pascal-scholl,pascal-scholl-2Attt7V5g-I-unsplash.jpg,/kaggle/input/datasets/elmadafri/the-wildfire-dataset/the_wildfire_dataset_2n_version/train/nofire/pascal-scholl-2Attt7V5g-I-unsplash.jpg,4000,2250,JPEG,RGB,2250
train,nofire,unsplash,pascal-scholl,pascal-scholl-YpeovwN3BLY-unsplash.jpg,/kaggle/input/datasets/elmadafri/the-wildfire-dataset/the_wildfire_dataset_2n_version/train/nofire/pascal-scholl-YpeovwN3BLY-unsplash.jpg,4000,2250,JPEG,RGB,2250
train,nofire,unsplash,pascal-scholl,pascal-scholl-tCXtTfJTR6E-unsplash.jpg,/kaggle/input/datasets/elmadafri/the-wildfire-dataset/the_wildfire_dataset_2n_version/train/nofire/pascal-scholl-tCXtTfJTR6E-unsplash.jpg,4000,2250,JPEG,RGB,2250
train,nofire,unsplash,pat-whelen,pat-whelen-Apd0_ovpGE0-unsplash.jpg,/kaggle/input/datasets/elmadafri/the-wildfire-dataset/the_wildfire_dataset_2n_version/train/nofire/pat-whelen-Apd0_ovpGE0-unsplash.jpg,4000,2250,JPEG,RGB,2250
train,nofire,unsplash,pat-whelen,pat-whelen-Bpomb1492ng-unsplash.jpg,/kaggle/input/datasets/elmadafri/the-wildfire-dataset/the_wildfire_dataset_2n_version/train/nofire/pat-whelen-Bpomb1492ng-unsplash.jpg,4000,2250,JPEG,RGB,2250
train,nofire,unsplash,pat-whelen,pat-whelen-FEsS8cYQM-0-unsplash.jpg,/kaggle/input/datasets/elmadafri/the-wildfire-dataset/the_wildfire_dataset_2n_version/train/nofire/pat-whelen-FEsS8cYQM-0-unsplash.jpg,3972,2250,JPEG,RGB,2250
train,nofire,unsplash,pat-whelen,pat-whelen-JjxEz8Ye8YE-unsplash.jpg,/kaggle/input/datasets/elmadafri/the-wildfire-dataset/the_wildfire_dataset_2n_version/train/nofire/pat-whelen-JjxEz8Ye8YE-unsplash.jpg,3101,3875,JPEG,RGB,3101
train,nofire,unsplash,pat-whelen,pat-whelen-O3XNdXVR9PU-unsplash.jpg,/kaggle/input/datasets/elmadafri/the-wildfire-dataset/the_wildfire_dataset_2n_version/train/nofire/pat-whelen-O3XNdXVR9PU-unsplash.jpg,4000,2250,JPEG,RGB,2250
train,nofire,unsplash,pat-whelen,pat-whelen-RgRbnwcvhDo-unsplash.jpg,/kaggle/input/datasets/elmadafri/the-wildfire-dataset/the_wildfire_dataset_2n_version/train/nofire/pat-whelen-RgRbnwcvhDo-unsplash.jpg,4666,2589,JPEG,RGB,2589
train,nofire,unsplash,pat-whelen,pat-whelen-fej4S52jRJg-unsplash.jpg,/kaggle/input/datasets/elmadafri/the-wildfire-dataset/the_wildfire_dataset_2n_version/train/nofire/pat-whelen-fej4S52jRJg-unsplash.jpg,4000,2250,JPEG,RGB,2250
train,nofire,unsplash,pat-whelen,pat-whelen-mspGLhJBssQ-unsplash.jpg,/kaggle/input/datasets/elmadafri/the-wildfire-dataset/the_wildfire_dataset_2n_version/train/nofire/pat-whelen-mspGLhJBssQ-unsplash.jpg,4480,6720,JPEG,RGB,4480
train,nofire,unsplash,pat-whelen,pat-whelen-qlzjOdlgWYI-unsplash.jpg,/kaggle/input/datasets/elmadafri/the-wildfire-dataset/the_wildfire_dataset_2n_version/train/nofire/pat-whelen-qlzjOdlgWYI-unsplash.jpg,5250,6561,JPEG,RGB,5250
train,nofire,unsplash,pat-whelen,pat-whelen-xmWo450jYSU-unsplash.jpg,/kaggle/input/datasets/elmadafri/the-wildfire-dataset/the_wildfire_dataset_2n_version/train/nofire/pat-whelen-xmWo450jYSU-unsplash.jpg,5623,2402,JPEG,RGB,2402
train,nofire,unsplash,patrick-federi,patrick-federi-QS8lvOcqHRo-unsplash.jpg,/kaggle/input/datasets/elmadafri/the-wildfire-dataset/the_wildfire_dataset_2n_version/train/nofire/patrick-federi-QS8lvOcqHRo-unsplash.jpg,4000,2250,JPEG,RGB,2250
train,nofire,unsplash,patrick-federi,patrick-federi-otESDtV7Tco-unsplash.jpg,/kaggle/input/datasets/elmadafri/the-wildfire-dataset/the_wildfire_dataset_2n_version/train/nofire/patrick-federi-otESDtV7Tco-unsplash.jpg,4000,2250,JPEG,RGB,2250
train,nofire,unsplash,patrick-fore,patrick-fore-vpAKO21abME-unsplash.jpg,/kaggle/input/datasets/elmadafri/the-wildfire-dataset/the_wildfire_dataset_2n_version/train/nofire/patrick-fore-vpAKO21abME-unsplash.jpg,5472,3648,JPEG,RGB,3648
train,nofire,unsplash,patrick-miyaoka,patrick-miyaoka-XzNNcijgEHE-unsplash.jpg,/kaggle/input/datasets/elmadafri/the-wildfire-dataset/the_wildfire_dataset_2n_version/train/nofire/patrick-miyaoka-XzNNcijgEHE-unsplash.jpg,3968,2976,JPEG,RGB,2976
train,nofire,unsplash,patrick-schneider,patrick-schneider-PLrscRq3atA-unsplash.jpg,/kaggle/input/datasets/elmadafri/the-wildfire-dataset/the_wildfire_dataset_2n_version/train/nofire/patrick-schneider-PLrscRq3atA-unsplash.jpg,4516,3011,JPEG,RGB,3011
train,nofire,unsplash,paul-okrema,paul-okrema-LB2QAs_i948-unsplash.jpg,/kaggle/input/datasets/elmadafri/the-wildfire-dataset/the_wildfire_dataset_2n_version/train/nofire/paul-okrema-LB2QAs_i948-unsplash.jpg,3023,4535,JPEG,RGB,3023
train,nofire,unsplash,paul-pastourmatzis,paul-pastourmatzis-0NetIOwaEqQ-unsplash.jpg,/kaggle/input/datasets/elmadafri/the-wildfire-dataset/the_wildfire_dataset_2n_version/train/nofire/paul-pastourmatzis-0NetIOwaEqQ-unsplash.jpg,2248,2999,JPEG,RGB,2248
train,nofire,unsplash,paul-pastourmatzis,paul-pastourmatzis-N2JMp29mwk4-unsplash.jpg,/kaggle/input/datasets/elmadafri/the-wildfire-dataset/the_wildfire_dataset_2n_version/train/nofire/paul-pastourmatzis-N2JMp29mwk4-unsplash.jpg,3000,2248,JPEG,RGB,2248
train,nofire,unsplash,paul-pastourmatzis,paul-pastourmatzis-bGkMaCQ0e9o-unsplash.jpg,/kaggle/input/datasets/elmadafri/the-wildfire-dataset/the_wildfire_dataset_2n_version/train/nofire/paul-pastourmatzis-bGkMaCQ0e9o-unsplash.jpg,2000,3000,JPEG,RGB,2000
train,nofire,unsplash,paul-trienekens,paul-trienekens-wc7X0X565IE-unsplash.jpg,/kaggle/input/datasets/elmadafri/the-wildfire-dataset/the_wildfire_dataset_2n_version/train/nofire/paul-trienekens-wc7X0X565IE-unsplash.jpg,3992,2242,JPEG,RGB,2242
train,nofire,unsplash,paulius-dragunas,paulius-dragunas-644Ort64FVM-unsplash.jpg,/kaggle/input/datasets/elmadafri/the-wildfire-dataset/the_wildfire_dataset_2n_version/train/nofire/paulius-dragunas-644Ort64FVM-unsplash.jpg,6000,4000,JPEG,RGB,4000
train,nofire,unsplash,pavel-neznanov,pavel-neznanov-ta-I8rZ6zJc-unsplash.jpg,/kaggle/input/datasets/elmadafri/the-wildfire-dataset/the_wildfire_dataset_2n_version/train/nofire/pavel-neznanov-ta-I8rZ6zJc-unsplash.jpg,4000,3000,JPEG,RGB,3000
train,nofire,unsplash,pawan-thapa,pawan-thapa-IQQ_yieXc1s-unsplash.jpg,/kaggle/input/datasets/elmadafri/the-wildfire-dataset/the_wildfire_dataset_2n_version/train/nofire/pawan-thapa-IQQ_yieXc1s-unsplash.jpg,3640,4550,JPEG,RGB,3640
train,nofire,unsplash,pawan-thapa,pawan-thapa-qEJRVTbDpTQ-unsplash.jpg,/kaggle/input/datasets/elmadafri/the-wildfire-dataset/the_wildfire_dataset_2n_version/train/nofire/pawan-thapa-qEJRVTbDpTQ-unsplash.jpg,6720,4480,JPEG,RGB,4480
train,nofire,unsplash,peter-lloyd,peter-lloyd-rRWyOn9gat4-unsplash.jpg,/kaggle/input/datasets/elmadafri/the-wildfire-dataset/the_wildfire_dataset_2n_version/train/nofire/peter-lloyd-rRWyOn9gat4-unsplash.jpg,4906,3066,JPEG,RGB,3066
train,nofire,unsplash,peter-vanosdall,peter-vanosdall-ktpyjH2h9xs-unsplash.jpg,/kaggle/input/datasets/elmadafri/the-wildfire-dataset/the_wildfire_dataset_2n_version/train/nofire/peter-vanosdall-ktpyjH2h9xs-unsplash.jpg,4500,3000,JPEG,RGB,3000
train,nofire,unsplash,peter-wormstetter,peter-wormstetter-zCXdITPhTkI-unsplash.jpg,/kaggle/input/datasets/elmadafri/the-wildfire-dataset/the_wildfire_dataset_2n_version/train/nofire/peter-wormstetter-zCXdITPhTkI-unsplash.jpg,5504,8256,JPEG,RGB,5504
train,nofire,unsplash,petr-sevcovic,petr-sevcovic-UpM3uDXBW8w-unsplash.jpg,/kaggle/input/datasets/elmadafri/the-wildfire-dataset/the_wildfire_dataset_2n_version/train/nofire/petr-sevcovic-UpM3uDXBW8w-unsplash.jpg,2976,2976,JPEG,RGB,2976
train,nofire,unsplash,phil-desforges,phil-desforges-t4BwdvdvQ4I-unsplash.jpg,/kaggle/input/datasets/elmadafri/the-wildfire-dataset/the_wildfire_dataset_2n_version/train/nofire/phil-desforges-t4BwdvdvQ4I-unsplash.jpg,4230,3172,JPEG,RGB,3172
train,nofire,unsplash,pramod-tiwari,pramod-tiwari--uVQYYD5qco-unsplash.jpg,/kaggle/input/datasets/elmadafri/the-wildfire-dataset/the_wildfire_dataset_2n_version/train/nofire/pramod-tiwari--uVQYYD5qco-unsplash.jpg,5760,3240,JPEG,RGB,3240
train,nofire,unsplash,pramod-tiwari,pramod-tiwari-9E8rglSXnc4-unsplash.jpg,/kaggle/input/datasets/elmadafri/the-wildfire-dataset/the_wildfire_dataset_2n_version/train/nofire/pramod-tiwari-9E8rglSXnc4-unsplash.jpg,3099,3874,JPEG,RGB,3099
train,nofire,unsplash,quentin-menini,quentin-menini-nrEb1KzuqTg-unsplash.jpg,/kaggle/input/datasets/elmadafri/the-wildfire-dataset/the_wildfire_dataset_2n_version/train/nofire/quentin-menini-nrEb1KzuqTg-unsplash.jpg,3024,4032,JPEG,RGB,3024
train,nofire,unsplash,raghavendra-prasad,raghavendra-prasad-VDhBqr4y_Ho-unsplash.jpg,/kaggle/input/datasets/elmadafri/the-wildfire-dataset/the_wildfire_dataset_2n_version/train/nofire/raghavendra-prasad-VDhBqr4y_Ho-unsplash.jpg,5464,3640,JPEG,RGB,3640
train,nofire,unsplash,rahul-chakraborty,rahul-chakraborty-imTMBU0DOfo-unsplash.jpg,/kaggle/input/datasets/elmadafri/the-wildfire-dataset/the_wildfire_dataset_2n_version/train/nofire/rahul-chakraborty-imTMBU0DOfo-unsplash.jpg,4056,3040,JPEG,RGB,3040
train,nofire,unsplash,ralph-ravi,ralph-ravi-kayden-FITkkKxP1RU-unsplash.jpg,/kaggle/input/datasets/elmadafri/the-wildfire-dataset/the_wildfire_dataset_2n_version/train/nofire/ralph-ravi-kayden-FITkkKxP1RU-unsplash.jpg,4000,2250,JPEG,RGB,2250
train,nofire,unsplash,ralph-ravi,ralph-ravi-kayden-JU4uYq6r5do-unsplash.jpg,/kaggle/input/datasets/elmadafri/the-wildfire-dataset/the_wildfire_dataset_2n_version/train/nofire/ralph-ravi-kayden-JU4uYq6r5do-unsplash.jpg,4000,2250,JPEG,RGB,2250
train,nofire,unsplash,ralph-ravi,ralph-ravi-kayden-U2QNuI2QRAo-unsplash.jpg,/kaggle/input/datasets/elmadafri/the-wildfire-dataset/the_wildfire_dataset_2n_version/train/nofire/ralph-ravi-kayden-U2QNuI2QRAo-unsplash.jpg,4000,2250,JPEG,RGB,2250
train,nofire,unsplash,raphael-biscaldi,raphael-biscaldi-imFxAaCy_Pc-unsplash.jpg,/kaggle/input/datasets/elmadafri/the-wildfire-dataset/the_wildfire_dataset_2n_version/train/nofire/raphael-biscaldi-imFxAaCy_Pc-unsplash.jpg,4000,2250,JPEG,RGB,2250
train,nofire,unsplash,ravi-patel,ravi-patel-UPc3D38lXFw-unsplash.jpg,/kaggle/input/datasets/elmadafri/the-wildfire-dataset/the_wildfire_dataset_2n_version/train/nofire/ravi-patel-UPc3D38lXFw-unsplash.jpg,2781,2225,JPEG,RGB,2225
train,nofire,unsplash,ravi-sharma,ravi-sharma-hNv5s6NEYig-unsplash.jpg,/kaggle/input/datasets/elmadafri/the-wildfire-dataset/the_wildfire_dataset_2n_version/train/nofire/ravi-sharma-hNv5s6NEYig-unsplash.jpg,2304,3456,JPEG,RGB,2304
train,nofire,unsplash,ray-ziak,ray-ziak-BO8K27h5lNc-unsplash.jpg,/kaggle/input/datasets/elmadafri/the-wildfire-dataset/the_wildfire_dataset_2n_version/train/nofire/ray-ziak-BO8K27h5lNc-unsplash.jpg,4000,3000,JPEG,RGB,3000
train,nofire,unsplash,raymond-ancog,raymond-ancog--MSLHYRXQK4-unsplash.jpg,/kaggle/input/datasets/elmadafri/the-wildfire-dataset/the_wildfire_dataset_2n_version/train/nofire/raymond-ancog--MSLHYRXQK4-unsplash.jpg,2962,4000,JPEG,RGB,2962
train,nofire,unsplash,rd-mcclenagan,rd-mcclenagan-lTQ3GT-sb9Q-unsplash.jpg,/kaggle/input/datasets/elmadafri/the-wildfire-dataset/the_wildfire_dataset_2n_version/train/nofire/rd-mcclenagan-lTQ3GT-sb9Q-unsplash.jpg,3024,4032,JPEG,RGB,3024
train,nofire,unsplash,red-morley,red-morley-hewitt-kizs7vYY5Dg-unsplash.jpg,/kaggle/input/datasets/elmadafri/the-wildfire-dataset/the_wildfire_dataset_2n_version/train/nofire/red-morley-hewitt-kizs7vYY5Dg-unsplash.jpg,3977,2981,JPEG,RGB,2981
train,nofire,unsplash,red-zeppelin,red-zeppelin-rVTwHuRXlho-unsplash.jpg,/kaggle/input/datasets/elmadafri/the-wildfire-dataset/the_wildfire_dataset_2n_version/train/nofire/red-zeppelin-rVTwHuRXlho-unsplash.jpg,5472,3648,JPEG,RGB,3648
train,nofire,unsplash,redd-f,redd-f-sW7Gir6CG_0-unsplash.jpg,/kaggle/input/datasets/elmadafri/the-wildfire-dataset/the_wildfire_dataset_2n_version/train/nofire/redd-f-sW7Gir6CG_0-unsplash.jpg,2000,3000,JPEG,RGB,2000
train,nofire,unsplash,revolt-V0m4dPa5kNw,revolt-V0m4dPa5kNw-unsplash.jpg,/kaggle/input/datasets/elmadafri/the-wildfire-dataset/the_wildfire_dataset_2n_version/train/nofire/revolt-V0m4dPa5kNw-unsplash.jpg,3992,2242,JPEG,RGB,2242
train,nofire,unsplash,ricardo-gomez,ricardo-gomez-angel-BFMaGkfHDWQ-unsplash.jpg,/kaggle/input/datasets/elmadafri/the-wildfire-dataset/the_wildfire_dataset_2n_version/train/nofire/ricardo-gomez-angel-BFMaGkfHDWQ-unsplash.jpg,7288,5792,JPEG,RGB,5792
train,nofire,unsplash,ricardo-gomez,ricardo-gomez-angel-dbu1zrkZZuo-unsplash.jpg,/kaggle/input/datasets/elmadafri/the-wildfire-dataset/the_wildfire_dataset_2n_version/train/nofire/ricardo-gomez-angel-dbu1zrkZZuo-unsplash.jpg,3681,2662,JPEG,RGB,2662
train,nofire,unsplash,ricardo-gomez,ricardo-gomez-angel-j4YcBgiBJxY-unsplash.jpg,/kaggle/input/datasets/elmadafri/the-wildfire-dataset/the_wildfire_dataset_2n_version/train/nofire/ricardo-gomez-angel-j4YcBgiBJxY-unsplash.jpg,8373,4957,JPEG,RGB,4957
train,nofire,unsplash,richard-fullbrook,richard-fullbrook-z8PemM-kYck-unsplash.jpg,/kaggle/input/datasets/elmadafri/the-wildfire-dataset/the_wildfire_dataset_2n_version/train/nofire/richard-fullbrook-z8PemM-kYck-unsplash.jpg,3331,2665,JPEG,RGB,2665
train,nofire,unsplash,richie-nolan,richie-nolan-jQ_RRJgun3s-unsplash.jpg,/kaggle/input/datasets/elmadafri/the-wildfire-dataset/the_wildfire_dataset_2n_version/train/nofire/richie-nolan-jQ_RRJgun3s-unsplash.jpg,2600,1949,JPEG,RGB,1949
train,nofire,unsplash,rifqi-ali,rifqi-ali-ridho-OHLcCYqvRNY-unsplash.jpg,/kaggle/input/datasets/elmadafri/the-wildfire-dataset/the_wildfire_dataset_2n_version/train/nofire/rifqi-ali-ridho-OHLcCYqvRNY-unsplash.jpg,5472,3648,JPEG,RGB,3648
train,nofire,unsplash,riley-xIaoWuKc0F8,riley-xIaoWuKc0F8-unsplash.jpg,/kaggle/input/datasets/elmadafri/the-wildfire-dataset/the_wildfire_dataset_2n_version/train/nofire/riley-xIaoWuKc0F8-unsplash.jpg,4563,7035,JPEG,RGB,4563
train,nofire,unsplash,rita-peron,rita-peron-k33g3DirT7U-unsplash.jpg,/kaggle/input/datasets/elmadafri/the-wildfire-dataset/the_wildfire_dataset_2n_version/train/nofire/rita-peron-k33g3DirT7U-unsplash.jpg,3000,2000,JPEG,RGB,2000
train,nofire,unsplash,robert-hrovat,robert-hrovat-7AILo0dLm2g-unsplash.jpg,/kaggle/input/datasets/elmadafri/the-wildfire-dataset/the_wildfire_dataset_2n_version/train/nofire/robert-hrovat-7AILo0dLm2g-unsplash.jpg,3840,2560,JPEG,RGB,2560
train,nofire,unsplash,robert-ritchie,robert-ritchie-CbYCdiz6i_E-unsplash.jpg,/kaggle/input/datasets/elmadafri/the-wildfire-dataset/the_wildfire_dataset_2n_version/train/nofire/robert-ritchie-CbYCdiz6i_E-unsplash.jpg,8031,3369,JPEG,RGB,3369
train,nofire,unsplash,roberto-nickson,roberto-nickson-dCbl-CaL15k-unsplash.jpg,/kaggle/input/datasets/elmadafri/the-wildfire-dataset/the_wildfire_dataset_2n_version/train/nofire/roberto-nickson-dCbl-CaL15k-unsplash.jpg,3000,4000,JPEG,RGB,3000
train,nofire,unsplash,rodrigo-torres,rodrigo-torres-0-eBnY2mBGU-unsplash.jpg,/kaggle/input/datasets/elmadafri/the-wildfire-dataset/the_wildfire_dataset_2n_version/train/nofire/rodrigo-torres-0-eBnY2mBGU-unsplash.jpg,6000,4000,JPEG,RGB,4000
train,nofire,unsplash,rohan-aggarwal,rohan-aggarwal-EShGwCZs3Nc-unsplash.jpg,/kaggle/input/datasets/elmadafri/the-wildfire-dataset/the_wildfire_dataset_2n_version/train/nofire/rohan-aggarwal-EShGwCZs3Nc-unsplash.jpg,5184,3456,JPEG,RGB,3456
train,nofire,unsplash,roman-skrypnyk,roman-skrypnyk-a0yQ53-7ldk-unsplash.jpg,/kaggle/input/datasets/elmadafri/the-wildfire-dataset/the_wildfire_dataset_2n_version/train/nofire/roman-skrypnyk-a0yQ53-7ldk-unsplash.jpg,2976,3968,JPEG,RGB,2976
train,nofire,unsplash,ross-sokolovski,ross-sokolovski-cWu504_3z7A-unsplash.jpg,/kaggle/input/datasets/elmadafri/the-wildfire-dataset/the_wildfire_dataset_2n_version/train/nofire/ross-sokolovski-cWu504_3z7A-unsplash.jpg,3319,4978,JPEG,RGB,3319
train,nofire,unsplash,rowan-lamb,rowan-lamb--qULnOJIl_k-unsplash.jpg,/kaggle/input/datasets/elmadafri/the-wildfire-dataset/the_wildfire_dataset_2n_version/train/nofire/rowan-lamb--qULnOJIl_k-unsplash.jpg,3000,4496,JPEG,RGB,3000
train,nofire,unsplash,roya-ann,roya-ann-miller-zv7OJh94sbA-unsplash.jpg,/kaggle/input/datasets/elmadafri/the-wildfire-dataset/the_wildfire_dataset_2n_version/train/nofire/roya-ann-miller-zv7OJh94sbA-unsplash.jpg,5760,3840,JPEG,RGB,3840
train,nofire,unsplash,ruben-marques,ruben-marques-DUxJSaANcWs-unsplash.jpg,/kaggle/input/datasets/elmadafri/the-wildfire-dataset/the_wildfire_dataset_2n_version/train/nofire/ruben-marques-DUxJSaANcWs-unsplash.jpg,5184,3888,JPEG,RGB,3888
train,nofire,unsplash,runde-imaging,runde-imaging-bAN6fLT84qc-unsplash.jpg,/kaggle/input/datasets/elmadafri/the-wildfire-dataset/the_wildfire_dataset_2n_version/train/nofire/runde-imaging-bAN6fLT84qc-unsplash.jpg,4502,3375,JPEG,RGB,3375
train,nofire,unsplash,ruslan-kaptsan,ruslan-kaptsan-RJrm3zJhEZY-unsplash.jpg,/kaggle/input/datasets/elmadafri/the-wildfire-dataset/the_wildfire_dataset_2n_version/train/nofire/ruslan-kaptsan-RJrm3zJhEZY-unsplash.jpg,3456,5184,JPEG,RGB,3456
train,nofire,unsplash,ryan-mcmahon,ryan-mcmahon-Dmp7MITnr0s-unsplash.jpg,/kaggle/input/datasets/elmadafri/the-wildfire-dataset/the_wildfire_dataset_2n_version/train/nofire/ryan-mcmahon-Dmp7MITnr0s-unsplash.jpg,6000,4000,JPEG,RGB,4000
train,nofire,unsplash,ryan-miller,ryan-miller-4QC6kfE5Z8U-unsplash.jpg,/kaggle/input/datasets/elmadafri/the-wildfire-dataset/the_wildfire_dataset_2n_version/train/nofire/ryan-miller-4QC6kfE5Z8U-unsplash.jpg,4000,2250,JPEG,RGB,2250
train,nofire,unsplash,ryan-searle,ryan-searle-Amfd8M2nsSU-unsplash.jpg,/kaggle/input/datasets/elmadafri/the-wildfire-dataset/the_wildfire_dataset_2n_version/train/nofire/ryan-searle-Amfd8M2nsSU-unsplash.jpg,2992,3992,JPEG,RGB,2992
train,nofire,unsplash,ryan-searle,ryan-searle-H33dAQfsjZA-unsplash.jpg,/kaggle/input/datasets/elmadafri/the-wildfire-dataset/the_wildfire_dataset_2n_version/train/nofire/ryan-searle-H33dAQfsjZA-unsplash.jpg,2242,3992,JPEG,RGB,2242
train,nofire,unsplash,ryo-yoshitake,ryo-yoshitake-fNNRU4j8c5E-unsplash.jpg,/kaggle/input/datasets/elmadafri/the-wildfire-dataset/the_wildfire_dataset_2n_version/train/nofire/ryo-yoshitake-fNNRU4j8c5E-unsplash.jpg,3992,2992,JPEG,RGB,2992
train,nofire,unsplash,ryo-yoshitake,ryo-yoshitake-g3fsgTvJAcM-unsplash.jpg,/kaggle/input/datasets/elmadafri/the-wildfire-dataset/the_wildfire_dataset_2n_version/train/nofire/ryo-yoshitake-g3fsgTvJAcM-unsplash.jpg,3992,2992,JPEG,RGB,2992
train,nofire,unsplash,sacre-bleu,sacre-bleu-L1Vyugn2jos-unsplash.jpg,/kaggle/input/datasets/elmadafri/the-wildfire-dataset/the_wildfire_dataset_2n_version/train/nofire/sacre-bleu-L1Vyugn2jos-unsplash.jpg,4997,3331,JPEG,RGB,3331
train,nofire,unsplash,sajad-baharvandi,sajad-baharvandi-8SP18l1KQMs-unsplash.jpg,/kaggle/input/datasets/elmadafri/the-wildfire-dataset/the_wildfire_dataset_2n_version/train/nofire/sajad-baharvandi-8SP18l1KQMs-unsplash.jpg,2268,4032,JPEG,RGB,2268
train,nofire,unsplash,sam-dawson,sam-dawson-qvZiGuHb5po-unsplash.jpg,/kaggle/input/datasets/elmadafri/the-wildfire-dataset/the_wildfire_dataset_2n_version/train/nofire/sam-dawson-qvZiGuHb5po-unsplash.jpg,6000,4000,JPEG,RGB,4000
train,nofire,unsplash,samantha-fortney,samantha-fortney-7vh2FfwdpDM-unsplash.jpg,/kaggle/input/datasets/elmadafri/the-wildfire-dataset/the_wildfire_dataset_2n_version/train/nofire/samantha-fortney-7vh2FfwdpDM-unsplash.jpg,5062,3375,JPEG,RGB,3375
train,nofire,unsplash,samantha-fortney,samantha-fortney-dmTHrpvW1T4-unsplash.jpg,/kaggle/input/datasets/elmadafri/the-wildfire-dataset/the_wildfire_dataset_2n_version/train/nofire/samantha-fortney-dmTHrpvW1T4-unsplash.jpg,5257,3505,JPEG,RGB,3505
train,nofire,unsplash,samuel-f,samuel-f-h7-lHXmZl4M-unsplash.jpg,/kaggle/input/datasets/elmadafri/the-wildfire-dataset/the_wildfire_dataset_2n_version/train/nofire/samuel-f-h7-lHXmZl4M-unsplash.jpg,5464,3640,JPEG,RGB,3640
train,nofire,unsplash,samuel-ferrara,samuel-ferrara-dKJXkKCF2D8-unsplash.jpg,/kaggle/input/datasets/elmadafri/the-wildfire-dataset/the_wildfire_dataset_2n_version/train/nofire/samuel-ferrara-dKJXkKCF2D8-unsplash.jpg,2571,3840,JPEG,RGB,2571
train,nofire,unsplash,samuel-scrimshaw,samuel-scrimshaw-DMcI0cmYJYk-unsplash.jpg,/kaggle/input/datasets/elmadafri/the-wildfire-dataset/the_wildfire_dataset_2n_version/train/nofire/samuel-scrimshaw-DMcI0cmYJYk-unsplash.jpg,4979,3319,JPEG,RGB,3319
train,nofire,unsplash,sander-weeteling,sander-weeteling-omNcHykDHp8-unsplash.jpg,/kaggle/input/datasets/elmadafri/the-wildfire-dataset/the_wildfire_dataset_2n_version/train/nofire/sander-weeteling-omNcHykDHp8-unsplash.jpg,3986,2987,JPEG,RGB,2987
train,nofire,unsplash,sante-capobianco,sante-capobianco-B_5P3v52MIc-unsplash.jpg,/kaggle/input/datasets/elmadafri/the-wildfire-dataset/the_wildfire_dataset_2n_version/train/nofire/sante-capobianco-B_5P3v52MIc-unsplash.jpg,3506,4675,JPEG,RGB,3506
train,nofire,unsplash,sante-capobianco,sante-capobianco-kcKJodlQSxg-unsplash.jpg,/kaggle/input/datasets/elmadafri/the-wildfire-dataset/the_wildfire_dataset_2n_version/train/nofire/sante-capobianco-kcKJodlQSxg-unsplash.jpg,5333,4000,JPEG,RGB,4000
train,nofire,unsplash,sean-foster,sean-foster-9rkn--gf0X4-unsplash.jpg,/kaggle/input/datasets/elmadafri/the-wildfire-dataset/the_wildfire_dataset_2n_version/train/nofire/sean-foster-9rkn--gf0X4-unsplash.jpg,5184,3456,JPEG,RGB,3456
train,nofire,unsplash,sean-foster,sean-foster-ZK6C4EziOFQ-unsplash.jpg,/kaggle/input/datasets/elmadafri/the-wildfire-dataset/the_wildfire_dataset_2n_version/train/nofire/sean-foster-ZK6C4EziOFQ-unsplash.jpg,5184,3456,JPEG,RGB,3456
train,nofire,unsplash,sean-pierce,sean-pierce-YLYfwyPJl-o-unsplash.jpg,/kaggle/input/datasets/elmadafri/the-wildfire-dataset/the_wildfire_dataset_2n_version/train/nofire/sean-pierce-YLYfwyPJl-o-unsplash.jpg,5472,4902,JPEG,RGB,4902
train,nofire,unsplash,sean-stratton,sean-stratton-KzYeP16sQ6Q-unsplash.jpg,/kaggle/input/datasets/elmadafri/the-wildfire-dataset/the_wildfire_dataset_2n_version/train/nofire/sean-stratton-KzYeP16sQ6Q-unsplash.jpg,5472,3648,JPEG,RGB,3648
train,nofire,unsplash,sean-stratton,sean-stratton-rvVOTp6nyaM-unsplash.jpg,/kaggle/input/datasets/elmadafri/the-wildfire-dataset/the_wildfire_dataset_2n_version/train/nofire/sean-stratton-rvVOTp6nyaM-unsplash.jpg,5472,3648,JPEG,RGB,3648
train,nofire,unsplash,sebastian-ruck,sebastian-ruck-6j3Ykslbi9g-unsplash.jpg,/kaggle/input/datasets/elmadafri/the-wildfire-dataset/the_wildfire_dataset_2n_version/train/nofire/sebastian-ruck-6j3Ykslbi9g-unsplash.jpg,2425,3640,JPEG,RGB,2425
train,nofire,unsplash,sekwang-chia,sekwang-chia-pJ87f72_xvs-unsplash.jpg,/kaggle/input/datasets/elmadafri/the-wildfire-dataset/the_wildfire_dataset_2n_version/train/nofire/sekwang-chia-pJ87f72_xvs-unsplash.jpg,3581,5371,JPEG,RGB,3581
train,nofire,unsplash,sergey-pesterev,sergey-pesterev-i-P1lmY_e1w-unsplash.jpg,/kaggle/input/datasets/elmadafri/the-wildfire-dataset/the_wildfire_dataset_2n_version/train/nofire/sergey-pesterev-i-P1lmY_e1w-unsplash.jpg,4256,2848,JPEG,RGB,2848
train,nofire,unsplash,shaah-shahidh,shaah-shahidh-2M2N6RjUQao-unsplash.jpg,/kaggle/input/datasets/elmadafri/the-wildfire-dataset/the_wildfire_dataset_2n_version/train/nofire/shaah-shahidh-2M2N6RjUQao-unsplash.jpg,4000,3000,JPEG,RGB,3000
train,nofire,unsplash,shai-pal,shai-pal-DQviXGWu-KA-unsplash.jpg,/kaggle/input/datasets/elmadafri/the-wildfire-dataset/the_wildfire_dataset_2n_version/train/nofire/shai-pal-DQviXGWu-KA-unsplash.jpg,3992,2992,JPEG,RGB,2992
train,nofire,unsplash,shayd-johnson,shayd-johnson-3SYi9YfTXdU-unsplash.jpg,/kaggle/input/datasets/elmadafri/the-wildfire-dataset/the_wildfire_dataset_2n_version/train/nofire/shayd-johnson-3SYi9YfTXdU-unsplash.jpg,6253,4169,JPEG,RGB,4169
train,nofire,unsplash,sheng-l,sheng-l-KC5x7jyd33U-unsplash.jpg,/kaggle/input/datasets/elmadafri/the-wildfire-dataset/the_wildfire_dataset_2n_version/train/nofire/sheng-l-KC5x7jyd33U-unsplash.jpg,4480,6720,JPEG,RGB,4480
train,nofire,unsplash,shep-mcallister,shep-mcallister-mKurBTV_5zY-unsplash.jpg,/kaggle/input/datasets/elmadafri/the-wildfire-dataset/the_wildfire_dataset_2n_version/train/nofire/shep-mcallister-mKurBTV_5zY-unsplash.jpg,3375,2533,JPEG,RGB,2533
train,nofire,unsplash,shifaaz-shamoon,shifaaz-shamoon-6dRYK6FA3tw-unsplash.jpg,/kaggle/input/datasets/elmadafri/the-wildfire-dataset/the_wildfire_dataset_2n_version/train/nofire/shifaaz-shamoon-6dRYK6FA3tw-unsplash.jpg,2703,4811,JPEG,RGB,2703
train,nofire,unsplash,shifaaz-shamoon,shifaaz-shamoon-rNUa5AB_Ob0-unsplash.jpg,/kaggle/input/datasets/elmadafri/the-wildfire-dataset/the_wildfire_dataset_2n_version/train/nofire/shifaaz-shamoon-rNUa5AB_Ob0-unsplash.jpg,3078,5472,JPEG,RGB,3078
train,nofire,unsplash,shikhar-gupta,shikhar-gupta-pyTdFHnhSIg-unsplash.jpg,/kaggle/input/datasets/elmadafri/the-wildfire-dataset/the_wildfire_dataset_2n_version/train/nofire/shikhar-gupta-pyTdFHnhSIg-unsplash.jpg,6008,4008,JPEG,RGB,4008
train,nofire,unsplash,shoaib-khan,shoaib-khan-kvZ6LZVvZiA-unsplash.jpg,/kaggle/input/datasets/elmadafri/the-wildfire-dataset/the_wildfire_dataset_2n_version/train/nofire/shoaib-khan-kvZ6LZVvZiA-unsplash.jpg,4000,6000,JPEG,RGB,4000
train,nofire,unsplash,siddhartha-gupta,siddhartha-gupta-quxPC6s5L1A-unsplash.jpg,/kaggle/input/datasets/elmadafri/the-wildfire-dataset/the_wildfire_dataset_2n_version/train/nofire/siddhartha-gupta-quxPC6s5L1A-unsplash.jpg,3822,2470,JPEG,RGB,2470
train,nofire,unsplash,silas-baisch,silas-baisch-rf5R1qXwlDU-unsplash.jpg,/kaggle/input/datasets/elmadafri/the-wildfire-dataset/the_wildfire_dataset_2n_version/train/nofire/silas-baisch-rf5R1qXwlDU-unsplash.jpg,2992,3992,JPEG,RGB,2992
train,nofire,unsplash,simone-daino,simone-daino-6bxvC6of7e4-unsplash.jpg,/kaggle/input/datasets/elmadafri/the-wildfire-dataset/the_wildfire_dataset_2n_version/train/nofire/simone-daino-6bxvC6of7e4-unsplash.jpg,3869,2176,JPEG,RGB,2176
train,nofire,unsplash,single-earth,single-earth-FaMAJOWxSZc-unsplash.jpg,/kaggle/input/datasets/elmadafri/the-wildfire-dataset/the_wildfire_dataset_2n_version/train/nofire/single-earth-FaMAJOWxSZc-unsplash.jpg,6000,4000,JPEG,RGB,4000
train,nofire,unsplash,single-earth,single-earth-HlGxFlKx2nI-unsplash.jpg,/kaggle/input/datasets/elmadafri/the-wildfire-dataset/the_wildfire_dataset_2n_version/train/nofire/single-earth-HlGxFlKx2nI-unsplash.jpg,6000,4000,JPEG,RGB,4000
train,nofire,unsplash,single-earth,single-earth-TOfzXZ_QGx0-unsplash.jpg,/kaggle/input/datasets/elmadafri/the-wildfire-dataset/the_wildfire_dataset_2n_version/train/nofire/single-earth-TOfzXZ_QGx0-unsplash.jpg,6000,4000,JPEG,RGB,4000
train,nofire,unsplash,single-earth,single-earth-rb2nf2OjMPs-unsplash.jpg,/kaggle/input/datasets/elmadafri/the-wildfire-dataset/the_wildfire_dataset_2n_version/train/nofire/single-earth-rb2nf2OjMPs-unsplash.jpg,6000,4000,JPEG,RGB,4000
train,nofire,unsplash,sirisvisual-WvitFypONbQ,sirisvisual-WvitFypONbQ-unsplash.jpg,/kaggle/input/datasets/elmadafri/the-wildfire-dataset/the_wildfire_dataset_2n_version/train/nofire/sirisvisual-WvitFypONbQ-unsplash.jpg,2667,4000,JPEG,RGB,2667
train,nofire,unsplash,slav-romanov,slav-romanov-VrqyamatNyc-unsplash.jpg,/kaggle/input/datasets/elmadafri/the-wildfire-dataset/the_wildfire_dataset_2n_version/train/nofire/slav-romanov-VrqyamatNyc-unsplash.jpg,3024,4032,JPEG,RGB,3024
train,nofire,unsplash,sonali-shinde,sonali-shinde-gr92j-seo_8-unsplash.jpg,/kaggle/input/datasets/elmadafri/the-wildfire-dataset/the_wildfire_dataset_2n_version/train/nofire/sonali-shinde-gr92j-seo_8-unsplash.jpg,4032,2740,JPEG,RGB,2740
train,nofire,unsplash,spencer-watson,spencer-watson-5TBf16GnHKg-unsplash.jpg,/kaggle/input/datasets/elmadafri/the-wildfire-dataset/the_wildfire_dataset_2n_version/train/nofire/spencer-watson-5TBf16GnHKg-unsplash.jpg,2500,1667,JPEG,RGB,1667
train,nofire,unsplash,spencer-watson,spencer-watson-5iO8hDFua04-unsplash.jpg,/kaggle/input/datasets/elmadafri/the-wildfire-dataset/the_wildfire_dataset_2n_version/train/nofire/spencer-watson-5iO8hDFua04-unsplash.jpg,3000,2248,JPEG,RGB,2248
train,nofire,unsplash,spencer-watson,spencer-watson-dEOC8M_lmxI-unsplash.jpg,/kaggle/input/datasets/elmadafri/the-wildfire-dataset/the_wildfire_dataset_2n_version/train/nofire/spencer-watson-dEOC8M_lmxI-unsplash.jpg,2500,1874,JPEG,RGB,1874
train,nofire,unsplash,spencer-watson,spencer-watson-vzVGHfxZIZ8-unsplash.jpg,/kaggle/input/datasets/elmadafri/the-wildfire-dataset/the_wildfire_dataset_2n_version/train/nofire/spencer-watson-vzVGHfxZIZ8-unsplash.jpg,2000,2500,JPEG,RGB,2000
train,nofire,unsplash,srinis-photography,srinis-photography-Jcek_kXF3mA-unsplash.jpg,/kaggle/input/datasets/elmadafri/the-wildfire-dataset/the_wildfire_dataset_2n_version/train/nofire/srinis-photography-Jcek_kXF3mA-unsplash.jpg,4000,2250,JPEG,RGB,2250
train,nofire,unsplash,staffan-kjellvestad,staffan-kjellvestad-y1qOT82fd8k-unsplash.jpg,/kaggle/input/datasets/elmadafri/the-wildfire-dataset/the_wildfire_dataset_2n_version/train/nofire/staffan-kjellvestad-y1qOT82fd8k-unsplash.jpg,1945,2917,JPEG,RGB,1945
train,nofire,unsplash,steije-hillewaert,steije-hillewaert-H2Bje-fBHQ0-unsplash.jpg,/kaggle/input/datasets/elmadafri/the-wildfire-dataset/the_wildfire_dataset_2n_version/train/nofire/steije-hillewaert-H2Bje-fBHQ0-unsplash.jpg,2342,3125,JPEG,RGB,2342
train,nofire,unsplash,steije-hillewaert,steije-hillewaert-aSkYvXsSkwQ-unsplash.jpg,/kaggle/input/datasets/elmadafri/the-wildfire-dataset/the_wildfire_dataset_2n_version/train/nofire/steije-hillewaert-aSkYvXsSkwQ-unsplash.jpg,2992,3992,JPEG,RGB,2992
train,nofire,unsplash,stephen-leonardi,stephen-leonardi-MDmwQVgDHHM-unsplash.jpg,/kaggle/input/datasets/elmadafri/the-wildfire-dataset/the_wildfire_dataset_2n_version/train/nofire/stephen-leonardi-MDmwQVgDHHM-unsplash.jpg,2730,3412,JPEG,RGB,2730
train,nofire,unsplash,stephen-leonardi,stephen-leonardi-Y0pPGqqMMYk-unsplash.jpg,/kaggle/input/datasets/elmadafri/the-wildfire-dataset/the_wildfire_dataset_2n_version/train/nofire/stephen-leonardi-Y0pPGqqMMYk-unsplash.jpg,6582,4259,JPEG,RGB,4259
train,nofire,unsplash,stephen-leonardi,stephen-leonardi-i1bQLAjzRP4-unsplash.jpg,/kaggle/input/datasets/elmadafri/the-wildfire-dataset/the_wildfire_dataset_2n_version/train/nofire/stephen-leonardi-i1bQLAjzRP4-unsplash.jpg,4480,6720,JPEG,RGB,4480
train,nofire,unsplash,stephen-leonardi,stephen-leonardi-jmDz22mILEk-unsplash.jpg,/kaggle/input/datasets/elmadafri/the-wildfire-dataset/the_wildfire_dataset_2n_version/train/nofire/stephen-leonardi-jmDz22mILEk-unsplash.jpg,5489,3659,JPEG,RGB,3659
train,nofire,unsplash,stian-vesterinen,stian-vesterinen-yiRHSGZn-eM-unsplash.jpg,/kaggle/input/datasets/elmadafri/the-wildfire-dataset/the_wildfire_dataset_2n_version/train/nofire/stian-vesterinen-yiRHSGZn-eM-unsplash.jpg,3992,2242,JPEG,RGB,2242
train,nofire,unsplash,sudarshan-bhat,sudarshan-bhat-jgLTHYKnd5Q-unsplash.jpg,/kaggle/input/datasets/elmadafri/the-wildfire-dataset/the_wildfire_dataset_2n_version/train/nofire/sudarshan-bhat-jgLTHYKnd5Q-unsplash.jpg,6000,3375,JPEG,RGB,3375
train,nofire,unsplash,syahirah-salleh,syahirah-salleh-3A87yA3KteA-unsplash.jpg,/kaggle/input/datasets/elmadafri/the-wildfire-dataset/the_wildfire_dataset_2n_version/train/nofire/syahirah-salleh-3A87yA3KteA-unsplash.jpg,4208,2368,JPEG,RGB,2368
train,nofire,unsplash,sylas-boesten,sylas-boesten-wNVB7JG6538-unsplash.jpg,/kaggle/input/datasets/elmadafri/the-wildfire-dataset/the_wildfire_dataset_2n_version/train/nofire/sylas-boesten-wNVB7JG6538-unsplash.jpg,3668,2060,JPEG,RGB,2060
train,nofire,unsplash,tadej-skofic,tadej-skofic-VWxiaKn-lVc-unsplash.jpg,/kaggle/input/datasets/elmadafri/the-wildfire-dataset/the_wildfire_dataset_2n_version/train/nofire/tadej-skofic-VWxiaKn-lVc-unsplash.jpg,5490,3613,JPEG,RGB,3613
train,nofire,unsplash,tamara-bitter,tamara-bitter-rEbBI6jbs3A-unsplash.jpg,/kaggle/input/datasets/elmadafri/the-wildfire-dataset/the_wildfire_dataset_2n_version/train/nofire/tamara-bitter-rEbBI6jbs3A-unsplash.jpg,4037,2266,JPEG,RGB,2266
train,nofire,unsplash,tandem-x,tandem-x-visuals-ebd1rqRbV40-unsplash.jpg,/kaggle/input/datasets/elmadafri/the-wildfire-dataset/the_wildfire_dataset_2n_version/train/nofire/tandem-x-visuals-ebd1rqRbV40-unsplash.jpg,3610,5415,JPEG,RGB,3610
train,nofire,unsplash,tandya-rachmat,tandya-rachmat-Md9mpoTwoaM-unsplash.jpg,/kaggle/input/datasets/elmadafri/the-wildfire-dataset/the_wildfire_dataset_2n_version/train/nofire/tandya-rachmat-Md9mpoTwoaM-unsplash.jpg,5472,3648,JPEG,RGB,3648
train,nofire,unsplash,tandya-rachmat,tandya-rachmat-o0843wuFf70-unsplash.jpg,/kaggle/input/datasets/elmadafri/the-wildfire-dataset/the_wildfire_dataset_2n_version/train/nofire/tandya-rachmat-o0843wuFf70-unsplash.jpg,5472,3648,JPEG,RGB,3648
train,nofire,unsplash,tandya-rachmat,tandya-rachmat-wh32vzAZMHo-unsplash.jpg,/kaggle/input/datasets/elmadafri/the-wildfire-dataset/the_wildfire_dataset_2n_version/train/nofire/tandya-rachmat-wh32vzAZMHo-unsplash.jpg,5472,3648,JPEG,RGB,3648
train,nofire,unsplash,taneli-lahtinen,taneli-lahtinen-FUoyHvCUpGY-unsplash.jpg,/kaggle/input/datasets/elmadafri/the-wildfire-dataset/the_wildfire_dataset_2n_version/train/nofire/taneli-lahtinen-FUoyHvCUpGY-unsplash.jpg,2763,3454,JPEG,RGB,2763
train,nofire,unsplash,taneli-lahtinen,taneli-lahtinen-RVL_gA9dz6o-unsplash.jpg,/kaggle/input/datasets/elmadafri/the-wildfire-dataset/the_wildfire_dataset_2n_version/train/nofire/taneli-lahtinen-RVL_gA9dz6o-unsplash.jpg,2865,3581,JPEG,RGB,2865
train,nofire,unsplash,taneli-lahtinen,taneli-lahtinen-bJiisZmEB2M-unsplash.jpg,/kaggle/input/datasets/elmadafri/the-wildfire-dataset/the_wildfire_dataset_2n_version/train/nofire/taneli-lahtinen-bJiisZmEB2M-unsplash.jpg,2854,3567,JPEG,RGB,2854
train,nofire,unsplash,tatyana-gavrilova,tatyana-gavrilova-h1VeqL-PYOY-unsplash.jpg,/kaggle/input/datasets/elmadafri/the-wildfire-dataset/the_wildfire_dataset_2n_version/train/nofire/tatyana-gavrilova-h1VeqL-PYOY-unsplash.jpg,6000,4000,JPEG,RGB,4000
train,nofire,unsplash,taylor-smith,taylor-smith-tPsrzIQ0JVU-unsplash.jpg,/kaggle/input/datasets/elmadafri/the-wildfire-dataset/the_wildfire_dataset_2n_version/train/nofire/taylor-smith-tPsrzIQ0JVU-unsplash.jpg,6000,4000,JPEG,RGB,4000
train,nofire,unsplash,thai-ch,thai-ch-hamelin-chokdidesign-av-04-Ke6Tw-unsplash.jpg,/kaggle/input/datasets/elmadafri/the-wildfire-dataset/the_wildfire_dataset_2n_version/train/nofire/thai-ch-hamelin-chokdidesign-av-04-Ke6Tw-unsplash.jpg,5616,3744,JPEG,RGB,3744
train,nofire,unsplash,thom-milkovic,thom-milkovic--PCMaECGDa4-unsplash.jpg,/kaggle/input/datasets/elmadafri/the-wildfire-dataset/the_wildfire_dataset_2n_version/train/nofire/thom-milkovic--PCMaECGDa4-unsplash.jpg,4000,2669,JPEG,RGB,2669
train,nofire,unsplash,thomas-bennie,thomas-bennie-16fPlBo_UFY-unsplash.jpg,/kaggle/input/datasets/elmadafri/the-wildfire-dataset/the_wildfire_dataset_2n_version/train/nofire/thomas-bennie-16fPlBo_UFY-unsplash.jpg,6000,3067,JPEG,RGB,3067
train,nofire,unsplash,thomas-bennie,thomas-bennie-CsNq7W6mCU0-unsplash.jpg,/kaggle/input/datasets/elmadafri/the-wildfire-dataset/the_wildfire_dataset_2n_version/train/nofire/thomas-bennie-CsNq7W6mCU0-unsplash.jpg,1899,3376,JPEG,RGB,1899
train,nofire,unsplash,thomas-bjornstad,thomas-bjornstad-BXHqHSAojss-unsplash.jpg,/kaggle/input/datasets/elmadafri/the-wildfire-dataset/the_wildfire_dataset_2n_version/train/nofire/thomas-bjornstad-BXHqHSAojss-unsplash.jpg,3363,2242,JPEG,RGB,2242
train,nofire,unsplash,thomas-ciszewski,thomas-ciszewski-z4rqGnlvqKA-unsplash.jpg,/kaggle/input/datasets/elmadafri/the-wildfire-dataset/the_wildfire_dataset_2n_version/train/nofire/thomas-ciszewski-z4rqGnlvqKA-unsplash.jpg,2880,1620,JPEG,RGB,1620
train,nofire,unsplash,thomas-griesbeck,thomas-griesbeck-4ShVLvMYyZM-unsplash.jpg,/kaggle/input/datasets/elmadafri/the-wildfire-dataset/the_wildfire_dataset_2n_version/train/nofire/thomas-griesbeck-4ShVLvMYyZM-unsplash.jpg,3936,2624,JPEG,RGB,2624
train,nofire,unsplash,thomas-griesbeck,thomas-griesbeck-BS-Uxe8wU5Y-unsplash.jpg,/kaggle/input/datasets/elmadafri/the-wildfire-dataset/the_wildfire_dataset_2n_version/train/nofire/thomas-griesbeck-BS-Uxe8wU5Y-unsplash.jpg,3936,2624,JPEG,RGB,2624
train,nofire,unsplash,thomas-griesbeck,thomas-griesbeck-D76hmAzApkM-unsplash.jpg,/kaggle/input/datasets/elmadafri/the-wildfire-dataset/the_wildfire_dataset_2n_version/train/nofire/thomas-griesbeck-D76hmAzApkM-unsplash.jpg,6016,4016,JPEG,RGB,4016
train,nofire,unsplash,thomas-haas,thomas-haas-BFyhlZYMd0Y-unsplash.jpg,/kaggle/input/datasets/elmadafri/the-wildfire-dataset/the_wildfire_dataset_2n_version/train/nofire/thomas-haas-BFyhlZYMd0Y-unsplash.jpg,5184,3888,JPEG,RGB,3888
train,nofire,unsplash,thor-schroeder,thor-schroeder-AfvHfK_LBAc-unsplash.jpg,/kaggle/input/datasets/elmadafri/the-wildfire-dataset/the_wildfire_dataset_2n_version/train/nofire/thor-schroeder-AfvHfK_LBAc-unsplash.jpg,3720,2090,JPEG,RGB,2090
train,nofire,unsplash,tim-bernhard,tim-bernhard-3MDoLdXplac-unsplash.jpg,/kaggle/input/datasets/elmadafri/the-wildfire-dataset/the_wildfire_dataset_2n_version/train/nofire/tim-bernhard-3MDoLdXplac-unsplash.jpg,6000,4000,JPEG,RGB,4000
train,nofire,unsplash,timon-studler,timon-studler-Y9BLAs3qCOU-unsplash.jpg,/kaggle/input/datasets/elmadafri/the-wildfire-dataset/the_wildfire_dataset_2n_version/train/nofire/timon-studler-Y9BLAs3qCOU-unsplash.jpg,5760,3840,JPEG,RGB,3840
train,nofire,unsplash,timothy-l,timothy-l-brock-UQiBY1yu8U0-unsplash.jpg,/kaggle/input/datasets/elmadafri/the-wildfire-dataset/the_wildfire_dataset_2n_version/train/nofire/timothy-l-brock-UQiBY1yu8U0-unsplash.jpg,3122,1752,JPEG,RGB,1752
train,nofire,unsplash,toa-heftiba,toa-heftiba-ujPOme_7e5s-unsplash.jpg,/kaggle/input/datasets/elmadafri/the-wildfire-dataset/the_wildfire_dataset_2n_version/train/nofire/toa-heftiba-ujPOme_7e5s-unsplash.jpg,4000,2250,JPEG,RGB,2250
train,nofire,unsplash,tobias-reich,tobias-reich-9Q2lhZICqaw-unsplash.jpg,/kaggle/input/datasets/elmadafri/the-wildfire-dataset/the_wildfire_dataset_2n_version/train/nofire/tobias-reich-9Q2lhZICqaw-unsplash.jpg,3014,4018,JPEG,RGB,3014
train,nofire,unsplash,tobias-reich,tobias-reich-HB9L970JfDE-unsplash.jpg,/kaggle/input/datasets/elmadafri/the-wildfire-dataset/the_wildfire_dataset_2n_version/train/nofire/tobias-reich-HB9L970JfDE-unsplash.jpg,2955,3940,JPEG,RGB,2955
train,nofire,unsplash,tobias-tullius,tobias-tullius-PXXtq6bp6cs-unsplash.jpg,/kaggle/input/datasets/elmadafri/the-wildfire-dataset/the_wildfire_dataset_2n_version/train/nofire/tobias-tullius-PXXtq6bp6cs-unsplash.jpg,3008,2000,JPEG,RGB,2000
train,nofire,unsplash,tolga-ahmetler,tolga-ahmetler-hrQQhBa0uJ8-unsplash.jpg,/kaggle/input/datasets/elmadafri/the-wildfire-dataset/the_wildfire_dataset_2n_version/train/nofire/tolga-ahmetler-hrQQhBa0uJ8-unsplash.jpg,3083,4625,JPEG,RGB,3083
train,nofire,unsplash,tom-parsons,tom-parsons-F5qVefeCrp8-unsplash.jpg,/kaggle/input/datasets/elmadafri/the-wildfire-dataset/the_wildfire_dataset_2n_version/train/nofire/tom-parsons-F5qVefeCrp8-unsplash.jpg,2992,3992,JPEG,RGB,2992
train,nofire,unsplash,tomas-trajan,tomas-trajan--Ej9dr1mYjI-unsplash.jpg,/kaggle/input/datasets/elmadafri/the-wildfire-dataset/the_wildfire_dataset_2n_version/train/nofire/tomas-trajan--Ej9dr1mYjI-unsplash.jpg,3240,2160,JPEG,RGB,2160
train,nofire,unsplash,tomasz-smal,tomasz-smal-pXtGzUhnU8s-unsplash.jpg,/kaggle/input/datasets/elmadafri/the-wildfire-dataset/the_wildfire_dataset_2n_version/train/nofire/tomasz-smal-pXtGzUhnU8s-unsplash.jpg,7888,5916,JPEG,RGB,5916
train,nofire,unsplash,tomasz-smal,tomasz-smal-pkbT-xAbUSE-unsplash.jpg,/kaggle/input/datasets/elmadafri/the-wildfire-dataset/the_wildfire_dataset_2n_version/train/nofire/tomasz-smal-pkbT-xAbUSE-unsplash.jpg,7888,5916,JPEG,RGB,5916
train,nofire,unsplash,tony-phan,tony-phan-asr62h5w66w-unsplash.jpg,/kaggle/input/datasets/elmadafri/the-wildfire-dataset/the_wildfire_dataset_2n_version/train/nofire/tony-phan-asr62h5w66w-unsplash.jpg,4000,6000,JPEG,RGB,4000
train,nofire,unsplash,tony-reid,tony-reid-UMJUr3st0AE-unsplash.jpg,/kaggle/input/datasets/elmadafri/the-wildfire-dataset/the_wildfire_dataset_2n_version/train/nofire/tony-reid-UMJUr3st0AE-unsplash.jpg,5767,3813,JPEG,RGB,3813
train,nofire,unsplash,tristan-b,tristan-b-1g4shmgyGaE-unsplash.jpg,/kaggle/input/datasets/elmadafri/the-wildfire-dataset/the_wildfire_dataset_2n_version/train/nofire/tristan-b-1g4shmgyGaE-unsplash.jpg,3456,5184,JPEG,RGB,3456
train,nofire,unsplash,tristan-b,tristan-b-xVpKodkAZ1c-unsplash.jpg,/kaggle/input/datasets/elmadafri/the-wildfire-dataset/the_wildfire_dataset_2n_version/train/nofire/tristan-b-xVpKodkAZ1c-unsplash.jpg,5184,3456,JPEG,RGB,3456
train,nofire,unsplash,tyler-lastovich,tyler-lastovich-DMJUIGRO_1M-unsplash.jpg,/kaggle/input/datasets/elmadafri/the-wildfire-dataset/the_wildfire_dataset_2n_version/train/nofire/tyler-lastovich-DMJUIGRO_1M-unsplash.jpg,3999,2619,JPEG,RGB,2619
train,nofire,unsplash,tyssul-patel,tyssul-patel-o-zOatT4kQw-unsplash.jpg,/kaggle/input/datasets/elmadafri/the-wildfire-dataset/the_wildfire_dataset_2n_version/train/nofire/tyssul-patel-o-zOatT4kQw-unsplash.jpg,4896,3264,JPEG,RGB,3264
train,nofire,unsplash,umit-yildirim,umit-yildirim-piBHdSSQX9U-unsplash.jpg,/kaggle/input/datasets/elmadafri/the-wildfire-dataset/the_wildfire_dataset_2n_version/train/nofire/umit-yildirim-piBHdSSQX9U-unsplash.jpg,3547,1992,JPEG,RGB,1992
train,nofire,unsplash,urip-dunker,urip-dunker-GPtSep_xvYw-unsplash.jpg,/kaggle/input/datasets/elmadafri/the-wildfire-dataset/the_wildfire_dataset_2n_version/train/nofire/urip-dunker-GPtSep_xvYw-unsplash.jpg,2992,2992,JPEG,RGB,2992
train,nofire,unsplash,vadim-sherbakov,vadim-sherbakov-NQSWvyVRIJk-unsplash.jpg,/kaggle/input/datasets/elmadafri/the-wildfire-dataset/the_wildfire_dataset_2n_version/train/nofire/vadim-sherbakov-NQSWvyVRIJk-unsplash.jpg,5472,3648,JPEG,RGB,3648
train,nofire,unsplash,vangelis-batsikostas,vangelis-batsikostas-BETurN_ZZPs-unsplash.jpg,/kaggle/input/datasets/elmadafri/the-wildfire-dataset/the_wildfire_dataset_2n_version/train/nofire/vangelis-batsikostas-BETurN_ZZPs-unsplash.jpg,4896,3264,JPEG,RGB,3264
train,nofire,unsplash,vasanth-SvLiRk1wE2s,vasanth-SvLiRk1wE2s-unsplash.jpg,/kaggle/input/datasets/elmadafri/the-wildfire-dataset/the_wildfire_dataset_2n_version/train/nofire/vasanth-SvLiRk1wE2s-unsplash.jpg,2536,3030,JPEG,RGB,2536
train,nofire,unsplash,venti-views,venti-views-NliTYm_jD5o-unsplash.jpg,/kaggle/input/datasets/elmadafri/the-wildfire-dataset/the_wildfire_dataset_2n_version/train/nofire/venti-views-NliTYm_jD5o-unsplash.jpg,3076,5470,JPEG,RGB,3076
train,nofire,unsplash,vickry-alvian,vickry-alvian-ILddwdiE8OY-unsplash.jpg,/kaggle/input/datasets/elmadafri/the-wildfire-dataset/the_wildfire_dataset_2n_version/train/nofire/vickry-alvian-ILddwdiE8OY-unsplash.jpg,4000,2250,JPEG,RGB,2250
train,nofire,unsplash,victor-ene,victor-ene-LvfWrSf5U0k-unsplash.jpg,/kaggle/input/datasets/elmadafri/the-wildfire-dataset/the_wildfire_dataset_2n_version/train/nofire/victor-ene-LvfWrSf5U0k-unsplash.jpg,2026,3601,JPEG,RGB,2026
train,nofire,unsplash,vincent-battault,vincent-battault-0xwsbC_l6SY-unsplash.jpg,/kaggle/input/datasets/elmadafri/the-wildfire-dataset/the_wildfire_dataset_2n_version/train/nofire/vincent-battault-0xwsbC_l6SY-unsplash.jpg,4096,2719,JPEG,RGB,2719
train,nofire,unsplash,vincentiu-solomon,vincentiu-solomon-fYtSWs7LQuQ-unsplash.jpg,/kaggle/input/datasets/elmadafri/the-wildfire-dataset/the_wildfire_dataset_2n_version/train/nofire/vincentiu-solomon-fYtSWs7LQuQ-unsplash.jpg,7971,5064,JPEG,RGB,5064
train,nofire,unsplash,vitaly-sacred,vitaly-sacred-00twZ5qj4GM-unsplash.jpg,/kaggle/input/datasets/elmadafri/the-wildfire-dataset/the_wildfire_dataset_2n_version/train/nofire/vitaly-sacred-00twZ5qj4GM-unsplash.jpg,3820,5093,JPEG,RGB,3820
train,nofire,unsplash,vitaly-sacred,vitaly-sacred-giho2M2QXQQ-unsplash.jpg,/kaggle/input/datasets/elmadafri/the-wildfire-dataset/the_wildfire_dataset_2n_version/train/nofire/vitaly-sacred-giho2M2QXQQ-unsplash.jpg,3869,5159,JPEG,RGB,3869
train,nofire,unsplash,vivek-kumar,vivek-kumar-JKbyACnTvuE-unsplash.jpg,/kaggle/input/datasets/elmadafri/the-wildfire-dataset/the_wildfire_dataset_2n_version/train/nofire/vivek-kumar-JKbyACnTvuE-unsplash.jpg,5098,3399,JPEG,RGB,3399
train,nofire,unsplash,vlad-hilitanu,vlad-hilitanu-QqSIuvz94s8-unsplash.jpg,/kaggle/input/datasets/elmadafri/the-wildfire-dataset/the_wildfire_dataset_2n_version/train/nofire/vlad-hilitanu-QqSIuvz94s8-unsplash.jpg,3875,2167,JPEG,RGB,2167
train,nofire,unsplash,vlad-hilitanu,vlad-hilitanu-pt7QzB4ZLWw-unsplash.jpg,/kaggle/input/datasets/elmadafri/the-wildfire-dataset/the_wildfire_dataset_2n_version/train/nofire/vlad-hilitanu-pt7QzB4ZLWw-unsplash.jpg,4000,2250,JPEG,RGB,2250
train,nofire,unsplash,vlad-hilitanu,vlad-hilitanu-xXpPNxoPTvI-unsplash.jpg,/kaggle/input/datasets/elmadafri/the-wildfire-dataset/the_wildfire_dataset_2n_version/train/nofire/vlad-hilitanu-xXpPNxoPTvI-unsplash.jpg,3925,2171,JPEG,RGB,2171
train,nofire,unsplash,vladimir-fedotov,vladimir-fedotov-aVUd4De7Ios-unsplash.jpg,/kaggle/input/datasets/elmadafri/the-wildfire-dataset/the_wildfire_dataset_2n_version/train/nofire/vladimir-fedotov-aVUd4De7Ios-unsplash.jpg,4016,6016,JPEG,RGB,4016
train,nofire,unsplash,vladimir-nordmann,vladimir-nordmann-g-t4ZsOPDEk-unsplash.jpg,/kaggle/input/datasets/elmadafri/the-wildfire-dataset/the_wildfire_dataset_2n_version/train/nofire/vladimir-nordmann-g-t4ZsOPDEk-unsplash.jpg,4000,3000,JPEG,RGB,3000
train,nofire,unsplash,vruyr-martirosyan,vruyr-martirosyan-MmO1AuKAk3c-unsplash.jpg,/kaggle/input/datasets/elmadafri/the-wildfire-dataset/the_wildfire_dataset_2n_version/train/nofire/vruyr-martirosyan-MmO1AuKAk3c-unsplash.jpg,3727,5590,JPEG,RGB,3727
train,nofire,unsplash,vyacheslav-shatskiy,vyacheslav-shatskiy-xTYsGKFPzxQ-unsplash.jpg,/kaggle/input/datasets/elmadafri/the-wildfire-dataset/the_wildfire_dataset_2n_version/train/nofire/vyacheslav-shatskiy-xTYsGKFPzxQ-unsplash.jpg,3689,2767,JPEG,RGB,2767
train,nofire,unsplash,wes-hicks,wes-hicks-G2W_8eagxNQ-unsplash.jpg,/kaggle/input/datasets/elmadafri/the-wildfire-dataset/the_wildfire_dataset_2n_version/train/nofire/wes-hicks-G2W_8eagxNQ-unsplash.jpg,4480,5600,JPEG,RGB,4480
train,nofire,unsplash,wes-hicks,wes-hicks-yzQonz7oSUI-unsplash.jpg,/kaggle/input/datasets/elmadafri/the-wildfire-dataset/the_wildfire_dataset_2n_version/train/nofire/wes-hicks-yzQonz7oSUI-unsplash.jpg,6720,4480,JPEG,RGB,4480
train,nofire,unsplash,white-rainforest,white-rainforest-lq_q5zABCaQ-unsplash.jpg,/kaggle/input/datasets/elmadafri/the-wildfire-dataset/the_wildfire_dataset_2n_version/train/nofire/white-rainforest-lq_q5zABCaQ-unsplash.jpg,7929,5289,JPEG,RGB,5289
train,nofire,unsplash,whosaynow-,whosaynow--YY2h-Wjv-0-unsplash.jpg,/kaggle/input/datasets/elmadafri/the-wildfire-dataset/the_wildfire_dataset_2n_version/train/nofire/whosaynow--YY2h-Wjv-0-unsplash.jpg,2605,4630,JPEG,RGB,2605
train,nofire,unsplash,will-suddreth,will-suddreth-mAgKLzhKIqs-unsplash.jpg,/kaggle/input/datasets/elmadafri/the-wildfire-dataset/the_wildfire_dataset_2n_version/train/nofire/will-suddreth-mAgKLzhKIqs-unsplash.jpg,3992,2992,JPEG,RGB,2992
train,nofire,unsplash,will-swann,will-swann-3VdXaG9lvqc-unsplash.jpg,/kaggle/input/datasets/elmadafri/the-wildfire-dataset/the_wildfire_dataset_2n_version/train/nofire/will-swann-3VdXaG9lvqc-unsplash.jpg,4000,6000,JPEG,RGB,4000
train,nofire,unsplash,will-swann,will-swann-Ajx7k476oW4-unsplash.jpg,/kaggle/input/datasets/elmadafri/the-wildfire-dataset/the_wildfire_dataset_2n_version/train/nofire/will-swann-Ajx7k476oW4-unsplash.jpg,6000,4000,JPEG,RGB,4000
train,nofire,unsplash,will-swann,will-swann-IyVfWEsb51E-unsplash.jpg,/kaggle/input/datasets/elmadafri/the-wildfire-dataset/the_wildfire_dataset_2n_version/train/nofire/will-swann-IyVfWEsb51E-unsplash.jpg,6000,4000,JPEG,RGB,4000
train,nofire,unsplash,will-swann,will-swann-feqjO8SWB6Y-unsplash.jpg,/kaggle/input/datasets/elmadafri/the-wildfire-dataset/the_wildfire_dataset_2n_version/train/nofire/will-swann-feqjO8SWB6Y-unsplash.jpg,3587,5380,JPEG,RGB,3587
train,nofire,unsplash,william-topa,william-topa-tIC1KjXpa58-unsplash.jpg,/kaggle/input/datasets/elmadafri/the-wildfire-dataset/the_wildfire_dataset_2n_version/train/nofire/william-topa-tIC1KjXpa58-unsplash.jpg,2213,3102,JPEG,RGB,2213
train,nofire,unsplash,willian-justen,willian-justen-de-vasconcellos-2UJDfClMpiA-unsplash.jpg,/kaggle/input/datasets/elmadafri/the-wildfire-dataset/the_wildfire_dataset_2n_version/train/nofire/willian-justen-de-vasconcellos-2UJDfClMpiA-unsplash.jpg,3992,2992,JPEG,RGB,2992
train,nofire,unsplash,willian-justen,willian-justen-de-vasconcellos-S8fNXJimqdU-unsplash.jpg,/kaggle/input/datasets/elmadafri/the-wildfire-dataset/the_wildfire_dataset_2n_version/train/nofire/willian-justen-de-vasconcellos-S8fNXJimqdU-unsplash.jpg,3992,2584,JPEG,RGB,2584
train,nofire,unsplash,wilson-chen,wilson-chen-NCpD5mHUVv8-unsplash.jpg,/kaggle/input/datasets/elmadafri/the-wildfire-dataset/the_wildfire_dataset_2n_version/train/nofire/wilson-chen-NCpD5mHUVv8-unsplash.jpg,3419,4274,JPEG,RGB,3419
train,nofire,unsplash,wolfgang-hasselmann,wolfgang-hasselmann-4CTVmBy0Lxc-unsplash.jpg,/kaggle/input/datasets/elmadafri/the-wildfire-dataset/the_wildfire_dataset_2n_version/train/nofire/wolfgang-hasselmann-4CTVmBy0Lxc-unsplash.jpg,6000,4000,JPEG,RGB,4000
train,nofire,unsplash,wolfgang-hasselmann,wolfgang-hasselmann-RSyKP8_cDAQ-unsplash.jpg,/kaggle/input/datasets/elmadafri/the-wildfire-dataset/the_wildfire_dataset_2n_version/train/nofire/wolfgang-hasselmann-RSyKP8_cDAQ-unsplash.jpg,4000,6000,JPEG,RGB,4000
train,nofire,unsplash,wolfgang-hasselmann,wolfgang-hasselmann-S0XT-3Wuzj8-unsplash.jpg,/kaggle/input/datasets/elmadafri/the-wildfire-dataset/the_wildfire_dataset_2n_version/train/nofire/wolfgang-hasselmann-S0XT-3Wuzj8-unsplash.jpg,5749,3832,JPEG,RGB,3832
train,nofire,unsplash,wolfgang-hasselmann,wolfgang-hasselmann-brmewoW0OcU-unsplash.jpg,/kaggle/input/datasets/elmadafri/the-wildfire-dataset/the_wildfire_dataset_2n_version/train/nofire/wolfgang-hasselmann-brmewoW0OcU-unsplash.jpg,6982,4655,JPEG,RGB,4655
train,nofire,unsplash,wynand-uys,wynand-uys-eexqLhY2vtE-unsplash.jpg,/kaggle/input/datasets/elmadafri/the-wildfire-dataset/the_wildfire_dataset_2n_version/train/nofire/wynand-uys-eexqLhY2vtE-unsplash.jpg,4961,3508,JPEG,RGB,3508
train,nofire,unsplash,yang-song,yang-song-5yuDv0hVlBk-unsplash.jpg,/kaggle/input/datasets/elmadafri/the-wildfire-dataset/the_wildfire_dataset_2n_version/train/nofire/yang-song-5yuDv0hVlBk-unsplash.jpg,5472,3648,JPEG,RGB,3648
train,nofire,unsplash,yang-song,yang-song-8zZCbPprSMk-unsplash.jpg,/kaggle/input/datasets/elmadafri/the-wildfire-dataset/the_wildfire_dataset_2n_version/train/nofire/yang-song-8zZCbPprSMk-unsplash.jpg,5472,3648,JPEG,RGB,3648
train,nofire,unsplash,yang-song,yang-song-QfoS3mD5wDw-unsplash.jpg,/kaggle/input/datasets/elmadafri/the-wildfire-dataset/the_wildfire_dataset_2n_version/train/nofire/yang-song-QfoS3mD5wDw-unsplash.jpg,5472,3648,JPEG,RGB,3648
train,nofire,unsplash,yang-song,yang-song-Z2h_-PL8Rr0-unsplash.jpg,/kaggle/input/datasets/elmadafri/the-wildfire-dataset/the_wildfire_dataset_2n_version/train/nofire/yang-song-Z2h_-PL8Rr0-unsplash.jpg,5472,3648,JPEG,RGB,3648
train,nofire,unsplash,yang-song,yang-song-ol6AnELgDy0-unsplash.jpg,/kaggle/input/datasets/elmadafri/the-wildfire-dataset/the_wildfire_dataset_2n_version/train/nofire/yang-song-ol6AnELgDy0-unsplash.jpg,5472,3648,JPEG,RGB,3648
train,nofire,unsplash,yann-allegre,yann-allegre-8EZPQcyDKUA-unsplash.jpg,/kaggle/input/datasets/elmadafri/the-wildfire-dataset/the_wildfire_dataset_2n_version/train/nofire/yann-allegre-8EZPQcyDKUA-unsplash.jpg,3970,5955,JPEG,RGB,3970
train,nofire,unsplash,yann-allegre,yann-allegre-96moO4t_E1Y-unsplash.jpg,/kaggle/input/datasets/elmadafri/the-wildfire-dataset/the_wildfire_dataset_2n_version/train/nofire/yann-allegre-96moO4t_E1Y-unsplash.jpg,5946,3964,JPEG,RGB,3964
train,nofire,unsplash,yann-allegre,yann-allegre-szKi9UH_RGI-unsplash.jpg,/kaggle/input/datasets/elmadafri/the-wildfire-dataset/the_wildfire_dataset_2n_version/train/nofire/yann-allegre-szKi9UH_RGI-unsplash.jpg,4112,5916,JPEG,RGB,4112
train,nofire,unsplash,yannes-kiefer,yannes-kiefer-tUigI-EE8_s-unsplash.jpg,/kaggle/input/datasets/elmadafri/the-wildfire-dataset/the_wildfire_dataset_2n_version/train/nofire/yannes-kiefer-tUigI-EE8_s-unsplash.jpg,4182,2788,JPEG,RGB,2788
train,nofire,unsplash,yannick-pulver,yannick-pulver-5i664o1oY4c-unsplash.jpg,/kaggle/input/datasets/elmadafri/the-wildfire-dataset/the_wildfire_dataset_2n_version/train/nofire/yannick-pulver-5i664o1oY4c-unsplash.jpg,4749,3166,JPEG,RGB,3166
train,nofire,unsplash,yannik-zimmermann,yannik-zimmermann-YbRlJPaa3xA-unsplash.jpg,/kaggle/input/datasets/elmadafri/the-wildfire-dataset/the_wildfire_dataset_2n_version/train/nofire/yannik-zimmermann-YbRlJPaa3xA-unsplash.jpg,3992,2246,JPEG,RGB,2246
train,nofire,unsplash,yasmine-arfaoui,yasmine-arfaoui-lxpnFyKaNg4-unsplash.jpg,/kaggle/input/datasets/elmadafri/the-wildfire-dataset/the_wildfire_dataset_2n_version/train/nofire/yasmine-arfaoui-lxpnFyKaNg4-unsplash.jpg,4496,3000,JPEG,RGB,3000
train,nofire,unsplash,yasmine-arfaoui,yasmine-arfaoui-uTnPkp3TJos-unsplash.jpg,/kaggle/input/datasets/elmadafri/the-wildfire-dataset/the_wildfire_dataset_2n_version/train/nofire/yasmine-arfaoui-uTnPkp3TJos-unsplash.jpg,4496,3000,JPEG,RGB,3000
train,nofire,unsplash,yi-liu,yi-liu-p1oArzgeKm0-unsplash.jpg,/kaggle/input/datasets/elmadafri/the-wildfire-dataset/the_wildfire_dataset_2n_version/train/nofire/yi-liu-p1oArzgeKm0-unsplash.jpg,5472,3078,JPEG,RGB,3078
train,nofire,unsplash,yin-yin,yin-yin-low-mn_-rlTJc7w-unsplash.jpg,/kaggle/input/datasets/elmadafri/the-wildfire-dataset/the_wildfire_dataset_2n_version/train/nofire/yin-yin-low-mn_-rlTJc7w-unsplash.jpg,4000,6000,JPEG,RGB,4000
train,nofire,unsplash,yuriy-kleymenov,yuriy-kleymenov-8FWXLFfmsv8-unsplash.jpg,/kaggle/input/datasets/elmadafri/the-wildfire-dataset/the_wildfire_dataset_2n_version/train/nofire/yuriy-kleymenov-8FWXLFfmsv8-unsplash.jpg,3561,2384,JPEG,RGB,2384
train,nofire,unsplash,zac-edmonds,zac-edmonds-hKUGBLsdpI8-unsplash.jpg,/kaggle/input/datasets/elmadafri/the-wildfire-dataset/the_wildfire_dataset_2n_version/train/nofire/zac-edmonds-hKUGBLsdpI8-unsplash.jpg,3926,2941,JPEG,RGB,2941
train,nofire,unsplash,zach-camp,zach-camp-UYPqvCvyTNM-unsplash.jpg,/kaggle/input/datasets/elmadafri/the-wildfire-dataset/the_wildfire_dataset_2n_version/train/nofire/zach-camp-UYPqvCvyTNM-unsplash.jpg,4480,6720,JPEG,RGB,4480
train,nofire,unsplash,zach-lezniewicz,zach-lezniewicz-BKun7g77_QI-unsplash.jpg,/kaggle/input/datasets/elmadafri/the-wildfire-dataset/the_wildfire_dataset_2n_version/train/nofire/zach-lezniewicz-BKun7g77_QI-unsplash.jpg,2592,3888,JPEG,RGB,2592
train,nofire,unsplash,zach-taiji,zach-taiji-hfKuW9ql9HM-unsplash.jpg,/kaggle/input/datasets/elmadafri/the-wildfire-dataset/the_wildfire_dataset_2n_version/train/nofire/zach-taiji-hfKuW9ql9HM-unsplash.jpg,4358,2883,JPEG,RGB,2883
train,nofire,unsplash,zetong-li,zetong-li-8DILjg7UIME-unsplash.jpg,/kaggle/input/datasets/elmadafri/the-wildfire-dataset/the_wildfire_dataset_2n_version/train/nofire/zetong-li-8DILjg7UIME-unsplash.jpg,4024,5365,JPEG,RGB,4024
train,nofire,unsplash,zetong-li,zetong-li-dLHPiKrkw1Q-unsplash.jpg,/kaggle/input/datasets/elmadafri/the-wildfire-dataset/the_wildfire_dataset_2n_version/train/nofire/zetong-li-dLHPiKrkw1Q-unsplash.jpg,6048,4024,JPEG,RGB,4024
train,nofire,unsplash,zetong-li,zetong-li-eDFJt7M-1Ww-unsplash.jpg,/kaggle/input/datasets/elmadafri/the-wildfire-dataset/the_wildfire_dataset_2n_version/train/nofire/zetong-li-eDFJt7M-1Ww-unsplash.jpg,5456,8200,JPEG,RGB,5456
train,nofire,unsplash,zetong-li,zetong-li-o0aRmm57u6s-unsplash.jpg,/kaggle/input/datasets/elmadafri/the-wildfire-dataset/the_wildfire_dataset_2n_version/train/nofire/zetong-li-o0aRmm57u6s-unsplash.jpg,6048,4024,JPEG,RGB,4024
train,nofire,unsplash,zhidong-cao,zhidong-cao-HNh1W_GDruA-unsplash.jpg,/kaggle/input/datasets/elmadafri/the-wildfire-dataset/the_wildfire_dataset_2n_version/train/nofire/zhidong-cao-HNh1W_GDruA-unsplash.jpg,4032,3024,JPEG,RGB,3024
train,nofire,unsplash,zhihao-ge,zhihao-ge-xyzLxDG5elM-unsplash.jpg,/kaggle/input/datasets/elmadafri/the-wildfire-dataset/the_wildfire_dataset_2n_version/train/nofire/zhihao-ge-xyzLxDG5elM-unsplash.jpg,4000,6000,JPEG,RGB,4000
train,nofire,unsplash,zhuo-zhang,zhuo-zhang-syzAO3dxJnA-unsplash.jpg,/kaggle/input/datasets/elmadafri/the-wildfire-dataset/the_wildfire_dataset_2n_version/train/nofire/zhuo-zhang-syzAO3dxJnA-unsplash.jpg,6000,4000,JPEG,RGB,4000
val,fire,flickr,18763523793,18763523793_d0339aed90_o.jpg,/kaggle/input/datasets/elmadafri/the-wildfire-dataset/the_wildfire_dataset_2n_version/val/fire/18763523793_d0339aed90_o.jpg,5184,3456,JPEG,RGB,3456
val,fire,flickr,20680295374,20680295374_7af01a40b6_o.jpg,/kaggle/input/datasets/elmadafri/the-wildfire-dataset/the_wildfire_dataset_2n_version/val/fire/20680295374_7af01a40b6_o.jpg,4128,2322,JPEG,RGB,2322
val,fire,flickr,21195748828,21195748828_52755e4eb7_o.jpg,/kaggle/input/datasets/elmadafri/the-wildfire-dataset/the_wildfire_dataset_2n_version/val/fire/21195748828_52755e4eb7_o.jpg,5683,3789,JPEG,RGB,3789
val,fire,flickr,23850021011,23850021011_1c39edaffb_o.jpg,/kaggle/input/datasets/elmadafri/the-wildfire-dataset/the_wildfire_dataset_2n_version/val/fire/23850021011_1c39edaffb_o.jpg,2000,1333,JPEG,RGB,1333
val,fire,flickr,26131738158,26131738158_9595576836_o.jpg,/kaggle/input/datasets/elmadafri/the-wildfire-dataset/the_wildfire_dataset_2n_version/val/fire/26131738158_9595576836_o.jpg,3200,2031,JPEG,RGB,2031
val,fire,flickr,27357310139,27357310139_1aa286af73_o.jpg,/kaggle/input/datasets/elmadafri/the-wildfire-dataset/the_wildfire_dataset_2n_version/val/fire/27357310139_1aa286af73_o.jpg,5472,3648,JPEG,RGB,3648
val,fire,flickr,27951228333,27951228333_d195406d98_o.jpg,/kaggle/input/datasets/elmadafri/the-wildfire-dataset/the_wildfire_dataset_2n_version/val/fire/27951228333_d195406d98_o.jpg,739,1101,JPEG,RGB,739
val,fire,flickr,27951228903,27951228903_df9a031148_o.jpg,/kaggle/input/datasets/elmadafri/the-wildfire-dataset/the_wildfire_dataset_2n_version/val/fire/27951228903_df9a031148_o.jpg,4752,3168,JPEG,RGB,3168
val,fire,flickr,27968020276,27968020276_915a11d5ef_o.jpg,/kaggle/input/datasets/elmadafri/the-wildfire-dataset/the_wildfire_dataset_2n_version/val/fire/27968020276_915a11d5ef_o.jpg,1008,672,JPEG,RGB,672
val,fire,flickr,28244826524,28244826524_f2f1909211_o.jpg,/kaggle/input/datasets/elmadafri/the-wildfire-dataset/the_wildfire_dataset_2n_version/val/fire/28244826524_f2f1909211_o.jpg,3264,1836,JPEG,RGB,1836
val,fire,flickr,28431975097,28431975097_210058802f_o.jpg,/kaggle/input/datasets/elmadafri/the-wildfire-dataset/the_wildfire_dataset_2n_version/val/fire/28431975097_210058802f_o.jpg,3648,5472,JPEG,RGB,3648
val,fire,flickr,28650836400,28650836400_8fd7854e19_o.jpg,/kaggle/input/datasets/elmadafri/the-wildfire-dataset/the_wildfire_dataset_2n_version/val/fire/28650836400_8fd7854e19_o.jpg,1080,741,JPEG,RGB,741
val,fire,flickr,28771750323,28771750323_d002dec112_o.jpg,/kaggle/input/datasets/elmadafri/the-wildfire-dataset/the_wildfire_dataset_2n_version/val/fire/28771750323_d002dec112_o.jpg,19699,3161,JPEG,RGB,3161
val,fire,flickr,28786223031,28786223031_f480e91d11_o.jpg,/kaggle/input/datasets/elmadafri/the-wildfire-dataset/the_wildfire_dataset_2n_version/val/fire/28786223031_f480e91d11_o.jpg,3264,1836,JPEG,RGB,1836
val,fire,flickr,28869050520,28869050520_4f6649de0a_o.jpg,/kaggle/input/datasets/elmadafri/the-wildfire-dataset/the_wildfire_dataset_2n_version/val/fire/28869050520_4f6649de0a_o.jpg,3000,2250,JPEG,RGB,2250
val,fire,flickr,29045955545,29045955545_4cbe9bf50d_o.jpg,/kaggle/input/datasets/elmadafri/the-wildfire-dataset/the_wildfire_dataset_2n_version/val/fire/29045955545_4cbe9bf50d_o.jpg,5482,2372,JPEG,RGB,2372
val,fire,flickr,29082529537,29082529537_76a8cbfeb9_o.jpg,/kaggle/input/datasets/elmadafri/the-wildfire-dataset/the_wildfire_dataset_2n_version/val/fire/29082529537_76a8cbfeb9_o.jpg,6720,4480,JPEG,RGB,4480
val,fire,flickr,29123278686,29123278686_3794e7918b_o.jpg,/kaggle/input/datasets/elmadafri/the-wildfire-dataset/the_wildfire_dataset_2n_version/val/fire/29123278686_3794e7918b_o.jpg,3264,2448,JPEG,RGB,2448
val,fire,flickr,29156511585,29156511585_e3cd72c63a_o.jpg,/kaggle/input/datasets/elmadafri/the-wildfire-dataset/the_wildfire_dataset_2n_version/val/fire/29156511585_e3cd72c63a_o.jpg,720,1080,JPEG,RGB,720
val,fire,flickr,29484713852,29484713852_668e6a6068_o.jpg,/kaggle/input/datasets/elmadafri/the-wildfire-dataset/the_wildfire_dataset_2n_version/val/fire/29484713852_668e6a6068_o.jpg,5760,3840,JPEG,RGB,3840
val,fire,flickr,29594596895,29594596895_8d542ee28d_o.jpg,/kaggle/input/datasets/elmadafri/the-wildfire-dataset/the_wildfire_dataset_2n_version/val/fire/29594596895_8d542ee28d_o.jpg,5342,3561,JPEG,RGB,3561
val,fire,flickr,29738311161,29738311161_c22e3fd128_o.jpg,/kaggle/input/datasets/elmadafri/the-wildfire-dataset/the_wildfire_dataset_2n_version/val/fire/29738311161_c22e3fd128_o.jpg,3264,2448,JPEG,RGB,2448
val,fire,flickr,30146884408,30146884408_10b26512a0_o.jpg,/kaggle/input/datasets/elmadafri/the-wildfire-dataset/the_wildfire_dataset_2n_version/val/fire/30146884408_10b26512a0_o.jpg,4160,6240,JPEG,RGB,4160
val,fire,flickr,32923777403,32923777403_47a764ebc4_o.jpg,/kaggle/input/datasets/elmadafri/the-wildfire-dataset/the_wildfire_dataset_2n_version/val/fire/32923777403_47a764ebc4_o.jpg,4272,2848,JPEG,RGB,2848
val,fire,flickr,33154271822,33154271822_acbe8476ac_o.jpg,/kaggle/input/datasets/elmadafri/the-wildfire-dataset/the_wildfire_dataset_2n_version/val/fire/33154271822_acbe8476ac_o.jpg,480,640,JPEG,RGB,480
val,fire,flickr,33607854041,33607854041_a4e27ee5e2_o.jpg,/kaggle/input/datasets/elmadafri/the-wildfire-dataset/the_wildfire_dataset_2n_version/val/fire/33607854041_a4e27ee5e2_o.jpg,4272,2848,JPEG,RGB,2848
val,fire,flickr,33737011085,33737011085_d882834aec_o.jpg,/kaggle/input/datasets/elmadafri/the-wildfire-dataset/the_wildfire_dataset_2n_version/val/fire/33737011085_d882834aec_o.jpg,4272,2848,JPEG,RGB,2848
val,fire,flickr,33829424831,33829424831_730239b215_o.jpg,/kaggle/input/datasets/elmadafri/the-wildfire-dataset/the_wildfire_dataset_2n_version/val/fire/33829424831_730239b215_o.jpg,720,400,JPEG,RGB,400
val,fire,flickr,34025004042,34025004042_0c4322144d_o.jpg,/kaggle/input/datasets/elmadafri/the-wildfire-dataset/the_wildfire_dataset_2n_version/val/fire/34025004042_0c4322144d_o.jpg,3024,4032,JPEG,RGB,3024
val,fire,flickr,34182403045,34182403045_1f2d6e969e_o.jpg,/kaggle/input/datasets/elmadafri/the-wildfire-dataset/the_wildfire_dataset_2n_version/val/fire/34182403045_1f2d6e969e_o.jpg,2660,1133,JPEG,RGB,1133
val,fire,flickr,34182403805,34182403805_077d30ccce_o.jpg,/kaggle/input/datasets/elmadafri/the-wildfire-dataset/the_wildfire_dataset_2n_version/val/fire/34182403805_077d30ccce_o.jpg,1196,1595,JPEG,RGB,1196
val,fire,flickr,34549848670,34549848670_edabcdedc0_o.jpg,/kaggle/input/datasets/elmadafri/the-wildfire-dataset/the_wildfire_dataset_2n_version/val/fire/34549848670_edabcdedc0_o.jpg,4032,3024,JPEG,RGB,3024
val,fire,flickr,34791620602,34791620602_755b61ce4e_o.jpg,/kaggle/input/datasets/elmadafri/the-wildfire-dataset/the_wildfire_dataset_2n_version/val/fire/34791620602_755b61ce4e_o.jpg,2048,1536,JPEG,RGB,1536
val,fire,flickr,34988213313,34988213313_a37f44c515_o.jpg,/kaggle/input/datasets/elmadafri/the-wildfire-dataset/the_wildfire_dataset_2n_version/val/fire/34988213313_a37f44c515_o.jpg,640,480,JPEG,RGB,480
val,fire,flickr,35531866243,35531866243_e850450442_o.jpg,/kaggle/input/datasets/elmadafri/the-wildfire-dataset/the_wildfire_dataset_2n_version/val/fire/35531866243_e850450442_o.jpg,5360,3584,JPEG,RGB,3584
val,fire,flickr,35531876743,35531876743_9c1021daa1_o.jpg,/kaggle/input/datasets/elmadafri/the-wildfire-dataset/the_wildfire_dataset_2n_version/val/fire/35531876743_9c1021daa1_o.jpg,5364,3580,JPEG,RGB,3580
val,fire,flickr,35531877963,35531877963_e66be9d474_o.jpg,/kaggle/input/datasets/elmadafri/the-wildfire-dataset/the_wildfire_dataset_2n_version/val/fire/35531877963_e66be9d474_o.jpg,5360,3588,JPEG,RGB,3588
val,fire,flickr,35531883543,35531883543_92244425d5_o.jpg,/kaggle/input/datasets/elmadafri/the-wildfire-dataset/the_wildfire_dataset_2n_version/val/fire/35531883543_92244425d5_o.jpg,5352,3572,JPEG,RGB,3572
val,fire,flickr,35758154266,35758154266_3dd36daefb_o.jpg,/kaggle/input/datasets/elmadafri/the-wildfire-dataset/the_wildfire_dataset_2n_version/val/fire/35758154266_3dd36daefb_o.jpg,4000,3000,MPO,RGB,3000
val,fire,flickr,35799377385,35799377385_0047a735f9_o.jpg,/kaggle/input/datasets/elmadafri/the-wildfire-dataset/the_wildfire_dataset_2n_version/val/fire/35799377385_0047a735f9_o.jpg,640,480,JPEG,RGB,480
val,fire,flickr,35943844810,35943844810_b5cec4fa84_o.jpg,/kaggle/input/datasets/elmadafri/the-wildfire-dataset/the_wildfire_dataset_2n_version/val/fire/35943844810_b5cec4fa84_o.jpg,5364,3584,JPEG,RGB,3584
val,fire,flickr,35944034580,35944034580_05a1fdde39_o.jpg,/kaggle/input/datasets/elmadafri/the-wildfire-dataset/the_wildfire_dataset_2n_version/val/fire/35944034580_05a1fdde39_o.jpg,5364,3584,JPEG,RGB,3584
val,fire,flickr,36171931372,36171931372_8f5deb26bb_o.jpg,/kaggle/input/datasets/elmadafri/the-wildfire-dataset/the_wildfire_dataset_2n_version/val/fire/36171931372_8f5deb26bb_o.jpg,5352,3580,JPEG,RGB,3580
val,fire,flickr,36171953672,36171953672_0761109838_o.jpg,/kaggle/input/datasets/elmadafri/the-wildfire-dataset/the_wildfire_dataset_2n_version/val/fire/36171953672_0761109838_o.jpg,5360,3584,JPEG,RGB,3584
val,fire,flickr,36204006131,36204006131_b30b633537_o.jpg,/kaggle/input/datasets/elmadafri/the-wildfire-dataset/the_wildfire_dataset_2n_version/val/fire/36204006131_b30b633537_o.jpg,5360,3588,JPEG,RGB,3588
val,fire,flickr,36204018321,36204018321_613b22ee38_o.jpg,/kaggle/input/datasets/elmadafri/the-wildfire-dataset/the_wildfire_dataset_2n_version/val/fire/36204018321_613b22ee38_o.jpg,5360,3584,JPEG,RGB,3584
val,fire,flickr,36296149066,36296149066_8c2669234e_o.jpg,/kaggle/input/datasets/elmadafri/the-wildfire-dataset/the_wildfire_dataset_2n_version/val/fire/36296149066_8c2669234e_o.jpg,3584,5360,JPEG,RGB,3584
val,fire,flickr,36340632405,36340632405_e86618c319_o.jpg,/kaggle/input/datasets/elmadafri/the-wildfire-dataset/the_wildfire_dataset_2n_version/val/fire/36340632405_e86618c319_o.jpg,5360,3588,JPEG,RGB,3588
val,fire,flickr,36340902915,36340902915_e6f70366c0_o.jpg,/kaggle/input/datasets/elmadafri/the-wildfire-dataset/the_wildfire_dataset_2n_version/val/fire/36340902915_e6f70366c0_o.jpg,5340,3568,JPEG,RGB,3568
val,fire,flickr,36702521473,36702521473_7dcc998a5b_o.jpg,/kaggle/input/datasets/elmadafri/the-wildfire-dataset/the_wildfire_dataset_2n_version/val/fire/36702521473_7dcc998a5b_o.jpg,620,465,JPEG,RGB,465
val,fire,flickr,36702523023,36702523023_6014851db0_o.jpg,/kaggle/input/datasets/elmadafri/the-wildfire-dataset/the_wildfire_dataset_2n_version/val/fire/36702523023_6014851db0_o.jpg,1289,1078,JPEG,RGB,1078
val,fire,flickr,36870207113,36870207113_dcafb4635e_o.jpg,/kaggle/input/datasets/elmadafri/the-wildfire-dataset/the_wildfire_dataset_2n_version/val/fire/36870207113_dcafb4635e_o.jpg,6000,3828,JPEG,RGB,3828
val,fire,flickr,37116028300,37116028300_a31f3f47b9_o.jpg,/kaggle/input/datasets/elmadafri/the-wildfire-dataset/the_wildfire_dataset_2n_version/val/fire/37116028300_a31f3f47b9_o.jpg,2048,1536,JPEG,RGB,1536
val,fire,flickr,37239486210,37239486210_bd95da0d3a_o.jpg,/kaggle/input/datasets/elmadafri/the-wildfire-dataset/the_wildfire_dataset_2n_version/val/fire/37239486210_bd95da0d3a_o.jpg,2250,3000,JPEG,RGB,2250
val,fire,flickr,37342493112,37342493112_344558db60_o.jpg,/kaggle/input/datasets/elmadafri/the-wildfire-dataset/the_wildfire_dataset_2n_version/val/fire/37342493112_344558db60_o.jpg,3264,2448,JPEG,RGB,2448
val,fire,flickr,37372307341,37372307341_5be19a7d42_o.jpg,/kaggle/input/datasets/elmadafri/the-wildfire-dataset/the_wildfire_dataset_2n_version/val/fire/37372307341_5be19a7d42_o.jpg,3264,2448,JPEG,RGB,2448
val,fire,flickr,40001728314,40001728314_0c311f5452_o.jpg,/kaggle/input/datasets/elmadafri/the-wildfire-dataset/the_wildfire_dataset_2n_version/val/fire/40001728314_0c311f5452_o.jpg,2048,1536,JPEG,RGB,1536
val,fire,flickr,40960262965,40960262965_6cb26d3f45_o.jpg,/kaggle/input/datasets/elmadafri/the-wildfire-dataset/the_wildfire_dataset_2n_version/val/fire/40960262965_6cb26d3f45_o.jpg,6016,4000,MPO,RGB,4000
val,fire,flickr,41491612300,41491612300_aa77063421_o.jpg,/kaggle/input/datasets/elmadafri/the-wildfire-dataset/the_wildfire_dataset_2n_version/val/fire/41491612300_aa77063421_o.jpg,3648,5472,JPEG,RGB,3648
val,fire,flickr,42499573694,42499573694_502b93b6b1_o.jpg,/kaggle/input/datasets/elmadafri/the-wildfire-dataset/the_wildfire_dataset_2n_version/val/fire/42499573694_502b93b6b1_o.jpg,652,367,JPEG,RGB,367
val,fire,flickr,42501440020,42501440020_3902ae82f3_o.jpg,/kaggle/input/datasets/elmadafri/the-wildfire-dataset/the_wildfire_dataset_2n_version/val/fire/42501440020_3902ae82f3_o.jpg,6699,4466,JPEG,RGB,4466
val,fire,flickr,43251226872,43251226872_38a5ef9ddc_o.jpg,/kaggle/input/datasets/elmadafri/the-wildfire-dataset/the_wildfire_dataset_2n_version/val/fire/43251226872_38a5ef9ddc_o.jpg,5184,3456,JPEG,RGB,3456
val,fire,flickr,43251641422,43251641422_2302157036_o.jpg,/kaggle/input/datasets/elmadafri/the-wildfire-dataset/the_wildfire_dataset_2n_version/val/fire/43251641422_2302157036_o.jpg,5472,3648,JPEG,RGB,3648
val,fire,flickr,44019993861,44019993861_da947700c1_o.jpg,/kaggle/input/datasets/elmadafri/the-wildfire-dataset/the_wildfire_dataset_2n_version/val/fire/44019993861_da947700c1_o.jpg,4390,6585,JPEG,RGB,4390
val,fire,flickr,44157780801,44157780801_75cfd1055d_o.jpg,/kaggle/input/datasets/elmadafri/the-wildfire-dataset/the_wildfire_dataset_2n_version/val/fire/44157780801_75cfd1055d_o.jpg,4240,2832,JPEG,RGB,2832
val,fire,flickr,44629828412,44629828412_0857dfe2f3_o.jpg,/kaggle/input/datasets/elmadafri/the-wildfire-dataset/the_wildfire_dataset_2n_version/val/fire/44629828412_0857dfe2f3_o.jpg,6240,4160,JPEG,RGB,4160
val,fire,flickr,44918084214,44918084214_6d2dbae389_o.jpg,/kaggle/input/datasets/elmadafri/the-wildfire-dataset/the_wildfire_dataset_2n_version/val/fire/44918084214_6d2dbae389_o.jpg,6000,3376,JPEG,RGB,3376
val,fire,flickr,45016005432,45016005432_b404433887_o.jpg,/kaggle/input/datasets/elmadafri/the-wildfire-dataset/the_wildfire_dataset_2n_version/val/fire/45016005432_b404433887_o.jpg,2048,1536,JPEG,RGB,1536
val,fire,flickr,45059105205,45059105205_40a0bcda37_o.jpg,/kaggle/input/datasets/elmadafri/the-wildfire-dataset/the_wildfire_dataset_2n_version/val/fire/45059105205_40a0bcda37_o.jpg,4718,3145,JPEG,RGB,3145
val,fire,flickr,45923178512,45923178512_84cdc058d5_o.jpg,/kaggle/input/datasets/elmadafri/the-wildfire-dataset/the_wildfire_dataset_2n_version/val/fire/45923178512_84cdc058d5_o.jpg,5322,3554,JPEG,RGB,3554
val,fire,flickr,46038334295,46038334295_6b53b5198e_o.jpg,/kaggle/input/datasets/elmadafri/the-wildfire-dataset/the_wildfire_dataset_2n_version/val/fire/46038334295_6b53b5198e_o.jpg,4160,6240,JPEG,RGB,4160
val,fire,flickr,48531300051,48531300051_f51458c359_o.jpg,/kaggle/input/datasets/elmadafri/the-wildfire-dataset/the_wildfire_dataset_2n_version/val/fire/48531300051_f51458c359_o.jpg,4272,2848,JPEG,RGB,2848
val,fire,flickr,49895176857,49895176857_7a63e63e0c_o.jpg,/kaggle/input/datasets/elmadafri/the-wildfire-dataset/the_wildfire_dataset_2n_version/val/fire/49895176857_7a63e63e0c_o.jpg,6310,3904,JPEG,RGB,3904
val,fire,flickr,50163832927,50163832927_930c00e6f3_o.jpg,/kaggle/input/datasets/elmadafri/the-wildfire-dataset/the_wildfire_dataset_2n_version/val/fire/50163832927_930c00e6f3_o.jpg,3225,2419,JPEG,RGB,2419
val,fire,flickr,50185290946,50185290946_b31b086262_o.jpg,/kaggle/input/datasets/elmadafri/the-wildfire-dataset/the_wildfire_dataset_2n_version/val/fire/50185290946_b31b086262_o.jpg,2048,1367,JPEG,RGB,1367
val,fire,flickr,50230071932,50230071932_71e567c7de_o.jpg,/kaggle/input/datasets/elmadafri/the-wildfire-dataset/the_wildfire_dataset_2n_version/val/fire/50230071932_71e567c7de_o.jpg,2500,3248,JPEG,RGB,2500
val,fire,flickr,50240969486,50240969486_68848f66e4_o.jpg,/kaggle/input/datasets/elmadafri/the-wildfire-dataset/the_wildfire_dataset_2n_version/val/fire/50240969486_68848f66e4_o.jpg,1616,1080,JPEG,RGB,1080
val,fire,flickr,50246462557,50246462557_3f08d50cfd_o.jpg,/kaggle/input/datasets/elmadafri/the-wildfire-dataset/the_wildfire_dataset_2n_version/val/fire/50246462557_3f08d50cfd_o.jpg,4032,3024,JPEG,RGB,3024
val,fire,flickr,50275567657,50275567657_d37d058420_o.jpg,/kaggle/input/datasets/elmadafri/the-wildfire-dataset/the_wildfire_dataset_2n_version/val/fire/50275567657_d37d058420_o.jpg,4032,3024,JPEG,RGB,3024
val,fire,flickr,50295006206,50295006206_a6250175c7_o.jpg,/kaggle/input/datasets/elmadafri/the-wildfire-dataset/the_wildfire_dataset_2n_version/val/fire/50295006206_a6250175c7_o.jpg,6000,4000,JPEG,RGB,4000
val,fire,flickr,50295162522,50295162522_e4539874a4_o.jpg,/kaggle/input/datasets/elmadafri/the-wildfire-dataset/the_wildfire_dataset_2n_version/val/fire/50295162522_e4539874a4_o.jpg,6000,4000,JPEG,RGB,4000
val,fire,flickr,50320255108,50320255108_cb3c32f87c_o.jpg,/kaggle/input/datasets/elmadafri/the-wildfire-dataset/the_wildfire_dataset_2n_version/val/fire/50320255108_cb3c32f87c_o.jpg,6077,4051,JPEG,RGB,4051
val,fire,flickr,50323627386,50323627386_af76996942_o.jpg,/kaggle/input/datasets/elmadafri/the-wildfire-dataset/the_wildfire_dataset_2n_version/val/fire/50323627386_af76996942_o.jpg,1200,900,JPEG,RGB,900
val,fire,flickr,50323805432,50323805432_46208bd7a1_o.jpg,/kaggle/input/datasets/elmadafri/the-wildfire-dataset/the_wildfire_dataset_2n_version/val/fire/50323805432_46208bd7a1_o.jpg,3264,2448,JPEG,RGB,2448
val,fire,flickr,50379891208,50379891208_380548b16f_o.jpg,/kaggle/input/datasets/elmadafri/the-wildfire-dataset/the_wildfire_dataset_2n_version/val/fire/50379891208_380548b16f_o.jpg,4032,2268,JPEG,RGB,2268
val,fire,flickr,50380768992,50380768992_7f5ef90a0c_o.jpg,/kaggle/input/datasets/elmadafri/the-wildfire-dataset/the_wildfire_dataset_2n_version/val/fire/50380768992_7f5ef90a0c_o.jpg,4032,2268,JPEG,RGB,2268
val,fire,flickr,50380847122,50380847122_63f8f557d4_o.jpg,/kaggle/input/datasets/elmadafri/the-wildfire-dataset/the_wildfire_dataset_2n_version/val/fire/50380847122_63f8f557d4_o.jpg,480,360,JPEG,RGB,360
val,fire,flickr,50408551433,50408551433_4d1b52293d_o.jpg,/kaggle/input/datasets/elmadafri/the-wildfire-dataset/the_wildfire_dataset_2n_version/val/fire/50408551433_4d1b52293d_o.jpg,2016,954,JPEG,RGB,954
val,fire,flickr,50747827342,50747827342_6e6ccbcda6_o.jpg,/kaggle/input/datasets/elmadafri/the-wildfire-dataset/the_wildfire_dataset_2n_version/val/fire/50747827342_6e6ccbcda6_o.jpg,4032,3024,JPEG,RGB,3024
val,fire,flickr,51192742966,51192742966_2479c412ab_o.jpg,/kaggle/input/datasets/elmadafri/the-wildfire-dataset/the_wildfire_dataset_2n_version/val/fire/51192742966_2479c412ab_o.jpg,8256,5504,JPEG,RGB,5504
val,fire,flickr,51192954143,51192954143_69e5e8f03f_o.jpg,/kaggle/input/datasets/elmadafri/the-wildfire-dataset/the_wildfire_dataset_2n_version/val/fire/51192954143_69e5e8f03f_o.jpg,8256,5504,JPEG,RGB,5504
val,fire,flickr,51235316715,51235316715_548a38edb1_o.jpg,/kaggle/input/datasets/elmadafri/the-wildfire-dataset/the_wildfire_dataset_2n_version/val/fire/51235316715_548a38edb1_o.jpg,3494,3013,JPEG,RGB,3013
val,fire,flickr,51353452644,51353452644_edfda661c6_o.jpg,/kaggle/input/datasets/elmadafri/the-wildfire-dataset/the_wildfire_dataset_2n_version/val/fire/51353452644_edfda661c6_o.jpg,720,960,JPEG,RGB,720
val,fire,flickr,51685361523,51685361523_6215c6cded_o.jpg,/kaggle/input/datasets/elmadafri/the-wildfire-dataset/the_wildfire_dataset_2n_version/val/fire/51685361523_6215c6cded_o.jpg,4608,2592,JPEG,RGB,2592
val,fire,flickr,51685794509,51685794509_88fb89007a_o.jpg,/kaggle/input/datasets/elmadafri/the-wildfire-dataset/the_wildfire_dataset_2n_version/val/fire/51685794509_88fb89007a_o.jpg,2100,1350,JPEG,RGB,1350
val,fire,flickr,51785682356,51785682356_915e39aa55_o.jpg,/kaggle/input/datasets/elmadafri/the-wildfire-dataset/the_wildfire_dataset_2n_version/val/fire/51785682356_915e39aa55_o.jpg,6000,4000,JPEG,RGB,4000
val,fire,flickr,51786302099,51786302099_fd798c493c_o.jpg,/kaggle/input/datasets/elmadafri/the-wildfire-dataset/the_wildfire_dataset_2n_version/val/fire/51786302099_fd798c493c_o.jpg,4032,3024,JPEG,RGB,3024
val,fire,flickr,51882466649,51882466649_9e4967621c_o.jpg,/kaggle/input/datasets/elmadafri/the-wildfire-dataset/the_wildfire_dataset_2n_version/val/fire/51882466649_9e4967621c_o.jpg,5184,3456,JPEG,RGB,3456
val,fire,flickr,52000864706,52000864706_bc5eca4fb3_o.jpg,/kaggle/input/datasets/elmadafri/the-wildfire-dataset/the_wildfire_dataset_2n_version/val/fire/52000864706_bc5eca4fb3_o.jpg,1000,667,JPEG,RGB,667
val,fire,flickr,52020776860,52020776860_b4a4b0341e_o.jpg,/kaggle/input/datasets/elmadafri/the-wildfire-dataset/the_wildfire_dataset_2n_version/val/fire/52020776860_b4a4b0341e_o.jpg,800,600,JPEG,RGB,600
val,fire,flickr,52021778036,52021778036_4bfdc751da_o.jpg,/kaggle/input/datasets/elmadafri/the-wildfire-dataset/the_wildfire_dataset_2n_version/val/fire/52021778036_4bfdc751da_o.jpg,2048,1536,MPO,RGB,1536
val,fire,flickr,52214758010,52214758010_97f080bc0c_o.png,/kaggle/input/datasets/elmadafri/the-wildfire-dataset/the_wildfire_dataset_2n_version/val/fire/52214758010_97f080bc0c_o.png,853,925,PNG,RGBA,853
val,fire,flickr,52229215461,52229215461_34c48da734_o.jpg,/kaggle/input/datasets/elmadafri/the-wildfire-dataset/the_wildfire_dataset_2n_version/val/fire/52229215461_34c48da734_o.jpg,622,280,JPEG,RGB,280
val,fire,flickr,52232542289,52232542289_cbe2cab635_o.jpg,/kaggle/input/datasets/elmadafri/the-wildfire-dataset/the_wildfire_dataset_2n_version/val/fire/52232542289_cbe2cab635_o.jpg,4475,3356,JPEG,RGB,3356
val,fire,flickr,52232764550,52232764550_4680f41585_o.jpg,/kaggle/input/datasets/elmadafri/the-wildfire-dataset/the_wildfire_dataset_2n_version/val/fire/52232764550_4680f41585_o.jpg,4608,3456,JPEG,RGB,3456
val,fire,flickr,52289825117,52289825117_30661e5573_o.jpg,/kaggle/input/datasets/elmadafri/the-wildfire-dataset/the_wildfire_dataset_2n_version/val/fire/52289825117_30661e5573_o.jpg,620,467,JPEG,RGB,467
val,fire,flickr,52290533093,52290533093_52cfcb67d3_o.jpg,/kaggle/input/datasets/elmadafri/the-wildfire-dataset/the_wildfire_dataset_2n_version/val/fire/52290533093_52cfcb67d3_o.jpg,624,358,JPEG,RGB,358
val,fire,flickr,52291286714,52291286714_963b4d980d_o.jpg,/kaggle/input/datasets/elmadafri/the-wildfire-dataset/the_wildfire_dataset_2n_version/val/fire/52291286714_963b4d980d_o.jpg,620,465,JPEG,RGB,465
val,fire,flickr,52292032847,52292032847_11ca7d4982_o.png,/kaggle/input/datasets/elmadafri/the-wildfire-dataset/the_wildfire_dataset_2n_version/val/fire/52292032847_11ca7d4982_o.png,620,425,PNG,RGBA,425
val,fire,flickr,52293015538,52293015538_063ef52f3f_o.jpg,/kaggle/input/datasets/elmadafri/the-wildfire-dataset/the_wildfire_dataset_2n_version/val/fire/52293015538_063ef52f3f_o.jpg,620,465,JPEG,RGB,465
val,fire,flickr,52293031038,52293031038_2905417b0a_o.jpg,/kaggle/input/datasets/elmadafri/the-wildfire-dataset/the_wildfire_dataset_2n_version/val/fire/52293031038_2905417b0a_o.jpg,4032,3024,JPEG,RGB,3024
val,fire,flickr,52293032111,52293032111_a18e081f54_o.jpg,/kaggle/input/datasets/elmadafri/the-wildfire-dataset/the_wildfire_dataset_2n_version/val/fire/52293032111_a18e081f54_o.jpg,4032,3024,JPEG,RGB,3024
val,fire,flickr,52293279869,52293279869_3651e9f929_o.jpg,/kaggle/input/datasets/elmadafri/the-wildfire-dataset/the_wildfire_dataset_2n_version/val/fire/52293279869_3651e9f929_o.jpg,620,465,JPEG,RGB,465
val,fire,flickr,52293280089,52293280089_14d675cc6e_o.jpg,/kaggle/input/datasets/elmadafri/the-wildfire-dataset/the_wildfire_dataset_2n_version/val/fire/52293280089_14d675cc6e_o.jpg,459,620,JPEG,RGB,459
val,fire,flickr,52293501960,52293501960_e8a2a87063_o.jpg,/kaggle/input/datasets/elmadafri/the-wildfire-dataset/the_wildfire_dataset_2n_version/val/fire/52293501960_e8a2a87063_o.jpg,465,620,JPEG,RGB,465
val,fire,flickr,52294130572,52294130572_46e1f6c276_o.jpg,/kaggle/input/datasets/elmadafri/the-wildfire-dataset/the_wildfire_dataset_2n_version/val/fire/52294130572_46e1f6c276_o.jpg,1440,1078,JPEG,RGB,1078
val,fire,flickr,52295603790,52295603790_d2d6a165fc_o.png,/kaggle/input/datasets/elmadafri/the-wildfire-dataset/the_wildfire_dataset_2n_version/val/fire/52295603790_d2d6a165fc_o.png,620,465,PNG,RGBA,465
val,fire,flickr,52297291876,52297291876_e27e1488dd_o.jpg,/kaggle/input/datasets/elmadafri/the-wildfire-dataset/the_wildfire_dataset_2n_version/val/fire/52297291876_e27e1488dd_o.jpg,620,465,JPEG,RGB,465
val,fire,flickr,52353720724,52353720724_413222dcdd_o.jpg,/kaggle/input/datasets/elmadafri/the-wildfire-dataset/the_wildfire_dataset_2n_version/val/fire/52353720724_413222dcdd_o.jpg,4032,3024,JPEG,RGB,3024
val,fire,flickr,52368156431,52368156431_c01ee93f79_o.jpg,/kaggle/input/datasets/elmadafri/the-wildfire-dataset/the_wildfire_dataset_2n_version/val/fire/52368156431_c01ee93f79_o.jpg,4032,3024,MPO,RGB,3024
val,fire,flickr,52368401438,52368401438_f476ca2927_o.jpg,/kaggle/input/datasets/elmadafri/the-wildfire-dataset/the_wildfire_dataset_2n_version/val/fire/52368401438_f476ca2927_o.jpg,1000,750,JPEG,RGB,750
val,fire,flickr,52437107126,52437107126_8c5b4a2139_o.jpg,/kaggle/input/datasets/elmadafri/the-wildfire-dataset/the_wildfire_dataset_2n_version/val/fire/52437107126_8c5b4a2139_o.jpg,3072,4080,JPEG,RGB,3072
val,fire,flickr,52465403458,52465403458_463db11ee6_o.jpg,/kaggle/input/datasets/elmadafri/the-wildfire-dataset/the_wildfire_dataset_2n_version/val/fire/52465403458_463db11ee6_o.jpg,4032,3024,JPEG,RGB,3024
val,fire,flickr,52465478514,52465478514_e0dd0f619c_o.png,/kaggle/input/datasets/elmadafri/the-wildfire-dataset/the_wildfire_dataset_2n_version/val/fire/52465478514_e0dd0f619c_o.png,3024,4032,PNG,RGBA,3024
val,fire,flickr,52465479914,52465479914_82f7f4291a_o.jpg,/kaggle/input/datasets/elmadafri/the-wildfire-dataset/the_wildfire_dataset_2n_version/val/fire/52465479914_82f7f4291a_o.jpg,4032,3024,JPEG,RGB,3024
val,fire,flickr,52465669997,52465669997_3a13c3a355_o.jpg,/kaggle/input/datasets/elmadafri/the-wildfire-dataset/the_wildfire_dataset_2n_version/val/fire/52465669997_3a13c3a355_o.jpg,4032,3024,JPEG,RGB,3024
val,fire,flickr,52465956472,52465956472_eed7b21ec2_o.jpg,/kaggle/input/datasets/elmadafri/the-wildfire-dataset/the_wildfire_dataset_2n_version/val/fire/52465956472_eed7b21ec2_o.jpg,4032,3024,JPEG,RGB,3024
val,fire,flickr,52466170271,52466170271_0139e89cd7_o.jpg,/kaggle/input/datasets/elmadafri/the-wildfire-dataset/the_wildfire_dataset_2n_version/val/fire/52466170271_0139e89cd7_o.jpg,4032,3024,JPEG,RGB,3024
val,fire,flickr,52466454601,52466454601_c17c6a555b_o.jpg,/kaggle/input/datasets/elmadafri/the-wildfire-dataset/the_wildfire_dataset_2n_version/val/fire/52466454601_c17c6a555b_o.jpg,2000,1500,JPEG,RGB,1500
val,fire,flickr,52466734849,52466734849_ea039a2439_o.jpg,/kaggle/input/datasets/elmadafri/the-wildfire-dataset/the_wildfire_dataset_2n_version/val/fire/52466734849_ea039a2439_o.jpg,4032,3024,JPEG,RGB,3024
val,fire,flickr,52467007008,52467007008_a54c5e87a1_o.jpg,/kaggle/input/datasets/elmadafri/the-wildfire-dataset/the_wildfire_dataset_2n_version/val/fire/52467007008_a54c5e87a1_o.jpg,4032,3024,JPEG,RGB,3024
val,fire,flickr,52527681592,52527681592_3025cd22b4_o.jpg,/kaggle/input/datasets/elmadafri/the-wildfire-dataset/the_wildfire_dataset_2n_version/val/fire/52527681592_3025cd22b4_o.jpg,3540,2655,JPEG,RGB,2655
val,fire,flickr,52528146546,52528146546_9b9f776baa_o.jpg,/kaggle/input/datasets/elmadafri/the-wildfire-dataset/the_wildfire_dataset_2n_version/val/fire/52528146546_9b9f776baa_o.jpg,4000,3000,JPEG,RGB,3000
val,fire,flickr,52530432059,52530432059_2cc2463815_o.jpg,/kaggle/input/datasets/elmadafri/the-wildfire-dataset/the_wildfire_dataset_2n_version/val/fire/52530432059_2cc2463815_o.jpg,4032,3024,JPEG,RGB,3024
val,fire,flickr,52530774058,52530774058_9013c7e1a3_o.jpg,/kaggle/input/datasets/elmadafri/the-wildfire-dataset/the_wildfire_dataset_2n_version/val/fire/52530774058_9013c7e1a3_o.jpg,2048,1536,JPEG,RGB,1536
val,fire,flickr,52560549522,52560549522_ef63e06d7d_o.jpg,/kaggle/input/datasets/elmadafri/the-wildfire-dataset/the_wildfire_dataset_2n_version/val/fire/52560549522_ef63e06d7d_o.jpg,4096,2160,JPEG,RGB,2160
val,fire,flickr,52572946777,52572946777_c7781cd948_o.jpg,/kaggle/input/datasets/elmadafri/the-wildfire-dataset/the_wildfire_dataset_2n_version/val/fire/52572946777_c7781cd948_o.jpg,4032,3024,JPEG,RGB,3024
val,fire,flickr,52573862015,52573862015_36569215e8_o.jpg,/kaggle/input/datasets/elmadafri/the-wildfire-dataset/the_wildfire_dataset_2n_version/val/fire/52573862015_36569215e8_o.jpg,2048,1536,JPEG,RGB,1536
val,fire,flickr,52573921790,52573921790_385d551b60_o.jpg,/kaggle/input/datasets/elmadafri/the-wildfire-dataset/the_wildfire_dataset_2n_version/val/fire/52573921790_385d551b60_o.jpg,4032,3024,MPO,RGB,3024
val,fire,flickr,52884347703,52884347703_0f8daabf60_o.jpg,/kaggle/input/datasets/elmadafri/the-wildfire-dataset/the_wildfire_dataset_2n_version/val/fire/52884347703_0f8daabf60_o.jpg,2048,1148,JPEG,RGB,1148
val,fire,flickr,53096185649,53096185649_fa16e50d51_o.jpg,/kaggle/input/datasets/elmadafri/the-wildfire-dataset/the_wildfire_dataset_2n_version/val/fire/53096185649_fa16e50d51_o.jpg,4000,3000,JPEG,RGB,3000
val,fire,flickr,53106003080,53106003080_c748b5a9df_o.jpg,/kaggle/input/datasets/elmadafri/the-wildfire-dataset/the_wildfire_dataset_2n_version/val/fire/53106003080_c748b5a9df_o.jpg,2600,1950,JPEG,RGB,1950
val,fire,flickr,53133335210,53133335210_a5f8bd5f43_o.jpg,/kaggle/input/datasets/elmadafri/the-wildfire-dataset/the_wildfire_dataset_2n_version/val/fire/53133335210_a5f8bd5f43_o.jpg,1920,1440,JPEG,RGB,1440
val,fire,flickr,8469662796,8469662796_2ef60dcdb1_o.jpg,/kaggle/input/datasets/elmadafri/the-wildfire-dataset/the_wildfire_dataset_2n_version/val/fire/8469662796_2ef60dcdb1_o.jpg,3420,2060,JPEG,RGB,2060
val,fire,flickr,9570762133,9570762133_a7747aeeb1_o.jpg,/kaggle/input/datasets/elmadafri/the-wildfire-dataset/the_wildfire_dataset_2n_version/val/fire/9570762133_a7747aeeb1_o.jpg,4128,2322,JPEG,RGB,2322
val,fire,flickr,9570765937,9570765937_c3e7b93166_o.jpg,/kaggle/input/datasets/elmadafri/the-wildfire-dataset/the_wildfire_dataset_2n_version/val/fire/9570765937_c3e7b93166_o.jpg,2322,4128,JPEG,RGB,2322
val,fire,flickr,9570768155,9570768155_9da2cfe6f4_o.jpg,/kaggle/input/datasets/elmadafri/the-wildfire-dataset/the_wildfire_dataset_2n_version/val/fire/9570768155_9da2cfe6f4_o.jpg,4128,2322,JPEG,RGB,2322
val,fire,flickr,9598069973,9598069973_cb881cb517_o.jpg,/kaggle/input/datasets/elmadafri/the-wildfire-dataset/the_wildfire_dataset_2n_version/val/fire/9598069973_cb881cb517_o.jpg,4128,2322,JPEG,RGB,2322
val,fire,flickr,9598243387,9598243387_236a82f77e_o.jpg,/kaggle/input/datasets/elmadafri/the-wildfire-dataset/the_wildfire_dataset_2n_version/val/fire/9598243387_236a82f77e_o.jpg,2048,1529,JPEG,RGB,1529
val,fire,flickr,9605221505,9605221505_ab86c8f4ca_o.jpg,/kaggle/input/datasets/elmadafri/the-wildfire-dataset/the_wildfire_dataset_2n_version/val/fire/9605221505_ab86c8f4ca_o.jpg,2896,1944,JPEG,RGB,1944
val,fire,unsplash,dave-hoefler,dave-hoefler-nyhI63n7vpQ-unsplash.jpg,/kaggle/input/datasets/elmadafri/the-wildfire-dataset/the_wildfire_dataset_2n_version/val/fire/dave-hoefler-nyhI63n7vpQ-unsplash.jpg,5560,3707,JPEG,RGB,3707
val,fire,unsplash,egor-vikhrev,egor-vikhrev--E6jqIGzgOY-unsplash.jpg,/kaggle/input/datasets/elmadafri/the-wildfire-dataset/the_wildfire_dataset_2n_version/val/fire/egor-vikhrev--E6jqIGzgOY-unsplash.jpg,2663,3987,JPEG,RGB,2663
val,fire,unsplash,felix-bacher,felix-bacher-vdQfgQohWOY-unsplash.jpg,/kaggle/input/datasets/elmadafri/the-wildfire-dataset/the_wildfire_dataset_2n_version/val/fire/felix-bacher-vdQfgQohWOY-unsplash.jpg,4000,5597,JPEG,RGB,4000
val,fire,unsplash,kym-mackinnon,kym-mackinnon-6D-j-YOUtt8-unsplash.jpg,/kaggle/input/datasets/elmadafri/the-wildfire-dataset/the_wildfire_dataset_2n_version/val/fire/kym-mackinnon-6D-j-YOUtt8-unsplash.jpg,4758,2694,JPEG,RGB,2694
val,fire,unsplash,malachi-brooks,malachi-brooks--HVh7BRp3ls-unsplash.jpg,/kaggle/input/datasets/elmadafri/the-wildfire-dataset/the_wildfire_dataset_2n_version/val/fire/malachi-brooks--HVh7BRp3ls-unsplash.jpg,4592,3064,JPEG,RGB,3064
val,fire,unsplash,matt-palmer,matt-palmer-zCwDV_Al0mM-unsplash.jpg,/kaggle/input/datasets/elmadafri/the-wildfire-dataset/the_wildfire_dataset_2n_version/val/fire/matt-palmer-zCwDV_Al0mM-unsplash.jpg,7121,4750,JPEG,RGB,4750
val,nofire,flickr,20662591215,20662591215_043496dda3_o.jpg,/kaggle/input/datasets/elmadafri/the-wildfire-dataset/the_wildfire_dataset_2n_version/val/nofire/20662591215_043496dda3_o.jpg,5672,3781,JPEG,RGB,3781
val,nofire,flickr,20936712539,20936712539_dc5a8e8230_o.jpg,/kaggle/input/datasets/elmadafri/the-wildfire-dataset/the_wildfire_dataset_2n_version/val/nofire/20936712539_dc5a8e8230_o.jpg,2304,1728,JPEG,RGB,1728
val,nofire,flickr,23564695749,23564695749_0c2947dc4c_o.jpg,/kaggle/input/datasets/elmadafri/the-wildfire-dataset/the_wildfire_dataset_2n_version/val/nofire/23564695749_0c2947dc4c_o.jpg,1728,1152,JPEG,RGB,1152
val,nofire,flickr,23907524626,23907524626_fe34fb151b_o.jpg,/kaggle/input/datasets/elmadafri/the-wildfire-dataset/the_wildfire_dataset_2n_version/val/nofire/23907524626_fe34fb151b_o.jpg,3008,2000,JPEG,RGB,2000
val,nofire,flickr,24498327384,24498327384_2f23658558_o.jpg,/kaggle/input/datasets/elmadafri/the-wildfire-dataset/the_wildfire_dataset_2n_version/val/nofire/24498327384_2f23658558_o.jpg,1000,667,JPEG,RGB,667
val,nofire,flickr,27330855823,27330855823_f1bf11e62d_o.jpg,/kaggle/input/datasets/elmadafri/the-wildfire-dataset/the_wildfire_dataset_2n_version/val/nofire/27330855823_f1bf11e62d_o.jpg,4800,3200,JPEG,RGB,3200
val,nofire,flickr,29220250437,29220250437_04a7fd787a_o.jpg,/kaggle/input/datasets/elmadafri/the-wildfire-dataset/the_wildfire_dataset_2n_version/val/nofire/29220250437_04a7fd787a_o.jpg,4240,2832,JPEG,RGB,2832
val,nofire,flickr,30831368247,30831368247_d7a64725ef_o.jpg,/kaggle/input/datasets/elmadafri/the-wildfire-dataset/the_wildfire_dataset_2n_version/val/nofire/30831368247_d7a64725ef_o.jpg,4608,3456,JPEG,RGB,3456
val,nofire,flickr,31459091543,31459091543_47716d7802_o.jpg,/kaggle/input/datasets/elmadafri/the-wildfire-dataset/the_wildfire_dataset_2n_version/val/nofire/31459091543_47716d7802_o.jpg,4800,3200,JPEG,RGB,3200
val,nofire,flickr,49200707272,49200707272_23fddfdc1e_o.jpg,/kaggle/input/datasets/elmadafri/the-wildfire-dataset/the_wildfire_dataset_2n_version/val/nofire/49200707272_23fddfdc1e_o.jpg,4578,1223,JPEG,RGB,1223
val,nofire,flickr,52232750860,52232750860_e529e68110_o.jpg,/kaggle/input/datasets/elmadafri/the-wildfire-dataset/the_wildfire_dataset_2n_version/val/nofire/52232750860_e529e68110_o.jpg,4608,3456,JPEG,RGB,3456
val,nofire,flickr,52357656347,52357656347_4005a65d23_o.jpg,/kaggle/input/datasets/elmadafri/the-wildfire-dataset/the_wildfire_dataset_2n_version/val/nofire/52357656347_4005a65d23_o.jpg,4000,2665,JPEG,RGB,2665
val,nofire,flickr,52358607886,52358607886_95dc5cffea_o.jpg,/kaggle/input/datasets/elmadafri/the-wildfire-dataset/the_wildfire_dataset_2n_version/val/nofire/52358607886_95dc5cffea_o.jpg,4000,1482,JPEG,RGB,1482
val,nofire,flickr,52358619301,52358619301_64e860466a_o.jpg,/kaggle/input/datasets/elmadafri/the-wildfire-dataset/the_wildfire_dataset_2n_version/val/nofire/52358619301_64e860466a_o.jpg,4000,2667,JPEG,RGB,2667
val,nofire,flickr,52451079237,52451079237_0161e76a9c_o.jpg,/kaggle/input/datasets/elmadafri/the-wildfire-dataset/the_wildfire_dataset_2n_version/val/nofire/52451079237_0161e76a9c_o.jpg,4000,2987,JPEG,RGB,2987
val,nofire,flickr,52451973135,52451973135_caec94d753_o.jpg,/kaggle/input/datasets/elmadafri/the-wildfire-dataset/the_wildfire_dataset_2n_version/val/nofire/52451973135_caec94d753_o.jpg,4000,2665,JPEG,RGB,2665
val,nofire,flickr,52452053220,52452053220_fa3f6fc2c9_o.jpg,/kaggle/input/datasets/elmadafri/the-wildfire-dataset/the_wildfire_dataset_2n_version/val/nofire/52452053220_fa3f6fc2c9_o.jpg,4000,2665,JPEG,RGB,2665
val,nofire,flickr,52465688917,52465688917_4b1e5967ef_o.jpg,/kaggle/input/datasets/elmadafri/the-wildfire-dataset/the_wildfire_dataset_2n_version/val/nofire/52465688917_4b1e5967ef_o.jpg,4032,3024,JPEG,RGB,3024
val,nofire,flickr,8468567497,8468567497_c8d6b8e464_o.jpg,/kaggle/input/datasets/elmadafri/the-wildfire-dataset/the_wildfire_dataset_2n_version/val/nofire/8468567497_c8d6b8e464_o.jpg,3092,2096,JPEG,RGB,2096
val,nofire,unsplash,aaron-burden,aaron-burden--gqM0N3o0R8-unsplash.jpg,/kaggle/input/datasets/elmadafri/the-wildfire-dataset/the_wildfire_dataset_2n_version/val/nofire/aaron-burden--gqM0N3o0R8-unsplash.jpg,3992,2992,JPEG,RGB,2992
val,nofire,unsplash,aaron-burden,aaron-burden-oWyzKTEOCZg-unsplash.jpg,/kaggle/input/datasets/elmadafri/the-wildfire-dataset/the_wildfire_dataset_2n_version/val/nofire/aaron-burden-oWyzKTEOCZg-unsplash.jpg,2057,2742,JPEG,RGB,2057
val,nofire,unsplash,adrien-brun,adrien-brun-tNvHwGRrnaU-unsplash.jpg,/kaggle/input/datasets/elmadafri/the-wildfire-dataset/the_wildfire_dataset_2n_version/val/nofire/adrien-brun-tNvHwGRrnaU-unsplash.jpg,4000,3000,JPEG,RGB,3000
val,nofire,unsplash,alejandro-gonzalez,alejandro-gonzalez-se-zFGkun4Y-unsplash.jpg,/kaggle/input/datasets/elmadafri/the-wildfire-dataset/the_wildfire_dataset_2n_version/val/nofire/alejandro-gonzalez-se-zFGkun4Y-unsplash.jpg,2088,3712,JPEG,RGB,2088
val,nofire,unsplash,ales-krivec,ales-krivec-bB_ndHf9W9s-unsplash.jpg,/kaggle/input/datasets/elmadafri/the-wildfire-dataset/the_wildfire_dataset_2n_version/val/nofire/ales-krivec-bB_ndHf9W9s-unsplash.jpg,4048,2702,JPEG,RGB,2702
val,nofire,unsplash,alex-trajilovic,alex-trajilovic-4s6slHgL1s8-unsplash.jpg,/kaggle/input/datasets/elmadafri/the-wildfire-dataset/the_wildfire_dataset_2n_version/val/nofire/alex-trajilovic-4s6slHgL1s8-unsplash.jpg,2434,4327,JPEG,RGB,2434
val,nofire,unsplash,andreas-kretschmer,andreas-kretschmer-EA4OispAgrk-unsplash.jpg,/kaggle/input/datasets/elmadafri/the-wildfire-dataset/the_wildfire_dataset_2n_version/val/nofire/andreas-kretschmer-EA4OispAgrk-unsplash.jpg,3440,1474,JPEG,RGB,1474
val,nofire,unsplash,andrew-ridley,andrew-ridley-gCE0LHERISE-unsplash.jpg,/kaggle/input/datasets/elmadafri/the-wildfire-dataset/the_wildfire_dataset_2n_version/val/nofire/andrew-ridley-gCE0LHERISE-unsplash.jpg,4112,3084,JPEG,RGB,3084
val,nofire,unsplash,angel-barnes,angel-barnes-p54UP0KvMGw-unsplash.jpg,/kaggle/input/datasets/elmadafri/the-wildfire-dataset/the_wildfire_dataset_2n_version/val/nofire/angel-barnes-p54UP0KvMGw-unsplash.jpg,6000,4000,JPEG,RGB,4000
val,nofire,unsplash,anuj-yadav,anuj-yadav-dZNcDAC8ZtM-unsplash.jpg,/kaggle/input/datasets/elmadafri/the-wildfire-dataset/the_wildfire_dataset_2n_version/val/nofire/anuj-yadav-dZNcDAC8ZtM-unsplash.jpg,6000,4000,JPEG,RGB,4000
val,nofire,unsplash,artem-sapegin,artem-sapegin-ySnXFQ98qrE-unsplash.jpg,/kaggle/input/datasets/elmadafri/the-wildfire-dataset/the_wildfire_dataset_2n_version/val/nofire/artem-sapegin-ySnXFQ98qrE-unsplash.jpg,3648,5472,JPEG,RGB,3648
val,nofire,unsplash,ashton-morris,ashton-morris-cEn0ztKTjes-unsplash.jpg,/kaggle/input/datasets/elmadafri/the-wildfire-dataset/the_wildfire_dataset_2n_version/val/nofire/ashton-morris-cEn0ztKTjes-unsplash.jpg,4000,3000,JPEG,RGB,3000
val,nofire,unsplash,balazs-busznyak,balazs-busznyak-B-LtJoWUJCc-unsplash.jpg,/kaggle/input/datasets/elmadafri/the-wildfire-dataset/the_wildfire_dataset_2n_version/val/nofire/balazs-busznyak-B-LtJoWUJCc-unsplash.jpg,5464,3640,JPEG,RGB,3640
val,nofire,unsplash,balazs-busznyak,balazs-busznyak-U3teH1-XzKQ-unsplash.jpg,/kaggle/input/datasets/elmadafri/the-wildfire-dataset/the_wildfire_dataset_2n_version/val/nofire/balazs-busznyak-U3teH1-XzKQ-unsplash.jpg,3456,5184,JPEG,RGB,3456
val,nofire,unsplash,benaja-germann,benaja-germann-N-GC1dMXwvA-unsplash.jpg,/kaggle/input/datasets/elmadafri/the-wildfire-dataset/the_wildfire_dataset_2n_version/val/nofire/benaja-germann-N-GC1dMXwvA-unsplash.jpg,2242,3992,JPEG,RGB,2242
val,nofire,unsplash,bernd-dittrich,bernd-dittrich-cVYzpsQiAiA-unsplash.jpg,/kaggle/input/datasets/elmadafri/the-wildfire-dataset/the_wildfire_dataset_2n_version/val/nofire/bernd-dittrich-cVYzpsQiAiA-unsplash.jpg,2048,3058,JPEG,RGB,2048
val,nofire,unsplash,bernd-dittrich,bernd-dittrich-iv0nMDmYYbU-unsplash.jpg,/kaggle/input/datasets/elmadafri/the-wildfire-dataset/the_wildfire_dataset_2n_version/val/nofire/bernd-dittrich-iv0nMDmYYbU-unsplash.jpg,4048,3032,JPEG,RGB,3032
val,nofire,unsplash,bernd-dittrich,bernd-dittrich-og4TkuLTfhg-unsplash.jpg,/kaggle/input/datasets/elmadafri/the-wildfire-dataset/the_wildfire_dataset_2n_version/val/nofire/bernd-dittrich-og4TkuLTfhg-unsplash.jpg,4036,2531,JPEG,RGB,2531
val,nofire,unsplash,bernd-dittrich,bernd-dittrich-xgab1n88Srg-unsplash.jpg,/kaggle/input/datasets/elmadafri/the-wildfire-dataset/the_wildfire_dataset_2n_version/val/nofire/bernd-dittrich-xgab1n88Srg-unsplash.jpg,4096,3204,JPEG,RGB,3204
val,nofire,unsplash,boris-misevic,boris-misevic-oLXTY5zz1Tc-unsplash.jpg,/kaggle/input/datasets/elmadafri/the-wildfire-dataset/the_wildfire_dataset_2n_version/val/nofire/boris-misevic-oLXTY5zz1Tc-unsplash.jpg,6000,3376,JPEG,RGB,3376
val,nofire,unsplash,brendan-beale,brendan-beale-ZJh5GUgNngo-unsplash.jpg,/kaggle/input/datasets/elmadafri/the-wildfire-dataset/the_wildfire_dataset_2n_version/val/nofire/brendan-beale-ZJh5GUgNngo-unsplash.jpg,8000,6000,JPEG,RGB,6000
val,nofire,unsplash,brina-blum,brina-blum-UCxGjDhopsQ-unsplash.jpg,/kaggle/input/datasets/elmadafri/the-wildfire-dataset/the_wildfire_dataset_2n_version/val/nofire/brina-blum-UCxGjDhopsQ-unsplash.jpg,5184,3456,JPEG,RGB,3456
val,nofire,unsplash,calin-stan,calin-stan--M7pmQjKzDQ-unsplash.jpg,/kaggle/input/datasets/elmadafri/the-wildfire-dataset/the_wildfire_dataset_2n_version/val/nofire/calin-stan--M7pmQjKzDQ-unsplash.jpg,3992,2992,JPEG,RGB,2992
val,nofire,unsplash,casey-horner,casey-horner-BxMw-QFdPF4-unsplash.jpg,/kaggle/input/datasets/elmadafri/the-wildfire-dataset/the_wildfire_dataset_2n_version/val/nofire/casey-horner-BxMw-QFdPF4-unsplash.jpg,3996,5003,JPEG,RGB,3996
val,nofire,unsplash,chad-madden,chad-madden-9HDfRHhCxME-unsplash.jpg,/kaggle/input/datasets/elmadafri/the-wildfire-dataset/the_wildfire_dataset_2n_version/val/nofire/chad-madden-9HDfRHhCxME-unsplash.jpg,3992,2242,JPEG,RGB,2242
val,nofire,unsplash,chris-holgersson,chris-holgersson-zshyCr6HGw0-unsplash.jpg,/kaggle/input/datasets/elmadafri/the-wildfire-dataset/the_wildfire_dataset_2n_version/val/nofire/chris-holgersson-zshyCr6HGw0-unsplash.jpg,4896,3264,JPEG,RGB,3264
val,nofire,unsplash,chris-montgomery,chris-montgomery-l4ut3OqP-UM-unsplash.jpg,/kaggle/input/datasets/elmadafri/the-wildfire-dataset/the_wildfire_dataset_2n_version/val/nofire/chris-montgomery-l4ut3OqP-UM-unsplash.jpg,3542,2655,JPEG,RGB,2655
val,nofire,unsplash,cole-freeman,cole-freeman-vGMWGMfp5hg-unsplash.jpg,/kaggle/input/datasets/elmadafri/the-wildfire-dataset/the_wildfire_dataset_2n_version/val/nofire/cole-freeman-vGMWGMfp5hg-unsplash.jpg,3968,2976,JPEG,RGB,2976
val,nofire,unsplash,cristofer-maximilian,cristofer-maximilian-yCfmQo1DIzw-unsplash.jpg,/kaggle/input/datasets/elmadafri/the-wildfire-dataset/the_wildfire_dataset_2n_version/val/nofire/cristofer-maximilian-yCfmQo1DIzw-unsplash.jpg,5229,3486,JPEG,RGB,3486
val,nofire,unsplash,damien-checoury,damien-checoury-ZhGbAXHq38A-unsplash.jpg,/kaggle/input/datasets/elmadafri/the-wildfire-dataset/the_wildfire_dataset_2n_version/val/nofire/damien-checoury-ZhGbAXHq38A-unsplash.jpg,2992,3992,JPEG,RGB,2992
val,nofire,unsplash,daniel-frank,daniel-frank-MdphLdlMlf8-unsplash.jpg,/kaggle/input/datasets/elmadafri/the-wildfire-dataset/the_wildfire_dataset_2n_version/val/nofire/daniel-frank-MdphLdlMlf8-unsplash.jpg,3888,2592,JPEG,RGB,2592
val,nofire,unsplash,daniel-j,daniel-j-schwarz-itHh7CVTzfM-unsplash.jpg,/kaggle/input/datasets/elmadafri/the-wildfire-dataset/the_wildfire_dataset_2n_version/val/nofire/daniel-j-schwarz-itHh7CVTzfM-unsplash.jpg,6240,4160,JPEG,RGB,4160
val,nofire,unsplash,dave-herring,dave-herring-0fq5mr_cBcA-unsplash.jpg,/kaggle/input/datasets/elmadafri/the-wildfire-dataset/the_wildfire_dataset_2n_version/val/nofire/dave-herring-0fq5mr_cBcA-unsplash.jpg,6552,4368,JPEG,RGB,4368
val,nofire,unsplash,dave-hoefler,dave-hoefler-ow6bOUW7GMY-unsplash.jpg,/kaggle/input/datasets/elmadafri/the-wildfire-dataset/the_wildfire_dataset_2n_version/val/nofire/dave-hoefler-ow6bOUW7GMY-unsplash.jpg,5111,3651,JPEG,RGB,3651
val,nofire,unsplash,dave-hoefler,dave-hoefler-tw8zKdo6Ct4-unsplash.jpg,/kaggle/input/datasets/elmadafri/the-wildfire-dataset/the_wildfire_dataset_2n_version/val/nofire/dave-hoefler-tw8zKdo6Ct4-unsplash.jpg,6532,4355,JPEG,RGB,4355
val,nofire,unsplash,david-kovalenko,david-kovalenko-ohhbshz38SQ-unsplash.jpg,/kaggle/input/datasets/elmadafri/the-wildfire-dataset/the_wildfire_dataset_2n_version/val/nofire/david-kovalenko-ohhbshz38SQ-unsplash.jpg,4000,3000,JPEG,RGB,3000
val,nofire,unsplash,dawson-mccormick,dawson-mccormick-KuI5bEhjvf4-unsplash.jpg,/kaggle/input/datasets/elmadafri/the-wildfire-dataset/the_wildfire_dataset_2n_version/val/nofire/dawson-mccormick-KuI5bEhjvf4-unsplash.jpg,6720,4480,JPEG,RGB,4480
val,nofire,unsplash,dean-ricciardi,dean-ricciardi-IcszigtEHTU-unsplash.jpg,/kaggle/input/datasets/elmadafri/the-wildfire-dataset/the_wildfire_dataset_2n_version/val/nofire/dean-ricciardi-IcszigtEHTU-unsplash.jpg,3534,5305,JPEG,RGB,3534
val,nofire,unsplash,dillon-austin,dillon-austin-5BOWyfIvaJo-unsplash.jpg,/kaggle/input/datasets/elmadafri/the-wildfire-dataset/the_wildfire_dataset_2n_version/val/nofire/dillon-austin-5BOWyfIvaJo-unsplash.jpg,4000,2250,JPEG,RGB,2250
val,nofire,unsplash,dorel-gnatiuc,dorel-gnatiuc-rlXgUH7Sh_I-unsplash.jpg,/kaggle/input/datasets/elmadafri/the-wildfire-dataset/the_wildfire_dataset_2n_version/val/nofire/dorel-gnatiuc-rlXgUH7Sh_I-unsplash.jpg,3548,2370,JPEG,RGB,2370
val,nofire,unsplash,eberhard-grossgasteiger,eberhard-grossgasteiger-EU_rz48u8sY-unsplash.jpg,/kaggle/input/datasets/elmadafri/the-wildfire-dataset/the_wildfire_dataset_2n_version/val/nofire/eberhard-grossgasteiger-EU_rz48u8sY-unsplash.jpg,3648,5472,JPEG,RGB,3648
val,nofire,unsplash,eberhard-grossgasteiger,eberhard-grossgasteiger-MPaoDigkbGA-unsplash.jpg,/kaggle/input/datasets/elmadafri/the-wildfire-dataset/the_wildfire_dataset_2n_version/val/nofire/eberhard-grossgasteiger-MPaoDigkbGA-unsplash.jpg,4000,6000,JPEG,RGB,4000
val,nofire,unsplash,eberhard-grossgasteiger,eberhard-grossgasteiger-YJsDlw9yHWs-unsplash.jpg,/kaggle/input/datasets/elmadafri/the-wildfire-dataset/the_wildfire_dataset_2n_version/val/nofire/eberhard-grossgasteiger-YJsDlw9yHWs-unsplash.jpg,3785,5678,JPEG,RGB,3785
val,nofire,unsplash,eberhard-grossgasteiger,eberhard-grossgasteiger-wUWP53W7KbY-unsplash.jpg,/kaggle/input/datasets/elmadafri/the-wildfire-dataset/the_wildfire_dataset_2n_version/val/nofire/eberhard-grossgasteiger-wUWP53W7KbY-unsplash.jpg,3670,5496,JPEG,RGB,3670
val,nofire,unsplash,einar-ingi,einar-ingi-sigmundsson-Rf7mZ_OIqPU-unsplash.jpg,/kaggle/input/datasets/elmadafri/the-wildfire-dataset/the_wildfire_dataset_2n_version/val/nofire/einar-ingi-sigmundsson-Rf7mZ_OIqPU-unsplash.jpg,7783,5217,JPEG,RGB,5217
val,nofire,unsplash,elena-mozhvilo,elena-mozhvilo-tvDuKySFy_o-unsplash.jpg,/kaggle/input/datasets/elmadafri/the-wildfire-dataset/the_wildfire_dataset_2n_version/val/nofire/elena-mozhvilo-tvDuKySFy_o-unsplash.jpg,4000,6016,JPEG,RGB,4000
val,nofire,unsplash,elijah-mears,elijah-mears-nW3N78niwss-unsplash.jpg,/kaggle/input/datasets/elmadafri/the-wildfire-dataset/the_wildfire_dataset_2n_version/val/nofire/elijah-mears-nW3N78niwss-unsplash.jpg,6000,4000,JPEG,RGB,4000
val,nofire,unsplash,elizabeth-gottwald,elizabeth-gottwald-wkrmkg70p80-unsplash.jpg,/kaggle/input/datasets/elmadafri/the-wildfire-dataset/the_wildfire_dataset_2n_version/val/nofire/elizabeth-gottwald-wkrmkg70p80-unsplash.jpg,4800,3200,JPEG,RGB,3200
val,nofire,unsplash,enaled-orasty,enaled-orasty-2aCHkqIJpxM-unsplash.jpg,/kaggle/input/datasets/elmadafri/the-wildfire-dataset/the_wildfire_dataset_2n_version/val/nofire/enaled-orasty-2aCHkqIJpxM-unsplash.jpg,4480,6720,JPEG,RGB,4480
val,nofire,unsplash,ethan-dow,ethan-dow-0GlH2KooS6Q-unsplash.jpg,/kaggle/input/datasets/elmadafri/the-wildfire-dataset/the_wildfire_dataset_2n_version/val/nofire/ethan-dow-0GlH2KooS6Q-unsplash.jpg,1900,3040,JPEG,RGB,1900
val,nofire,unsplash,ethan-dow,ethan-dow-xO_FogftzPw-unsplash.jpg,/kaggle/input/datasets/elmadafri/the-wildfire-dataset/the_wildfire_dataset_2n_version/val/nofire/ethan-dow-xO_FogftzPw-unsplash.jpg,4048,3032,JPEG,RGB,3032
val,nofire,unsplash,etienne-lehuede,etienne-lehuede-PRGPw7sDhBw-unsplash.jpg,/kaggle/input/datasets/elmadafri/the-wildfire-dataset/the_wildfire_dataset_2n_version/val/nofire/etienne-lehuede-PRGPw7sDhBw-unsplash.jpg,3992,2992,JPEG,RGB,2992
val,nofire,unsplash,evan-leith,evan-leith-plLiJX7lZtQ-unsplash.jpg,/kaggle/input/datasets/elmadafri/the-wildfire-dataset/the_wildfire_dataset_2n_version/val/nofire/evan-leith-plLiJX7lZtQ-unsplash.jpg,2242,2802,JPEG,RGB,2242
val,nofire,unsplash,fabian-oelkers,fabian-oelkers-dJ8U37Nd_h0-unsplash.jpg,/kaggle/input/datasets/elmadafri/the-wildfire-dataset/the_wildfire_dataset_2n_version/val/nofire/fabian-oelkers-dJ8U37Nd_h0-unsplash.jpg,5168,3448,JPEG,RGB,3448
val,nofire,unsplash,garidy-sanders,garidy-sanders-L-3vdxcF-dc-unsplash.jpg,/kaggle/input/datasets/elmadafri/the-wildfire-dataset/the_wildfire_dataset_2n_version/val/nofire/garidy-sanders-L-3vdxcF-dc-unsplash.jpg,3456,5184,JPEG,RGB,3456
val,nofire,unsplash,geran-de,geran-de-klerk-uYkdJEYNwSM-unsplash.jpg,/kaggle/input/datasets/elmadafri/the-wildfire-dataset/the_wildfire_dataset_2n_version/val/nofire/geran-de-klerk-uYkdJEYNwSM-unsplash.jpg,2646,3570,JPEG,RGB,2646
val,nofire,unsplash,guillaume-bourdages,guillaume-bourdages-VKMx4lonuLg-unsplash.jpg,/kaggle/input/datasets/elmadafri/the-wildfire-dataset/the_wildfire_dataset_2n_version/val/nofire/guillaume-bourdages-VKMx4lonuLg-unsplash.jpg,3949,5915,JPEG,RGB,3949
val,nofire,unsplash,guille-pozzi,guille-pozzi-jWLBon5t0c4-unsplash.jpg,/kaggle/input/datasets/elmadafri/the-wildfire-dataset/the_wildfire_dataset_2n_version/val/nofire/guille-pozzi-jWLBon5t0c4-unsplash.jpg,1500,2250,JPEG,RGB,1500
val,nofire,unsplash,hans-isaacson,hans-isaacson-5jU3zkieZYA-unsplash.jpg,/kaggle/input/datasets/elmadafri/the-wildfire-dataset/the_wildfire_dataset_2n_version/val/nofire/hans-isaacson-5jU3zkieZYA-unsplash.jpg,3710,5565,JPEG,RGB,3710
val,nofire,unsplash,harrison-steen,harrison-steen-WKT-I5lfo8Y-unsplash.jpg,/kaggle/input/datasets/elmadafri/the-wildfire-dataset/the_wildfire_dataset_2n_version/val/nofire/harrison-steen-WKT-I5lfo8Y-unsplash.jpg,3936,2624,JPEG,RGB,2624
val,nofire,unsplash,henry-be,henry-be-Tupfd1MA4hQ-unsplash.jpg,/kaggle/input/datasets/elmadafri/the-wildfire-dataset/the_wildfire_dataset_2n_version/val/nofire/henry-be-Tupfd1MA4hQ-unsplash.jpg,6000,4000,JPEG,RGB,4000
val,nofire,unsplash,honza-reznik,honza-reznik-eu25syH-SaE-unsplash.jpg,/kaggle/input/datasets/elmadafri/the-wildfire-dataset/the_wildfire_dataset_2n_version/val/nofire/honza-reznik-eu25syH-SaE-unsplash.jpg,2500,3336,JPEG,RGB,2500
val,nofire,unsplash,honza-reznik,honza-reznik-tUsIUWNEtsQ-unsplash.jpg,/kaggle/input/datasets/elmadafri/the-wildfire-dataset/the_wildfire_dataset_2n_version/val/nofire/honza-reznik-tUsIUWNEtsQ-unsplash.jpg,2500,3336,JPEG,RGB,2500
val,nofire,unsplash,hugh-whyte,hugh-whyte-733vQRqUNZQ-unsplash.jpg,/kaggle/input/datasets/elmadafri/the-wildfire-dataset/the_wildfire_dataset_2n_version/val/nofire/hugh-whyte-733vQRqUNZQ-unsplash.jpg,3992,2242,JPEG,RGB,2242
val,nofire,unsplash,ivana-cajina,ivana-cajina-dQejX2ucPBs-unsplash.jpg,/kaggle/input/datasets/elmadafri/the-wildfire-dataset/the_wildfire_dataset_2n_version/val/nofire/ivana-cajina-dQejX2ucPBs-unsplash.jpg,5184,3456,JPEG,RGB,3456
val,nofire,unsplash,izuddin-helmi,izuddin-helmi-adnan-8VJDHw3daGk-unsplash.jpg,/kaggle/input/datasets/elmadafri/the-wildfire-dataset/the_wildfire_dataset_2n_version/val/nofire/izuddin-helmi-adnan-8VJDHw3daGk-unsplash.jpg,3073,5464,JPEG,RGB,3073
val,nofire,unsplash,j-a,j-a-n-u-p-r-a-s-a-d-3WGsI51rL7E-unsplash.jpg,/kaggle/input/datasets/elmadafri/the-wildfire-dataset/the_wildfire_dataset_2n_version/val/nofire/j-a-n-u-p-r-a-s-a-d-3WGsI51rL7E-unsplash.jpg,5184,3456,JPEG,RGB,3456
val,nofire,unsplash,jakob-owens,jakob-owens-zGSWfxtMvJQ-unsplash.jpg,/kaggle/input/datasets/elmadafri/the-wildfire-dataset/the_wildfire_dataset_2n_version/val/nofire/jakob-owens-zGSWfxtMvJQ-unsplash.jpg,4160,6240,JPEG,RGB,4160
val,nofire,unsplash,jan-schulz,jan-schulz-webdesigner-stuttgart-iE9k36TlRmI-unsplash.jpg,/kaggle/input/datasets/elmadafri/the-wildfire-dataset/the_wildfire_dataset_2n_version/val/nofire/jan-schulz-webdesigner-stuttgart-iE9k36TlRmI-unsplash.jpg,5184,3456,JPEG,RGB,3456
val,nofire,unsplash,jay-mantri,jay-mantri-TFyi0QOx08c-unsplash.jpg,/kaggle/input/datasets/elmadafri/the-wildfire-dataset/the_wildfire_dataset_2n_version/val/nofire/jay-mantri-TFyi0QOx08c-unsplash.jpg,2200,1467,JPEG,RGB,1467
val,nofire,unsplash,jeremy-perkins,jeremy-perkins-Y6zQOIby_Ow-unsplash.jpg,/kaggle/input/datasets/elmadafri/the-wildfire-dataset/the_wildfire_dataset_2n_version/val/nofire/jeremy-perkins-Y6zQOIby_Ow-unsplash.jpg,6000,4000,JPEG,RGB,4000
val,nofire,unsplash,joao-branco,joao-branco-bqkny17rS6o-unsplash.jpg,/kaggle/input/datasets/elmadafri/the-wildfire-dataset/the_wildfire_dataset_2n_version/val/nofire/joao-branco-bqkny17rS6o-unsplash.jpg,4928,3264,JPEG,RGB,3264
val,nofire,unsplash,jonas-jacobsson,jonas-jacobsson-kmwhg3N_B-4-unsplash.jpg,/kaggle/input/datasets/elmadafri/the-wildfire-dataset/the_wildfire_dataset_2n_version/val/nofire/jonas-jacobsson-kmwhg3N_B-4-unsplash.jpg,2665,4000,JPEG,RGB,2665
val,nofire,unsplash,joseph-recca,joseph-recca-1OJKxPCJbXk-unsplash.jpg,/kaggle/input/datasets/elmadafri/the-wildfire-dataset/the_wildfire_dataset_2n_version/val/nofire/joseph-recca-1OJKxPCJbXk-unsplash.jpg,3648,4595,JPEG,RGB,3648
val,nofire,unsplash,jp-valery,jp-valery-EAx4OpPCSrs-unsplash.jpg,/kaggle/input/datasets/elmadafri/the-wildfire-dataset/the_wildfire_dataset_2n_version/val/nofire/jp-valery-EAx4OpPCSrs-unsplash.jpg,5472,3648,JPEG,RGB,3648
val,nofire,unsplash,jp-valery,jp-valery-Y_SlWa1wB8Y-unsplash.jpg,/kaggle/input/datasets/elmadafri/the-wildfire-dataset/the_wildfire_dataset_2n_version/val/nofire/jp-valery-Y_SlWa1wB8Y-unsplash.jpg,4417,5521,JPEG,RGB,4417
val,nofire,unsplash,julian-hochgesang,julian-hochgesang-ICz0uCq8074-unsplash.jpg,/kaggle/input/datasets/elmadafri/the-wildfire-dataset/the_wildfire_dataset_2n_version/val/nofire/julian-hochgesang-ICz0uCq8074-unsplash.jpg,5344,4016,JPEG,RGB,4016
val,nofire,unsplash,julian-steenbergen,julian-steenbergen-yIWXizbj7dM-unsplash.jpg,/kaggle/input/datasets/elmadafri/the-wildfire-dataset/the_wildfire_dataset_2n_version/val/nofire/julian-steenbergen-yIWXizbj7dM-unsplash.jpg,5193,3462,JPEG,RGB,3462
val,nofire,unsplash,justin-ackison,justin-ackison-3RbQGrzklHc-unsplash.jpg,/kaggle/input/datasets/elmadafri/the-wildfire-dataset/the_wildfire_dataset_2n_version/val/nofire/justin-ackison-3RbQGrzklHc-unsplash.jpg,5464,3640,JPEG,RGB,3640
val,nofire,unsplash,justin-kauffman,justin-kauffman-a8lTjWJJgLA-unsplash.jpg,/kaggle/input/datasets/elmadafri/the-wildfire-dataset/the_wildfire_dataset_2n_version/val/nofire/justin-kauffman-a8lTjWJJgLA-unsplash.jpg,2971,3964,JPEG,RGB,2971
val,nofire,unsplash,justin-luebke,justin-luebke-Y0a6EeC1a6M-unsplash.jpg,/kaggle/input/datasets/elmadafri/the-wildfire-dataset/the_wildfire_dataset_2n_version/val/nofire/justin-luebke-Y0a6EeC1a6M-unsplash.jpg,7360,4912,JPEG,RGB,4912
val,nofire,unsplash,keith-wickramasekara,keith-wickramasekara-N96-q4oeNrs-unsplash.jpg,/kaggle/input/datasets/elmadafri/the-wildfire-dataset/the_wildfire_dataset_2n_version/val/nofire/keith-wickramasekara-N96-q4oeNrs-unsplash.jpg,2610,2610,JPEG,RGB,2610
val,nofire,unsplash,kellen-riggin,kellen-riggin--7qIMP70tJA-unsplash.jpg,/kaggle/input/datasets/elmadafri/the-wildfire-dataset/the_wildfire_dataset_2n_version/val/nofire/kellen-riggin--7qIMP70tJA-unsplash.jpg,3782,2835,JPEG,RGB,2835
val,nofire,unsplash,kirill-tonkikh,kirill-tonkikh-A-5dpyCguJs-unsplash.jpg,/kaggle/input/datasets/elmadafri/the-wildfire-dataset/the_wildfire_dataset_2n_version/val/nofire/kirill-tonkikh-A-5dpyCguJs-unsplash.jpg,6000,4000,JPEG,RGB,4000
val,nofire,unsplash,ko-ko,ko-ko-win-ArlEcDy4tlU-unsplash.jpg,/kaggle/input/datasets/elmadafri/the-wildfire-dataset/the_wildfire_dataset_2n_version/val/nofire/ko-ko-win-ArlEcDy4tlU-unsplash.jpg,4620,3463,JPEG,RGB,3463
val,nofire,unsplash,kristaps-ungurs,kristaps-ungurs--3jZpQHq3FE-unsplash.jpg,/kaggle/input/datasets/elmadafri/the-wildfire-dataset/the_wildfire_dataset_2n_version/val/nofire/kristaps-ungurs--3jZpQHq3FE-unsplash.jpg,3190,3987,JPEG,RGB,3190
val,nofire,unsplash,kristaps-ungurs,kristaps-ungurs-AY27rP4n4d8-unsplash.jpg,/kaggle/input/datasets/elmadafri/the-wildfire-dataset/the_wildfire_dataset_2n_version/val/nofire/kristaps-ungurs-AY27rP4n4d8-unsplash.jpg,3948,5272,JPEG,RGB,3948
val,nofire,unsplash,kristaps-ungurs,kristaps-ungurs-HQHSzvTHYI0-unsplash.jpg,/kaggle/input/datasets/elmadafri/the-wildfire-dataset/the_wildfire_dataset_2n_version/val/nofire/kristaps-ungurs-HQHSzvTHYI0-unsplash.jpg,5046,3362,JPEG,RGB,3362
val,nofire,unsplash,kristaps-ungurs,kristaps-ungurs-Nx2UF4e6VOk-unsplash.jpg,/kaggle/input/datasets/elmadafri/the-wildfire-dataset/the_wildfire_dataset_2n_version/val/nofire/kristaps-ungurs-Nx2UF4e6VOk-unsplash.jpg,3461,5195,JPEG,RGB,3461
val,nofire,unsplash,kristaps-ungurs,kristaps-ungurs-TIUC6Mq39mk-unsplash.jpg,/kaggle/input/datasets/elmadafri/the-wildfire-dataset/the_wildfire_dataset_2n_version/val/nofire/kristaps-ungurs-TIUC6Mq39mk-unsplash.jpg,4047,5059,JPEG,RGB,4047
val,nofire,unsplash,kristaps-ungurs,kristaps-ungurs-TlJSzJlPRc8-unsplash.jpg,/kaggle/input/datasets/elmadafri/the-wildfire-dataset/the_wildfire_dataset_2n_version/val/nofire/kristaps-ungurs-TlJSzJlPRc8-unsplash.jpg,5464,3640,JPEG,RGB,3640
val,nofire,unsplash,kristaps-ungurs,kristaps-ungurs-WBXF3C8d2oM-unsplash.jpg,/kaggle/input/datasets/elmadafri/the-wildfire-dataset/the_wildfire_dataset_2n_version/val/nofire/kristaps-ungurs-WBXF3C8d2oM-unsplash.jpg,4497,2996,JPEG,RGB,2996
val,nofire,unsplash,kristaps-ungurs,kristaps-ungurs-XTHG2ftvSQA-unsplash.jpg,/kaggle/input/datasets/elmadafri/the-wildfire-dataset/the_wildfire_dataset_2n_version/val/nofire/kristaps-ungurs-XTHG2ftvSQA-unsplash.jpg,5224,3483,JPEG,RGB,3483
val,nofire,unsplash,kristaps-ungurs,kristaps-ungurs-gvAW89kbDUk-unsplash.jpg,/kaggle/input/datasets/elmadafri/the-wildfire-dataset/the_wildfire_dataset_2n_version/val/nofire/kristaps-ungurs-gvAW89kbDUk-unsplash.jpg,3514,5275,JPEG,RGB,3514
val,nofire,unsplash,kristaps-ungurs,kristaps-ungurs-yTwtODT8XR4-unsplash.jpg,/kaggle/input/datasets/elmadafri/the-wildfire-dataset/the_wildfire_dataset_2n_version/val/nofire/kristaps-ungurs-yTwtODT8XR4-unsplash.jpg,3331,5000,JPEG,RGB,3331
val,nofire,unsplash,kurt-liebhaeuser,kurt-liebhaeuser-dBuBvDnDX2Q-unsplash.jpg,/kaggle/input/datasets/elmadafri/the-wildfire-dataset/the_wildfire_dataset_2n_version/val/nofire/kurt-liebhaeuser-dBuBvDnDX2Q-unsplash.jpg,3559,2373,JPEG,RGB,2373
val,nofire,unsplash,kym-mackinnon,kym-mackinnon-30WeS4oHfDM-unsplash.jpg,/kaggle/input/datasets/elmadafri/the-wildfire-dataset/the_wildfire_dataset_2n_version/val/nofire/kym-mackinnon-30WeS4oHfDM-unsplash.jpg,4896,2752,JPEG,RGB,2752
val,nofire,unsplash,kym-mackinnon,kym-mackinnon-3GkBT-8fDRE-unsplash.jpg,/kaggle/input/datasets/elmadafri/the-wildfire-dataset/the_wildfire_dataset_2n_version/val/nofire/kym-mackinnon-3GkBT-8fDRE-unsplash.jpg,4608,2592,JPEG,RGB,2592
val,nofire,unsplash,kym-mackinnon,kym-mackinnon-66W1hKP7Xvg-unsplash.jpg,/kaggle/input/datasets/elmadafri/the-wildfire-dataset/the_wildfire_dataset_2n_version/val/nofire/kym-mackinnon-66W1hKP7Xvg-unsplash.jpg,4896,2752,JPEG,RGB,2752
val,nofire,unsplash,kym-mackinnon,kym-mackinnon-6IgG18WaYGA-unsplash.jpg,/kaggle/input/datasets/elmadafri/the-wildfire-dataset/the_wildfire_dataset_2n_version/val/nofire/kym-mackinnon-6IgG18WaYGA-unsplash.jpg,4608,2592,JPEG,RGB,2592
val,nofire,unsplash,kym-mackinnon,kym-mackinnon-IWv0j0Ty2Lw-unsplash.jpg,/kaggle/input/datasets/elmadafri/the-wildfire-dataset/the_wildfire_dataset_2n_version/val/nofire/kym-mackinnon-IWv0j0Ty2Lw-unsplash.jpg,4896,2752,JPEG,RGB,2752
val,nofire,unsplash,kym-mackinnon,kym-mackinnon-Ibm4PFMw60s-unsplash.jpg,/kaggle/input/datasets/elmadafri/the-wildfire-dataset/the_wildfire_dataset_2n_version/val/nofire/kym-mackinnon-Ibm4PFMw60s-unsplash.jpg,6000,3493,JPEG,RGB,3493
val,nofire,unsplash,kym-mackinnon,kym-mackinnon-MeahFD3Ldio-unsplash.jpg,/kaggle/input/datasets/elmadafri/the-wildfire-dataset/the_wildfire_dataset_2n_version/val/nofire/kym-mackinnon-MeahFD3Ldio-unsplash.jpg,4608,2592,JPEG,RGB,2592
val,nofire,unsplash,kym-mackinnon,kym-mackinnon-NUZjuwWTGQg-unsplash.jpg,/kaggle/input/datasets/elmadafri/the-wildfire-dataset/the_wildfire_dataset_2n_version/val/nofire/kym-mackinnon-NUZjuwWTGQg-unsplash.jpg,4896,2752,JPEG,RGB,2752
val,nofire,unsplash,kym-mackinnon,kym-mackinnon-S-awcL4O_vg-unsplash.jpg,/kaggle/input/datasets/elmadafri/the-wildfire-dataset/the_wildfire_dataset_2n_version/val/nofire/kym-mackinnon-S-awcL4O_vg-unsplash.jpg,4896,2752,JPEG,RGB,2752
val,nofire,unsplash,kym-mackinnon,kym-mackinnon-SeJLzJ2YcwQ-unsplash.jpg,/kaggle/input/datasets/elmadafri/the-wildfire-dataset/the_wildfire_dataset_2n_version/val/nofire/kym-mackinnon-SeJLzJ2YcwQ-unsplash.jpg,4598,2716,JPEG,RGB,2716
val,nofire,unsplash,kym-mackinnon,kym-mackinnon-TfsBR17bmAI-unsplash.jpg,/kaggle/input/datasets/elmadafri/the-wildfire-dataset/the_wildfire_dataset_2n_version/val/nofire/kym-mackinnon-TfsBR17bmAI-unsplash.jpg,4608,2592,JPEG,RGB,2592
val,nofire,unsplash,kym-mackinnon,kym-mackinnon-XzDVr8EhGnU-unsplash.jpg,/kaggle/input/datasets/elmadafri/the-wildfire-dataset/the_wildfire_dataset_2n_version/val/nofire/kym-mackinnon-XzDVr8EhGnU-unsplash.jpg,4608,2592,JPEG,RGB,2592
val,nofire,unsplash,kym-mackinnon,kym-mackinnon-ePnzLfbHeMw-unsplash.jpg,/kaggle/input/datasets/elmadafri/the-wildfire-dataset/the_wildfire_dataset_2n_version/val/nofire/kym-mackinnon-ePnzLfbHeMw-unsplash.jpg,4896,2752,JPEG,RGB,2752
val,nofire,unsplash,kym-mackinnon,kym-mackinnon-gzTKexTkvrY-unsplash.jpg,/kaggle/input/datasets/elmadafri/the-wildfire-dataset/the_wildfire_dataset_2n_version/val/nofire/kym-mackinnon-gzTKexTkvrY-unsplash.jpg,4533,2550,JPEG,RGB,2550
val,nofire,unsplash,kym-mackinnon,kym-mackinnon-jo9mXccPje4-unsplash.jpg,/kaggle/input/datasets/elmadafri/the-wildfire-dataset/the_wildfire_dataset_2n_version/val/nofire/kym-mackinnon-jo9mXccPje4-unsplash.jpg,4608,2592,JPEG,RGB,2592
val,nofire,unsplash,larry-chen,larry-chen-Nte-4RiRfwU-unsplash.jpg,/kaggle/input/datasets/elmadafri/the-wildfire-dataset/the_wildfire_dataset_2n_version/val/nofire/larry-chen-Nte-4RiRfwU-unsplash.jpg,9682,4803,JPEG,RGB,4803
val,nofire,unsplash,leon-seierlein,leon-seierlein-CdW7DkJ4FKc-unsplash.jpg,/kaggle/input/datasets/elmadafri/the-wildfire-dataset/the_wildfire_dataset_2n_version/val/nofire/leon-seierlein-CdW7DkJ4FKc-unsplash.jpg,3992,2242,JPEG,RGB,2242
val,nofire,unsplash,levi-bare,levi-bare-pouX67ISg_k-unsplash.jpg,/kaggle/input/datasets/elmadafri/the-wildfire-dataset/the_wildfire_dataset_2n_version/val/nofire/levi-bare-pouX67ISg_k-unsplash.jpg,5129,3417,JPEG,RGB,3417
val,nofire,unsplash,liam-pozz,liam-pozz-yjmJBkKn26k-unsplash.jpg,/kaggle/input/datasets/elmadafri/the-wildfire-dataset/the_wildfire_dataset_2n_version/val/nofire/liam-pozz-yjmJBkKn26k-unsplash.jpg,2992,3992,JPEG,RGB,2992
val,nofire,unsplash,lidya-nada,lidya-nada-9pgh8AHfz8I-unsplash.jpg,/kaggle/input/datasets/elmadafri/the-wildfire-dataset/the_wildfire_dataset_2n_version/val/nofire/lidya-nada-9pgh8AHfz8I-unsplash.jpg,4896,3264,JPEG,RGB,3264
val,nofire,unsplash,lili-kovac,lili-kovac-795KLb6DI7E-unsplash.jpg,/kaggle/input/datasets/elmadafri/the-wildfire-dataset/the_wildfire_dataset_2n_version/val/nofire/lili-kovac-795KLb6DI7E-unsplash.jpg,6000,4000,JPEG,RGB,4000
val,nofire,unsplash,lili-kovac,lili-kovac-TmvReoXVOyA-unsplash.jpg,/kaggle/input/datasets/elmadafri/the-wildfire-dataset/the_wildfire_dataset_2n_version/val/nofire/lili-kovac-TmvReoXVOyA-unsplash.jpg,2228,3000,JPEG,RGB,2228
val,nofire,unsplash,luca-micheli,luca-micheli-BKfu9JNYRQc-unsplash.jpg,/kaggle/input/datasets/elmadafri/the-wildfire-dataset/the_wildfire_dataset_2n_version/val/nofire/luca-micheli-BKfu9JNYRQc-unsplash.jpg,3992,2992,JPEG,RGB,2992
val,nofire,unsplash,lucas-ludwig,lucas-ludwig-BzHBWSbrDuA-unsplash.jpg,/kaggle/input/datasets/elmadafri/the-wildfire-dataset/the_wildfire_dataset_2n_version/val/nofire/lucas-ludwig-BzHBWSbrDuA-unsplash.jpg,6240,4160,JPEG,RGB,4160
val,nofire,unsplash,lucas-ludwig,lucas-ludwig-eOov7MDQzAk-unsplash.jpg,/kaggle/input/datasets/elmadafri/the-wildfire-dataset/the_wildfire_dataset_2n_version/val/nofire/lucas-ludwig-eOov7MDQzAk-unsplash.jpg,4663,3165,JPEG,RGB,3165
val,nofire,unsplash,luismi-sanchez,luismi-sanchez-2EGnGR3OKww-unsplash.jpg,/kaggle/input/datasets/elmadafri/the-wildfire-dataset/the_wildfire_dataset_2n_version/val/nofire/luismi-sanchez-2EGnGR3OKww-unsplash.jpg,3900,2613,JPEG,RGB,2613
val,nofire,unsplash,luke-paris,luke-paris-M3vZnV7-hPk-unsplash.jpg,/kaggle/input/datasets/elmadafri/the-wildfire-dataset/the_wildfire_dataset_2n_version/val/nofire/luke-paris-M3vZnV7-hPk-unsplash.jpg,5184,3456,JPEG,RGB,3456
val,nofire,unsplash,maciek-sulkowski,maciek-sulkowski-58tP7g7x1LQ-unsplash.jpg,/kaggle/input/datasets/elmadafri/the-wildfire-dataset/the_wildfire_dataset_2n_version/val/nofire/maciek-sulkowski-58tP7g7x1LQ-unsplash.jpg,4812,3208,JPEG,RGB,3208
val,nofire,unsplash,maksym-diachenko,maksym-diachenko-jpyqRIuv2DI-unsplash.jpg,/kaggle/input/datasets/elmadafri/the-wildfire-dataset/the_wildfire_dataset_2n_version/val/nofire/maksym-diachenko-jpyqRIuv2DI-unsplash.jpg,5446,3628,JPEG,RGB,3628
val,nofire,unsplash,malik-skydsgaard,malik-skydsgaard-RBecmwlKUS4-unsplash.jpg,/kaggle/input/datasets/elmadafri/the-wildfire-dataset/the_wildfire_dataset_2n_version/val/nofire/malik-skydsgaard-RBecmwlKUS4-unsplash.jpg,5270,7133,JPEG,RGB,5270
val,nofire,unsplash,marcin-jozwiak,marcin-jozwiak-_Ibr3e8y5po-unsplash.jpg,/kaggle/input/datasets/elmadafri/the-wildfire-dataset/the_wildfire_dataset_2n_version/val/nofire/marcin-jozwiak-_Ibr3e8y5po-unsplash.jpg,5464,3640,JPEG,RGB,3640
val,nofire,unsplash,marcin-jozwiak,marcin-jozwiak-nnbTctQ9L2w-unsplash.jpg,/kaggle/input/datasets/elmadafri/the-wildfire-dataset/the_wildfire_dataset_2n_version/val/nofire/marcin-jozwiak-nnbTctQ9L2w-unsplash.jpg,5464,3640,JPEG,RGB,3640
val,nofire,unsplash,marek-piwnicki,marek-piwnicki-Ds5iv1xhMRY-unsplash.jpg,/kaggle/input/datasets/elmadafri/the-wildfire-dataset/the_wildfire_dataset_2n_version/val/nofire/marek-piwnicki-Ds5iv1xhMRY-unsplash.jpg,5417,3386,JPEG,RGB,3386
val,nofire,unsplash,marek-piwnicki,marek-piwnicki-EmJy3_FV1ZI-unsplash.jpg,/kaggle/input/datasets/elmadafri/the-wildfire-dataset/the_wildfire_dataset_2n_version/val/nofire/marek-piwnicki-EmJy3_FV1ZI-unsplash.jpg,5157,2901,JPEG,RGB,2901
val,nofire,unsplash,marek-piwnicki,marek-piwnicki-F9_nfytJ9fo-unsplash.jpg,/kaggle/input/datasets/elmadafri/the-wildfire-dataset/the_wildfire_dataset_2n_version/val/nofire/marek-piwnicki-F9_nfytJ9fo-unsplash.jpg,5252,3283,JPEG,RGB,3283
val,nofire,unsplash,marek-piwnicki,marek-piwnicki-FrQjnVgiFPQ-unsplash.jpg,/kaggle/input/datasets/elmadafri/the-wildfire-dataset/the_wildfire_dataset_2n_version/val/nofire/marek-piwnicki-FrQjnVgiFPQ-unsplash.jpg,5006,2816,JPEG,RGB,2816
val,nofire,unsplash,marek-piwnicki,marek-piwnicki-H6Wov65zqsE-unsplash.jpg,/kaggle/input/datasets/elmadafri/the-wildfire-dataset/the_wildfire_dataset_2n_version/val/nofire/marek-piwnicki-H6Wov65zqsE-unsplash.jpg,3471,5206,JPEG,RGB,3471
val,nofire,unsplash,marek-piwnicki,marek-piwnicki-bibgRlPh5EE-unsplash.jpg,/kaggle/input/datasets/elmadafri/the-wildfire-dataset/the_wildfire_dataset_2n_version/val/nofire/marek-piwnicki-bibgRlPh5EE-unsplash.jpg,3425,5137,JPEG,RGB,3425
val,nofire,unsplash,marek-piwnicki,marek-piwnicki-gGcrMV1OSAs-unsplash.jpg,/kaggle/input/datasets/elmadafri/the-wildfire-dataset/the_wildfire_dataset_2n_version/val/nofire/marek-piwnicki-gGcrMV1OSAs-unsplash.jpg,5251,2954,JPEG,RGB,2954
val,nofire,unsplash,marek-piwnicki,marek-piwnicki-h8LT_LA_GDQ-unsplash.jpg,/kaggle/input/datasets/elmadafri/the-wildfire-dataset/the_wildfire_dataset_2n_version/val/nofire/marek-piwnicki-h8LT_LA_GDQ-unsplash.jpg,5416,3047,JPEG,RGB,3047
val,nofire,unsplash,marek-piwnicki,marek-piwnicki-ieVbO8spLZY-unsplash.jpg,/kaggle/input/datasets/elmadafri/the-wildfire-dataset/the_wildfire_dataset_2n_version/val/nofire/marek-piwnicki-ieVbO8spLZY-unsplash.jpg,5046,2838,JPEG,RGB,2838
val,nofire,unsplash,mathieu-odin,mathieu-odin-qi_HNlbCff0-unsplash.jpg,/kaggle/input/datasets/elmadafri/the-wildfire-dataset/the_wildfire_dataset_2n_version/val/nofire/mathieu-odin-qi_HNlbCff0-unsplash.jpg,6000,4000,JPEG,RGB,4000
val,nofire,unsplash,matthew-YzaiSMpzH9w,matthew-YzaiSMpzH9w-unsplash.jpg,/kaggle/input/datasets/elmadafri/the-wildfire-dataset/the_wildfire_dataset_2n_version/val/nofire/matthew-YzaiSMpzH9w-unsplash.jpg,5464,3070,JPEG,RGB,3070
val,nofire,unsplash,max-bottinger,max-bottinger-fEIjWVP_Xjc-unsplash.jpg,/kaggle/input/datasets/elmadafri/the-wildfire-dataset/the_wildfire_dataset_2n_version/val/nofire/max-bottinger-fEIjWVP_Xjc-unsplash.jpg,2991,2243,JPEG,RGB,2243
val,nofire,unsplash,max-okhrimenko,max-okhrimenko-iz2jYuf0uN4-unsplash.jpg,/kaggle/input/datasets/elmadafri/the-wildfire-dataset/the_wildfire_dataset_2n_version/val/nofire/max-okhrimenko-iz2jYuf0uN4-unsplash.jpg,2666,4000,JPEG,RGB,2666
val,nofire,unsplash,melina-kiefer,melina-kiefer-0AfMtHcK-YQ-unsplash.jpg,/kaggle/input/datasets/elmadafri/the-wildfire-dataset/the_wildfire_dataset_2n_version/val/nofire/melina-kiefer-0AfMtHcK-YQ-unsplash.jpg,4000,6000,JPEG,RGB,4000
val,nofire,unsplash,micah-hallahan,micah-hallahan-4Pny71fK--k-unsplash.jpg,/kaggle/input/datasets/elmadafri/the-wildfire-dataset/the_wildfire_dataset_2n_version/val/nofire/micah-hallahan-4Pny71fK--k-unsplash.jpg,3072,2048,JPEG,RGB,2048
val,nofire,unsplash,michael-hacker,michael-hacker-bQoCZR0YW_w-unsplash.jpg,/kaggle/input/datasets/elmadafri/the-wildfire-dataset/the_wildfire_dataset_2n_version/val/nofire/michael-hacker-bQoCZR0YW_w-unsplash.jpg,5000,3750,JPEG,RGB,3750
val,nofire,unsplash,michael-olsen,michael-olsen-h_T5EH4yXBI-unsplash.jpg,/kaggle/input/datasets/elmadafri/the-wildfire-dataset/the_wildfire_dataset_2n_version/val/nofire/michael-olsen-h_T5EH4yXBI-unsplash.jpg,3689,2754,JPEG,RGB,2754
val,nofire,unsplash,mike-dennler,mike-dennler-T9CktnMI8TQ-unsplash.jpg,/kaggle/input/datasets/elmadafri/the-wildfire-dataset/the_wildfire_dataset_2n_version/val/nofire/mike-dennler-T9CktnMI8TQ-unsplash.jpg,3840,2560,JPEG,RGB,2560
val,nofire,unsplash,muhammad-masood,muhammad-masood-5EVrQKXPa5g-unsplash.jpg,/kaggle/input/datasets/elmadafri/the-wildfire-dataset/the_wildfire_dataset_2n_version/val/nofire/muhammad-masood-5EVrQKXPa5g-unsplash.jpg,5472,3539,JPEG,RGB,3539
val,nofire,unsplash,muzammil-soorma,muzammil-soorma-k627Fn-spUg-unsplash.jpg,/kaggle/input/datasets/elmadafri/the-wildfire-dataset/the_wildfire_dataset_2n_version/val/nofire/muzammil-soorma-k627Fn-spUg-unsplash.jpg,3666,5499,JPEG,RGB,3666
val,nofire,unsplash,nathan-anderson,nathan-anderson-0mZLht43A_c-unsplash.jpg,/kaggle/input/datasets/elmadafri/the-wildfire-dataset/the_wildfire_dataset_2n_version/val/nofire/nathan-anderson-0mZLht43A_c-unsplash.jpg,3992,2992,JPEG,RGB,2992
val,nofire,unsplash,nathan-anderson,nathan-anderson-J8bpdsKmN1o-unsplash.jpg,/kaggle/input/datasets/elmadafri/the-wildfire-dataset/the_wildfire_dataset_2n_version/val/nofire/nathan-anderson-J8bpdsKmN1o-unsplash.jpg,3992,2992,JPEG,RGB,2992
val,nofire,unsplash,nathan-dumlao,nathan-dumlao-EIYtJ2WaK68-unsplash.jpg,/kaggle/input/datasets/elmadafri/the-wildfire-dataset/the_wildfire_dataset_2n_version/val/nofire/nathan-dumlao-EIYtJ2WaK68-unsplash.jpg,3456,5184,JPEG,RGB,3456
val,nofire,unsplash,nathan-queloz,nathan-queloz-AqJKj-8ogzI-unsplash.jpg,/kaggle/input/datasets/elmadafri/the-wildfire-dataset/the_wildfire_dataset_2n_version/val/nofire/nathan-queloz-AqJKj-8ogzI-unsplash.jpg,3968,2976,JPEG,RGB,2976
val,nofire,unsplash,neha-maheen,neha-maheen-mahfin-QseuzWDt_UE-unsplash.jpg,/kaggle/input/datasets/elmadafri/the-wildfire-dataset/the_wildfire_dataset_2n_version/val/nofire/neha-maheen-mahfin-QseuzWDt_UE-unsplash.jpg,5355,3570,JPEG,RGB,3570
val,nofire,unsplash,neostalgic-DzUxaWweqXI,neostalgic-DzUxaWweqXI-unsplash.jpg,/kaggle/input/datasets/elmadafri/the-wildfire-dataset/the_wildfire_dataset_2n_version/val/nofire/neostalgic-DzUxaWweqXI-unsplash.jpg,5268,2963,JPEG,RGB,2963
val,nofire,unsplash,nic-y,nic-y-c-LPwx5fHnkw4-unsplash.jpg,/kaggle/input/datasets/elmadafri/the-wildfire-dataset/the_wildfire_dataset_2n_version/val/nofire/nic-y-c-LPwx5fHnkw4-unsplash.jpg,2093,2616,JPEG,RGB,2093
val,nofire,unsplash,nils-stahl,nils-stahl-GbXf-JJJI2Y-unsplash.jpg,/kaggle/input/datasets/elmadafri/the-wildfire-dataset/the_wildfire_dataset_2n_version/val/nofire/nils-stahl-GbXf-JJJI2Y-unsplash.jpg,3968,2976,JPEG,RGB,2976
val,nofire,unsplash,nitish-meena,nitish-meena-ytGtKR94nAI-unsplash.jpg,/kaggle/input/datasets/elmadafri/the-wildfire-dataset/the_wildfire_dataset_2n_version/val/nofire/nitish-meena-ytGtKR94nAI-unsplash.jpg,2200,3300,JPEG,RGB,2200
val,nofire,unsplash,noah-silliman,noah-silliman-CEnE2kDpjZQ-unsplash.jpg,/kaggle/input/datasets/elmadafri/the-wildfire-dataset/the_wildfire_dataset_2n_version/val/nofire/noah-silliman-CEnE2kDpjZQ-unsplash.jpg,5184,3456,JPEG,RGB,3456
val,nofire,unsplash,oleg-chursin,oleg-chursin-vaPoJZB9Mzg-unsplash.jpg,/kaggle/input/datasets/elmadafri/the-wildfire-dataset/the_wildfire_dataset_2n_version/val/nofire/oleg-chursin-vaPoJZB9Mzg-unsplash.jpg,6016,4016,JPEG,RGB,4016
val,nofire,unsplash,olena-sergienko,olena-sergienko-0brGSwknRsI-unsplash.jpg,/kaggle/input/datasets/elmadafri/the-wildfire-dataset/the_wildfire_dataset_2n_version/val/nofire/olena-sergienko-0brGSwknRsI-unsplash.jpg,2250,4000,JPEG,RGB,2250
val,nofire,unsplash,olena-sergienko,olena-sergienko-DnnEpb92et0-unsplash.jpg,/kaggle/input/datasets/elmadafri/the-wildfire-dataset/the_wildfire_dataset_2n_version/val/nofire/olena-sergienko-DnnEpb92et0-unsplash.jpg,2250,4000,JPEG,RGB,2250
val,nofire,unsplash,oliver-roos,oliver-roos-4eu417cVNo4-unsplash.jpg,/kaggle/input/datasets/elmadafri/the-wildfire-dataset/the_wildfire_dataset_2n_version/val/nofire/oliver-roos-4eu417cVNo4-unsplash.jpg,2575,3219,JPEG,RGB,2575
val,nofire,unsplash,ouael-ben,ouael-ben-salah-TB3_GhqtxAE-unsplash.jpg,/kaggle/input/datasets/elmadafri/the-wildfire-dataset/the_wildfire_dataset_2n_version/val/nofire/ouael-ben-salah-TB3_GhqtxAE-unsplash.jpg,4160,6240,JPEG,RGB,4160
val,nofire,unsplash,parker-hilton,parker-hilton-vFzZ1_LPttk-unsplash.jpg,/kaggle/input/datasets/elmadafri/the-wildfire-dataset/the_wildfire_dataset_2n_version/val/nofire/parker-hilton-vFzZ1_LPttk-unsplash.jpg,5472,3648,JPEG,RGB,3648
val,nofire,unsplash,pat-whelen,pat-whelen-ASEBT9QA6v0-unsplash.jpg,/kaggle/input/datasets/elmadafri/the-wildfire-dataset/the_wildfire_dataset_2n_version/val/nofire/pat-whelen-ASEBT9QA6v0-unsplash.jpg,4000,2250,JPEG,RGB,2250
val,nofire,unsplash,pat-whelen,pat-whelen-eUywHBGooBo-unsplash.jpg,/kaggle/input/datasets/elmadafri/the-wildfire-dataset/the_wildfire_dataset_2n_version/val/nofire/pat-whelen-eUywHBGooBo-unsplash.jpg,2063,2579,JPEG,RGB,2063
val,nofire,unsplash,pat-whelen,pat-whelen-kf4Pvq5Vx9M-unsplash.jpg,/kaggle/input/datasets/elmadafri/the-wildfire-dataset/the_wildfire_dataset_2n_version/val/nofire/pat-whelen-kf4Pvq5Vx9M-unsplash.jpg,4000,2250,JPEG,RGB,2250
val,nofire,unsplash,patrick-federi,patrick-federi-SAVCXJ6LYTU-unsplash.jpg,/kaggle/input/datasets/elmadafri/the-wildfire-dataset/the_wildfire_dataset_2n_version/val/nofire/patrick-federi-SAVCXJ6LYTU-unsplash.jpg,5432,3619,JPEG,RGB,3619
val,nofire,unsplash,patrick-schneider,patrick-schneider-I4fDK4Fz_vw-unsplash.jpg,/kaggle/input/datasets/elmadafri/the-wildfire-dataset/the_wildfire_dataset_2n_version/val/nofire/patrick-schneider-I4fDK4Fz_vw-unsplash.jpg,5757,3838,JPEG,RGB,3838
val,nofire,unsplash,paul-pastourmatzis,paul-pastourmatzis-OZdKEwDXXJU-unsplash.jpg,/kaggle/input/datasets/elmadafri/the-wildfire-dataset/the_wildfire_dataset_2n_version/val/nofire/paul-pastourmatzis-OZdKEwDXXJU-unsplash.jpg,5472,3080,JPEG,RGB,3080
val,nofire,unsplash,paul-pastourmatzis,paul-pastourmatzis-Pa6cSkwvF8k-unsplash.jpg,/kaggle/input/datasets/elmadafri/the-wildfire-dataset/the_wildfire_dataset_2n_version/val/nofire/paul-pastourmatzis-Pa6cSkwvF8k-unsplash.jpg,5472,3078,JPEG,RGB,3078
val,nofire,unsplash,paul-pastourmatzis,paul-pastourmatzis-y3goGHCPylY-unsplash.jpg,/kaggle/input/datasets/elmadafri/the-wildfire-dataset/the_wildfire_dataset_2n_version/val/nofire/paul-pastourmatzis-y3goGHCPylY-unsplash.jpg,5472,3078,JPEG,RGB,3078
val,nofire,unsplash,paul-trienekens,paul-trienekens-SVur00PsY38-unsplash.jpg,/kaggle/input/datasets/elmadafri/the-wildfire-dataset/the_wildfire_dataset_2n_version/val/nofire/paul-trienekens-SVur00PsY38-unsplash.jpg,3992,2242,JPEG,RGB,2242
val,nofire,unsplash,pavlo-rekun,pavlo-rekun-B4yUqTV5Au0-unsplash.jpg,/kaggle/input/datasets/elmadafri/the-wildfire-dataset/the_wildfire_dataset_2n_version/val/nofire/pavlo-rekun-B4yUqTV5Au0-unsplash.jpg,4000,2250,JPEG,RGB,2250
val,nofire,unsplash,pawan-thapa,pawan-thapa-AXB3kLhUDY8-unsplash.jpg,/kaggle/input/datasets/elmadafri/the-wildfire-dataset/the_wildfire_dataset_2n_version/val/nofire/pawan-thapa-AXB3kLhUDY8-unsplash.jpg,5472,3648,JPEG,RGB,3648
val,nofire,unsplash,pine-watt,pine-watt-2Hzmz15wGik-unsplash.jpg,/kaggle/input/datasets/elmadafri/the-wildfire-dataset/the_wildfire_dataset_2n_version/val/nofire/pine-watt-2Hzmz15wGik-unsplash.jpg,5184,3456,JPEG,RGB,3456
val,nofire,unsplash,porter-raab,porter-raab-zTbIQgZYAJM-unsplash.jpg,/kaggle/input/datasets/elmadafri/the-wildfire-dataset/the_wildfire_dataset_2n_version/val/nofire/porter-raab-zTbIQgZYAJM-unsplash.jpg,4000,3000,JPEG,RGB,3000
val,nofire,unsplash,rafal-jedrzejek,rafal-jedrzejek-EfC37DkWAJ0-unsplash.jpg,/kaggle/input/datasets/elmadafri/the-wildfire-dataset/the_wildfire_dataset_2n_version/val/nofire/rafal-jedrzejek-EfC37DkWAJ0-unsplash.jpg,4000,2250,JPEG,RGB,2250
val,nofire,unsplash,rahul-chakraborty,rahul-chakraborty-4MwNNPxCq6k-unsplash.jpg,/kaggle/input/datasets/elmadafri/the-wildfire-dataset/the_wildfire_dataset_2n_version/val/nofire/rahul-chakraborty-4MwNNPxCq6k-unsplash.jpg,4055,3039,JPEG,RGB,3039
val,nofire,unsplash,raymond-burrage,raymond-burrage-1LSNEp6bU9U-unsplash.jpg,/kaggle/input/datasets/elmadafri/the-wildfire-dataset/the_wildfire_dataset_2n_version/val/nofire/raymond-burrage-1LSNEp6bU9U-unsplash.jpg,4000,2250,JPEG,RGB,2250
val,nofire,unsplash,red-zeppelin,red-zeppelin-3IjdrObWrAQ-unsplash.jpg,/kaggle/input/datasets/elmadafri/the-wildfire-dataset/the_wildfire_dataset_2n_version/val/nofire/red-zeppelin-3IjdrObWrAQ-unsplash.jpg,5000,7763,JPEG,RGB,5000
val,nofire,unsplash,red-zeppelin,red-zeppelin-Ay2PtJjOqos-unsplash.jpg,/kaggle/input/datasets/elmadafri/the-wildfire-dataset/the_wildfire_dataset_2n_version/val/nofire/red-zeppelin-Ay2PtJjOqos-unsplash.jpg,6472,3127,JPEG,RGB,3127
val,nofire,unsplash,redd-f,redd-f-wxkHg1Tegh4-unsplash.jpg,/kaggle/input/datasets/elmadafri/the-wildfire-dataset/the_wildfire_dataset_2n_version/val/nofire/redd-f-wxkHg1Tegh4-unsplash.jpg,5799,3866,JPEG,RGB,3866
val,nofire,unsplash,renaldo-matamoro,renaldo-matamoro-uzI7fVVwlJI-unsplash.jpg,/kaggle/input/datasets/elmadafri/the-wildfire-dataset/the_wildfire_dataset_2n_version/val/nofire/renaldo-matamoro-uzI7fVVwlJI-unsplash.jpg,4000,2250,JPEG,RGB,2250
val,nofire,unsplash,rog-shafi,rog-shafi-mVFTdCkshMI-unsplash.jpg,/kaggle/input/datasets/elmadafri/the-wildfire-dataset/the_wildfire_dataset_2n_version/val/nofire/rog-shafi-mVFTdCkshMI-unsplash.jpg,3978,2234,JPEG,RGB,2234
val,nofire,unsplash,ron-whitaker,ron-whitaker-aow5C0Y9MjY-unsplash.jpg,/kaggle/input/datasets/elmadafri/the-wildfire-dataset/the_wildfire_dataset_2n_version/val/nofire/ron-whitaker-aow5C0Y9MjY-unsplash.jpg,3992,2992,JPEG,RGB,2992
val,nofire,unsplash,ronald-smeets,ronald-smeets-QdmJzausBHA-unsplash.jpg,/kaggle/input/datasets/elmadafri/the-wildfire-dataset/the_wildfire_dataset_2n_version/val/nofire/ronald-smeets-QdmJzausBHA-unsplash.jpg,3953,2471,JPEG,RGB,2471
val,nofire,unsplash,rosalind-chang,rosalind-chang-qoEbOp0T16c-unsplash.jpg,/kaggle/input/datasets/elmadafri/the-wildfire-dataset/the_wildfire_dataset_2n_version/val/nofire/rosalind-chang-qoEbOp0T16c-unsplash.jpg,4288,2848,JPEG,RGB,2848
val,nofire,unsplash,ryan-stone,ryan-stone-zwVihRS0jIw-unsplash.jpg,/kaggle/input/datasets/elmadafri/the-wildfire-dataset/the_wildfire_dataset_2n_version/val/nofire/ryan-stone-zwVihRS0jIw-unsplash.jpg,4851,3234,JPEG,RGB,3234
val,nofire,unsplash,sajad-baharvandi,sajad-baharvandi-xtj4Yhvjsvk-unsplash.jpg,/kaggle/input/datasets/elmadafri/the-wildfire-dataset/the_wildfire_dataset_2n_version/val/nofire/sajad-baharvandi-xtj4Yhvjsvk-unsplash.jpg,2930,5215,JPEG,RGB,2930
val,nofire,unsplash,salmen-bejaoui,salmen-bejaoui-5D-5BHyNLt0-unsplash.jpg,/kaggle/input/datasets/elmadafri/the-wildfire-dataset/the_wildfire_dataset_2n_version/val/nofire/salmen-bejaoui-5D-5BHyNLt0-unsplash.jpg,6000,4000,JPEG,RGB,4000
val,nofire,unsplash,sante-capobianco,sante-capobianco-a89LR5R20k4-unsplash.jpg,/kaggle/input/datasets/elmadafri/the-wildfire-dataset/the_wildfire_dataset_2n_version/val/nofire/sante-capobianco-a89LR5R20k4-unsplash.jpg,3186,4248,JPEG,RGB,3186
val,nofire,unsplash,sean-foster,sean-foster-rMCNleINHPw-unsplash.jpg,/kaggle/input/datasets/elmadafri/the-wildfire-dataset/the_wildfire_dataset_2n_version/val/nofire/sean-foster-rMCNleINHPw-unsplash.jpg,3456,5184,JPEG,RGB,3456
val,nofire,unsplash,sean-foster,sean-foster-ulNJ7tgraTo-unsplash.jpg,/kaggle/input/datasets/elmadafri/the-wildfire-dataset/the_wildfire_dataset_2n_version/val/nofire/sean-foster-ulNJ7tgraTo-unsplash.jpg,5184,3456,JPEG,RGB,3456
val,nofire,unsplash,shaah-shahidh,shaah-shahidh-Xqj_cMVI3-E-unsplash.jpg,/kaggle/input/datasets/elmadafri/the-wildfire-dataset/the_wildfire_dataset_2n_version/val/nofire/shaah-shahidh-Xqj_cMVI3-E-unsplash.jpg,4000,3000,JPEG,RGB,3000
val,nofire,unsplash,shivansh-singh,shivansh-singh-MuD4DADl9fc-unsplash.jpg,/kaggle/input/datasets/elmadafri/the-wildfire-dataset/the_wildfire_dataset_2n_version/val/nofire/shivansh-singh-MuD4DADl9fc-unsplash.jpg,3344,2508,JPEG,RGB,2508
val,nofire,unsplash,soheb-zaidi,soheb-zaidi-Hp8NymG7IIU-unsplash.jpg,/kaggle/input/datasets/elmadafri/the-wildfire-dataset/the_wildfire_dataset_2n_version/val/nofire/soheb-zaidi-Hp8NymG7IIU-unsplash.jpg,3984,2656,JPEG,RGB,2656
val,nofire,unsplash,stefan-briggs,stefan-briggs-QnTrOktAp9k-unsplash.jpg,/kaggle/input/datasets/elmadafri/the-wildfire-dataset/the_wildfire_dataset_2n_version/val/nofire/stefan-briggs-QnTrOktAp9k-unsplash.jpg,3958,3032,JPEG,RGB,3032
val,nofire,unsplash,steije-hillewaert,steije-hillewaert-I8gOQo-CXQk-unsplash.jpg,/kaggle/input/datasets/elmadafri/the-wildfire-dataset/the_wildfire_dataset_2n_version/val/nofire/steije-hillewaert-I8gOQo-CXQk-unsplash.jpg,2992,3992,JPEG,RGB,2992
val,nofire,unsplash,subhasish-dutta,subhasish-dutta-toW4Nybgl_M-unsplash.jpg,/kaggle/input/datasets/elmadafri/the-wildfire-dataset/the_wildfire_dataset_2n_version/val/nofire/subhasish-dutta-toW4Nybgl_M-unsplash.jpg,4000,4082,JPEG,RGB,4000
val,nofire,unsplash,sylwia-bartyzel,sylwia-bartyzel-tME8s001BNQ-unsplash.jpg,/kaggle/input/datasets/elmadafri/the-wildfire-dataset/the_wildfire_dataset_2n_version/val/nofire/sylwia-bartyzel-tME8s001BNQ-unsplash.jpg,4928,3264,JPEG,RGB,3264
val,nofire,unsplash,tandya-rachmat,tandya-rachmat-UapXwTcw5XE-unsplash.jpg,/kaggle/input/datasets/elmadafri/the-wildfire-dataset/the_wildfire_dataset_2n_version/val/nofire/tandya-rachmat-UapXwTcw5XE-unsplash.jpg,3328,8000,JPEG,RGB,3328
val,nofire,unsplash,tautvydas-juknevicius,tautvydas-juknevicius-rYO6kc3mXfo-unsplash.jpg,/kaggle/input/datasets/elmadafri/the-wildfire-dataset/the_wildfire_dataset_2n_version/val/nofire/tautvydas-juknevicius-rYO6kc3mXfo-unsplash.jpg,3992,2242,JPEG,RGB,2242
val,nofire,unsplash,thomas-tixtaaz,thomas-tixtaaz-RA6vbIVis2Y-unsplash.jpg,/kaggle/input/datasets/elmadafri/the-wildfire-dataset/the_wildfire_dataset_2n_version/val/nofire/thomas-tixtaaz-RA6vbIVis2Y-unsplash.jpg,4608,3456,JPEG,RGB,3456
val,nofire,unsplash,tim-mossholder,tim-mossholder-p3kpqGBRPok-unsplash.jpg,/kaggle/input/datasets/elmadafri/the-wildfire-dataset/the_wildfire_dataset_2n_version/val/nofire/tim-mossholder-p3kpqGBRPok-unsplash.jpg,3008,2000,JPEG,RGB,2000
val,nofire,unsplash,tobias-reich,tobias-reich-0AGM_55Beuw-unsplash.jpg,/kaggle/input/datasets/elmadafri/the-wildfire-dataset/the_wildfire_dataset_2n_version/val/nofire/tobias-reich-0AGM_55Beuw-unsplash.jpg,4017,3013,JPEG,RGB,3013
val,nofire,unsplash,tobias-tullius,tobias-tullius-RhjVGxILcqE-unsplash.jpg,/kaggle/input/datasets/elmadafri/the-wildfire-dataset/the_wildfire_dataset_2n_version/val/nofire/tobias-tullius-RhjVGxILcqE-unsplash.jpg,3008,2000,JPEG,RGB,2000
val,nofire,unsplash,tomas-kor,tomas-kor-IY33j3_vpIY-unsplash.jpg,/kaggle/input/datasets/elmadafri/the-wildfire-dataset/the_wildfire_dataset_2n_version/val/nofire/tomas-kor-IY33j3_vpIY-unsplash.jpg,4000,3000,JPEG,RGB,3000
val,nofire,unsplash,tomas-kor,tomas-kor-skyj5sJOim8-unsplash.jpg,/kaggle/input/datasets/elmadafri/the-wildfire-dataset/the_wildfire_dataset_2n_version/val/nofire/tomas-kor-skyj5sJOim8-unsplash.jpg,3485,2391,JPEG,RGB,2391
val,nofire,unsplash,tomas-trajan,tomas-trajan-tU1vOEIYucQ-unsplash.jpg,/kaggle/input/datasets/elmadafri/the-wildfire-dataset/the_wildfire_dataset_2n_version/val/nofire/tomas-trajan-tU1vOEIYucQ-unsplash.jpg,2160,3240,JPEG,RGB,2160
val,nofire,unsplash,tony-l,tony-l-lNJK66HPWag-unsplash.jpg,/kaggle/input/datasets/elmadafri/the-wildfire-dataset/the_wildfire_dataset_2n_version/val/nofire/tony-l-lNJK66HPWag-unsplash.jpg,4000,6000,JPEG,RGB,4000
val,nofire,unsplash,tony-phan,tony-phan-xnT_Yyw_Di8-unsplash.jpg,/kaggle/input/datasets/elmadafri/the-wildfire-dataset/the_wildfire_dataset_2n_version/val/nofire/tony-phan-xnT_Yyw_Di8-unsplash.jpg,4000,6000,JPEG,RGB,4000
val,nofire,unsplash,tyler-lastovich,tyler-lastovich-KQU1OHFLKgE-unsplash.jpg,/kaggle/input/datasets/elmadafri/the-wildfire-dataset/the_wildfire_dataset_2n_version/val/nofire/tyler-lastovich-KQU1OHFLKgE-unsplash.jpg,4000,2750,JPEG,RGB,2750
val,nofire,unsplash,usman-omar,usman-omar-ho7e8JYEo3w-unsplash.jpg,/kaggle/input/datasets/elmadafri/the-wildfire-dataset/the_wildfire_dataset_2n_version/val/nofire/usman-omar-ho7e8JYEo3w-unsplash.jpg,3264,4928,JPEG,RGB,3264
val,nofire,unsplash,v2osk-1Z2niiBPg5A,v2osk-1Z2niiBPg5A-unsplash.jpg,/kaggle/input/datasets/elmadafri/the-wildfire-dataset/the_wildfire_dataset_2n_version/val/nofire/v2osk-1Z2niiBPg5A-unsplash.jpg,7372,4392,JPEG,RGB,4392
val,nofire,unsplash,vashishtha-jogi,vashishtha-jogi-FRphS4dfsMk-unsplash.jpg,/kaggle/input/datasets/elmadafri/the-wildfire-dataset/the_wildfire_dataset_2n_version/val/nofire/vashishtha-jogi-FRphS4dfsMk-unsplash.jpg,4398,2997,JPEG,RGB,2997
val,nofire,unsplash,wes-hicks,wes-hicks-u-jh6blYQmQ-unsplash.jpg,/kaggle/input/datasets/elmadafri/the-wildfire-dataset/the_wildfire_dataset_2n_version/val/nofire/wes-hicks-u-jh6blYQmQ-unsplash.jpg,6720,4480,JPEG,RGB,4480
val,nofire,unsplash,will-swann,will-swann-nYvZYB2NKdY-unsplash.jpg,/kaggle/input/datasets/elmadafri/the-wildfire-dataset/the_wildfire_dataset_2n_version/val/nofire/will-swann-nYvZYB2NKdY-unsplash.jpg,4000,6000,JPEG,RGB,4000
val,nofire,unsplash,wunna-aung,wunna-aung-DubvD-hEd3M-unsplash.jpg,/kaggle/input/datasets/elmadafri/the-wildfire-dataset/the_wildfire_dataset_2n_version/val/nofire/wunna-aung-DubvD-hEd3M-unsplash.jpg,5853,3902,JPEG,RGB,3902
val,nofire,unsplash,yang-song,yang-song-PTgPdhrg5aQ-unsplash.jpg,/kaggle/input/datasets/elmadafri/the-wildfire-dataset/the_wildfire_dataset_2n_version/val/nofire/yang-song-PTgPdhrg5aQ-unsplash.jpg,5472,2712,JPEG,RGB,2712
val,nofire,unsplash,yann-allegre,yann-allegre--LAsMAK_qok-unsplash.jpg,/kaggle/input/datasets/elmadafri/the-wildfire-dataset/the_wildfire_dataset_2n_version/val/nofire/yann-allegre--LAsMAK_qok-unsplash.jpg,3931,4914,JPEG,RGB,3931
val,nofire,unsplash,yannik-mika,yannik-mika-ymRMOsSgRRA-unsplash.jpg,/kaggle/input/datasets/elmadafri/the-wildfire-dataset/the_wildfire_dataset_2n_version/val/nofire/yannik-mika-ymRMOsSgRRA-unsplash.jpg,4032,2268,JPEG,RGB,2268
val,nofire,unsplash,zach-taiji,zach-taiji-iBh14jRMBI4-unsplash.jpg,/kaggle/input/datasets/elmadafri/the-wildfire-dataset/the_wildfire_dataset_2n_version/val/nofire/zach-taiji-iBh14jRMBI4-unsplash.jpg,4351,2869,JPEG,RGB,2869
val,nofire,unsplash,zainal-azrin,zainal-azrin-mohamad-saari-4NBUUxceWf4-unsplash.jpg,/kaggle/input/datasets/elmadafri/the-wildfire-dataset/the_wildfire_dataset_2n_version/val/nofire/zainal-azrin-mohamad-saari-4NBUUxceWf4-unsplash.jpg,4000,3000,JPEG,RGB,3000
val,nofire,unsplash,zetong-li,zetong-li-HLvjhUqi1bM-unsplash.jpg,/kaggle/input/datasets/elmadafri/the-wildfire-dataset/the_wildfire_dataset_2n_version/val/nofire/zetong-li-HLvjhUqi1bM-unsplash.jpg,8200,4612,JPEG,RGB,4612
val,nofire,unsplash,zetong-li,zetong-li-teBqf0BTY_8-unsplash.jpg,/kaggle/input/datasets/elmadafri/the-wildfire-dataset/the_wildfire_dataset_2n_version/val/nofire/zetong-li-teBqf0BTY_8-unsplash.jpg,6048,4024,JPEG,RGB,4024
val,nofire,unsplash,zetong-li,zetong-li-vHIOWBWo3rc-unsplash.jpg,/kaggle/input/datasets/elmadafri/the-wildfire-dataset/the_wildfire_dataset_2n_version/val/nofire/zetong-li-vHIOWBWo3rc-unsplash.jpg,5681,3780,JPEG,RGB,3780
test,fire,flickr,19196558588,19196558588_267f24b847_o.jpg,/kaggle/input/datasets/elmadafri/the-wildfire-dataset/the_wildfire_dataset_2n_version/test/fire/19196558588_267f24b847_o.jpg,17000,4616,JPEG,RGB,4616
test,fire,flickr,20960888741,20960888741_8c4be2c1df_o.jpg,/kaggle/input/datasets/elmadafri/the-wildfire-dataset/the_wildfire_dataset_2n_version/test/fire/20960888741_8c4be2c1df_o.jpg,4000,2248,JPEG,RGB,2248
test,fire,flickr,26131736898,26131736898_9e6a8cd68f_o.jpg,/kaggle/input/datasets/elmadafri/the-wildfire-dataset/the_wildfire_dataset_2n_version/test/fire/26131736898_9e6a8cd68f_o.jpg,3200,2020,JPEG,RGB,2020
test,fire,flickr,26549039025,26549039025_b4cce14ec7_o.jpg,/kaggle/input/datasets/elmadafri/the-wildfire-dataset/the_wildfire_dataset_2n_version/test/fire/26549039025_b4cce14ec7_o.jpg,8257,4500,JPEG,RGB,4500
test,fire,flickr,27002088114,27002088114_aa5cc7f353_o.jpg,/kaggle/input/datasets/elmadafri/the-wildfire-dataset/the_wildfire_dataset_2n_version/test/fire/27002088114_aa5cc7f353_o.jpg,4928,3264,JPEG,RGB,3264
test,fire,flickr,27335331950,27335331950_39b376eddd_o.jpg,/kaggle/input/datasets/elmadafri/the-wildfire-dataset/the_wildfire_dataset_2n_version/test/fire/27335331950_39b376eddd_o.jpg,4928,3264,JPEG,RGB,3264
test,fire,flickr,27389369514,27389369514_cd30397ac2_o.jpg,/kaggle/input/datasets/elmadafri/the-wildfire-dataset/the_wildfire_dataset_2n_version/test/fire/27389369514_cd30397ac2_o.jpg,4608,3456,JPEG,RGB,3456
test,fire,flickr,27951228213,27951228213_2dd961ac1f_o.jpg,/kaggle/input/datasets/elmadafri/the-wildfire-dataset/the_wildfire_dataset_2n_version/test/fire/27951228213_2dd961ac1f_o.jpg,1188,792,JPEG,RGB,792
test,fire,flickr,27968020506,27968020506_5f1a59f2a5_o.jpg,/kaggle/input/datasets/elmadafri/the-wildfire-dataset/the_wildfire_dataset_2n_version/test/fire/27968020506_5f1a59f2a5_o.jpg,2560,1440,JPEG,RGB,1440
test,fire,flickr,28020330864,28020330864_d7a2429a7e_o.jpg,/kaggle/input/datasets/elmadafri/the-wildfire-dataset/the_wildfire_dataset_2n_version/test/fire/28020330864_d7a2429a7e_o.jpg,1000,1500,JPEG,RGB,1000
test,fire,flickr,28347651877,28347651877_ce21ed134e_o.png,/kaggle/input/datasets/elmadafri/the-wildfire-dataset/the_wildfire_dataset_2n_version/test/fire/28347651877_ce21ed134e_o.png,800,600,PNG,RGBA,600
test,fire,flickr,28431967367,28431967367_37bc44b0c1_o.jpg,/kaggle/input/datasets/elmadafri/the-wildfire-dataset/the_wildfire_dataset_2n_version/test/fire/28431967367_37bc44b0c1_o.jpg,5472,3648,JPEG,RGB,3648
test,fire,flickr,28431975607,28431975607_7fc4cc466c_o.jpg,/kaggle/input/datasets/elmadafri/the-wildfire-dataset/the_wildfire_dataset_2n_version/test/fire/28431975607_7fc4cc466c_o.jpg,5472,3648,JPEG,RGB,3648
test,fire,flickr,28431976467,28431976467_0ff1af4b17_o.jpg,/kaggle/input/datasets/elmadafri/the-wildfire-dataset/the_wildfire_dataset_2n_version/test/fire/28431976467_0ff1af4b17_o.jpg,5472,3648,JPEG,RGB,3648
test,fire,flickr,28528946360,28528946360_5254cdafba_o.jpg,/kaggle/input/datasets/elmadafri/the-wildfire-dataset/the_wildfire_dataset_2n_version/test/fire/28528946360_5254cdafba_o.jpg,1280,1280,JPEG,RGB,1280
test,fire,flickr,28537699003,28537699003_1a422593ca_o.jpg,/kaggle/input/datasets/elmadafri/the-wildfire-dataset/the_wildfire_dataset_2n_version/test/fire/28537699003_1a422593ca_o.jpg,375,500,JPEG,RGB,375
test,fire,flickr,28809454424,28809454424_c694988115_o.jpg,/kaggle/input/datasets/elmadafri/the-wildfire-dataset/the_wildfire_dataset_2n_version/test/fire/28809454424_c694988115_o.jpg,5760,3840,JPEG,RGB,3840
test,fire,flickr,28811952773,28811952773_710e9d2d23_o.jpg,/kaggle/input/datasets/elmadafri/the-wildfire-dataset/the_wildfire_dataset_2n_version/test/fire/28811952773_710e9d2d23_o.jpg,3264,2448,JPEG,RGB,2448
test,fire,flickr,28839451467,28839451467_99ba52a28b_o.jpg,/kaggle/input/datasets/elmadafri/the-wildfire-dataset/the_wildfire_dataset_2n_version/test/fire/28839451467_99ba52a28b_o.jpg,1072,804,JPEG,RGB,804
test,fire,flickr,29050868872,29050868872_a81cc9e411_o.jpg,/kaggle/input/datasets/elmadafri/the-wildfire-dataset/the_wildfire_dataset_2n_version/test/fire/29050868872_a81cc9e411_o.jpg,960,540,JPEG,RGB,540
test,fire,flickr,29071683967,29071683967_b1ed99cb89_o.jpg,/kaggle/input/datasets/elmadafri/the-wildfire-dataset/the_wildfire_dataset_2n_version/test/fire/29071683967_b1ed99cb89_o.jpg,5900,3729,JPEG,RGB,3729
test,fire,flickr,29123316786,29123316786_b55ae67b44_o.jpg,/kaggle/input/datasets/elmadafri/the-wildfire-dataset/the_wildfire_dataset_2n_version/test/fire/29123316786_b55ae67b44_o.jpg,3648,5472,JPEG,RGB,3648
test,fire,flickr,29217093202,29217093202_705f9dda46_o.jpg,/kaggle/input/datasets/elmadafri/the-wildfire-dataset/the_wildfire_dataset_2n_version/test/fire/29217093202_705f9dda46_o.jpg,5107,3385,JPEG,RGB,3385
test,fire,flickr,29431355988,29431355988_ba5c97c131_o.jpg,/kaggle/input/datasets/elmadafri/the-wildfire-dataset/the_wildfire_dataset_2n_version/test/fire/29431355988_ba5c97c131_o.jpg,5472,3648,JPEG,RGB,3648
test,fire,flickr,30227808988,30227808988_2cd8f53145_o.jpg,/kaggle/input/datasets/elmadafri/the-wildfire-dataset/the_wildfire_dataset_2n_version/test/fire/30227808988_2cd8f53145_o.jpg,5685,3789,MPO,RGB,3789
test,fire,flickr,32923774463,32923774463_8a894851d1_o.jpg,/kaggle/input/datasets/elmadafri/the-wildfire-dataset/the_wildfire_dataset_2n_version/test/fire/32923774463_8a894851d1_o.jpg,4272,2848,JPEG,RGB,2848
test,fire,flickr,32923781413,32923781413_197187fc02_o.jpg,/kaggle/input/datasets/elmadafri/the-wildfire-dataset/the_wildfire_dataset_2n_version/test/fire/32923781413_197187fc02_o.jpg,4272,2848,JPEG,RGB,2848
test,fire,flickr,33100052071,33100052071_1903ff386b_o.jpg,/kaggle/input/datasets/elmadafri/the-wildfire-dataset/the_wildfire_dataset_2n_version/test/fire/33100052071_1903ff386b_o.jpg,480,640,JPEG,RGB,480
test,fire,flickr,33116128054,33116128054_0169df2131_o.jpg,/kaggle/input/datasets/elmadafri/the-wildfire-dataset/the_wildfire_dataset_2n_version/test/fire/33116128054_0169df2131_o.jpg,1334,750,JPEG,RGB,750
test,fire,flickr,33352231150,33352231150_03c54e5e9b_o.jpg,/kaggle/input/datasets/elmadafri/the-wildfire-dataset/the_wildfire_dataset_2n_version/test/fire/33352231150_03c54e5e9b_o.jpg,4272,2848,JPEG,RGB,2848
test,fire,flickr,34025009332,34025009332_4229aabd8d_o.jpg,/kaggle/input/datasets/elmadafri/the-wildfire-dataset/the_wildfire_dataset_2n_version/test/fire/34025009332_4229aabd8d_o.jpg,2540,1905,JPEG,RGB,1905
test,fire,flickr,34549858860,34549858860_4a9183e9af_o.jpg,/kaggle/input/datasets/elmadafri/the-wildfire-dataset/the_wildfire_dataset_2n_version/test/fire/34549858860_4a9183e9af_o.jpg,4032,3024,JPEG,RGB,3024
test,fire,flickr,34823336661,34823336661_82a258fa12_o.jpg,/kaggle/input/datasets/elmadafri/the-wildfire-dataset/the_wildfire_dataset_2n_version/test/fire/34823336661_82a258fa12_o.jpg,2250,3000,JPEG,RGB,2250
test,fire,flickr,34957472404,34957472404_14d39d5c12_o.jpg,/kaggle/input/datasets/elmadafri/the-wildfire-dataset/the_wildfire_dataset_2n_version/test/fire/34957472404_14d39d5c12_o.jpg,5312,2988,JPEG,RGB,2988
test,fire,flickr,34984770664,34984770664_84f9f5cc6c_o.jpg,/kaggle/input/datasets/elmadafri/the-wildfire-dataset/the_wildfire_dataset_2n_version/test/fire/34984770664_84f9f5cc6c_o.jpg,1200,949,JPEG,RGB,949
test,fire,flickr,35015024723,35015024723_7500837d08_o.jpg,/kaggle/input/datasets/elmadafri/the-wildfire-dataset/the_wildfire_dataset_2n_version/test/fire/35015024723_7500837d08_o.jpg,1200,926,JPEG,RGB,926
test,fire,flickr,35410488130,35410488130_9455032ce9_o.jpg,/kaggle/input/datasets/elmadafri/the-wildfire-dataset/the_wildfire_dataset_2n_version/test/fire/35410488130_9455032ce9_o.jpg,3264,2448,JPEG,RGB,2448
test,fire,flickr,35410492380,35410492380_c881508ce7_o.jpg,/kaggle/input/datasets/elmadafri/the-wildfire-dataset/the_wildfire_dataset_2n_version/test/fire/35410492380_c881508ce7_o.jpg,3264,2448,JPEG,RGB,2448
test,fire,flickr,35410741240,35410741240_4dde737981_o.jpg,/kaggle/input/datasets/elmadafri/the-wildfire-dataset/the_wildfire_dataset_2n_version/test/fire/35410741240_4dde737981_o.jpg,3264,2448,JPEG,RGB,2448
test,fire,flickr,35436556160,35436556160_7c7c9ab2b2_o.jpg,/kaggle/input/datasets/elmadafri/the-wildfire-dataset/the_wildfire_dataset_2n_version/test/fire/35436556160_7c7c9ab2b2_o.jpg,1100,619,JPEG,RGB,619
test,fire,flickr,35436611810,35436611810_9b938fc10c_o.jpg,/kaggle/input/datasets/elmadafri/the-wildfire-dataset/the_wildfire_dataset_2n_version/test/fire/35436611810_9b938fc10c_o.jpg,1200,816,JPEG,RGB,816
test,fire,flickr,35531872313,35531872313_eb8772df72_o.jpg,/kaggle/input/datasets/elmadafri/the-wildfire-dataset/the_wildfire_dataset_2n_version/test/fire/35531872313_eb8772df72_o.jpg,5356,3588,JPEG,RGB,3588
test,fire,flickr,35531882843,35531882843_042b0075e7_o.jpg,/kaggle/input/datasets/elmadafri/the-wildfire-dataset/the_wildfire_dataset_2n_version/test/fire/35531882843_042b0075e7_o.jpg,5360,3580,JPEG,RGB,3580
test,fire,flickr,35784580196,35784580196_cb15962e4e_o.jpg,/kaggle/input/datasets/elmadafri/the-wildfire-dataset/the_wildfire_dataset_2n_version/test/fire/35784580196_cb15962e4e_o.jpg,1100,619,JPEG,RGB,619
test,fire,flickr,36171933842,36171933842_96ffbd3205_o.jpg,/kaggle/input/datasets/elmadafri/the-wildfire-dataset/the_wildfire_dataset_2n_version/test/fire/36171933842_96ffbd3205_o.jpg,5360,3580,JPEG,RGB,3580
test,fire,flickr,36171934502,36171934502_d220ec0b90_o.jpg,/kaggle/input/datasets/elmadafri/the-wildfire-dataset/the_wildfire_dataset_2n_version/test/fire/36171934502_d220ec0b90_o.jpg,5360,3588,JPEG,RGB,3588
test,fire,flickr,36171982712,36171982712_d1839b35aa_o.jpg,/kaggle/input/datasets/elmadafri/the-wildfire-dataset/the_wildfire_dataset_2n_version/test/fire/36171982712_d1839b35aa_o.jpg,5348,3568,JPEG,RGB,3568
test,fire,flickr,36204002431,36204002431_91b77a7dc5_o.jpg,/kaggle/input/datasets/elmadafri/the-wildfire-dataset/the_wildfire_dataset_2n_version/test/fire/36204002431_91b77a7dc5_o.jpg,5356,3592,JPEG,RGB,3592
test,fire,flickr,36296148516,36296148516_0a2b440e28_o.jpg,/kaggle/input/datasets/elmadafri/the-wildfire-dataset/the_wildfire_dataset_2n_version/test/fire/36296148516_0a2b440e28_o.jpg,5356,3584,JPEG,RGB,3584
test,fire,flickr,36891202290,36891202290_e559c37e66_o.jpg,/kaggle/input/datasets/elmadafri/the-wildfire-dataset/the_wildfire_dataset_2n_version/test/fire/36891202290_e559c37e66_o.jpg,5760,3840,JPEG,RGB,3840
test,fire,flickr,37325108026,37325108026_bb99689e1f_o.jpg,/kaggle/input/datasets/elmadafri/the-wildfire-dataset/the_wildfire_dataset_2n_version/test/fire/37325108026_bb99689e1f_o.jpg,3264,2448,JPEG,RGB,2448
test,fire,flickr,37342469502,37342469502_36f0ec280c_o.jpg,/kaggle/input/datasets/elmadafri/the-wildfire-dataset/the_wildfire_dataset_2n_version/test/fire/37342469502_36f0ec280c_o.jpg,2048,1536,JPEG,RGB,1536
test,fire,flickr,37342469552,37342469552_ca9891fdd5_o.jpg,/kaggle/input/datasets/elmadafri/the-wildfire-dataset/the_wildfire_dataset_2n_version/test/fire/37342469552_ca9891fdd5_o.jpg,960,540,JPEG,RGB,540
test,fire,flickr,37342470222,37342470222_39ab7a0005_o.jpg,/kaggle/input/datasets/elmadafri/the-wildfire-dataset/the_wildfire_dataset_2n_version/test/fire/37342470222_39ab7a0005_o.jpg,640,360,JPEG,RGB,360
test,fire,flickr,41094811384,41094811384_1382be1721_o.jpg,/kaggle/input/datasets/elmadafri/the-wildfire-dataset/the_wildfire_dataset_2n_version/test/fire/41094811384_1382be1721_o.jpg,6000,4000,JPEG,RGB,4000
test,fire,flickr,41816155542,41816155542_df8bf25a37_o.jpg,/kaggle/input/datasets/elmadafri/the-wildfire-dataset/the_wildfire_dataset_2n_version/test/fire/41816155542_df8bf25a37_o.jpg,6016,4000,MPO,RGB,4000
test,fire,flickr,41870900650,41870900650_fb240bb4ac_o.jpg,/kaggle/input/datasets/elmadafri/the-wildfire-dataset/the_wildfire_dataset_2n_version/test/fire/41870900650_fb240bb4ac_o.jpg,640,480,JPEG,RGB,480
test,fire,flickr,42286648270,42286648270_e517db94be_o.jpg,/kaggle/input/datasets/elmadafri/the-wildfire-dataset/the_wildfire_dataset_2n_version/test/fire/42286648270_e517db94be_o.jpg,6000,4000,MPO,RGB,4000
test,fire,flickr,42582898944,42582898944_13a64c057f_o.jpg,/kaggle/input/datasets/elmadafri/the-wildfire-dataset/the_wildfire_dataset_2n_version/test/fire/42582898944_13a64c057f_o.jpg,5472,3648,JPEG,RGB,3648
test,fire,flickr,42818488645,42818488645_1588e3fc8d_o.jpg,/kaggle/input/datasets/elmadafri/the-wildfire-dataset/the_wildfire_dataset_2n_version/test/fire/42818488645_1588e3fc8d_o.jpg,5184,3456,JPEG,RGB,3456
test,fire,flickr,43145068490,43145068490_8263ca98d9_o.jpg,/kaggle/input/datasets/elmadafri/the-wildfire-dataset/the_wildfire_dataset_2n_version/test/fire/43145068490_8263ca98d9_o.jpg,3000,2000,JPEG,RGB,2000
test,fire,flickr,43772086021,43772086021_c501debc58_o.jpg,/kaggle/input/datasets/elmadafri/the-wildfire-dataset/the_wildfire_dataset_2n_version/test/fire/43772086021_c501debc58_o.jpg,1536,2048,JPEG,RGB,1536
test,fire,flickr,44629829372,44629829372_5916777e44_o.jpg,/kaggle/input/datasets/elmadafri/the-wildfire-dataset/the_wildfire_dataset_2n_version/test/fire/44629829372_5916777e44_o.jpg,6240,4160,JPEG,RGB,4160
test,fire,flickr,45642971861,45642971861_abbca24c56_o.jpg,/kaggle/input/datasets/elmadafri/the-wildfire-dataset/the_wildfire_dataset_2n_version/test/fire/45642971861_abbca24c56_o.jpg,6000,3376,JPEG,RGB,3376
test,fire,flickr,45922878832,45922878832_c4755cc402_o.jpg,/kaggle/input/datasets/elmadafri/the-wildfire-dataset/the_wildfire_dataset_2n_version/test/fire/45922878832_c4755cc402_o.jpg,5727,3222,JPEG,RGB,3222
test,fire,flickr,45972183211,45972183211_9a67172c34_o.jpg,/kaggle/input/datasets/elmadafri/the-wildfire-dataset/the_wildfire_dataset_2n_version/test/fire/45972183211_9a67172c34_o.jpg,5453,3636,JPEG,RGB,3636
test,fire,flickr,46580252795,46580252795_53d18db27b_o.jpg,/kaggle/input/datasets/elmadafri/the-wildfire-dataset/the_wildfire_dataset_2n_version/test/fire/46580252795_53d18db27b_o.jpg,6000,4000,MPO,RGB,4000
test,fire,flickr,48250059981,48250059981_62acdb5742_o.jpg,/kaggle/input/datasets/elmadafri/the-wildfire-dataset/the_wildfire_dataset_2n_version/test/fire/48250059981_62acdb5742_o.jpg,4272,2848,JPEG,RGB,2848
test,fire,flickr,48250134737,48250134737_d2cd909008_o.jpg,/kaggle/input/datasets/elmadafri/the-wildfire-dataset/the_wildfire_dataset_2n_version/test/fire/48250134737_d2cd909008_o.jpg,4272,2848,JPEG,RGB,2848
test,fire,flickr,48690175756,48690175756_6a3aca7c53_o.jpg,/kaggle/input/datasets/elmadafri/the-wildfire-dataset/the_wildfire_dataset_2n_version/test/fire/48690175756_6a3aca7c53_o.jpg,3000,2250,JPEG,RGB,2250
test,fire,flickr,50229336772,50229336772_7f5719786b_o.jpg,/kaggle/input/datasets/elmadafri/the-wildfire-dataset/the_wildfire_dataset_2n_version/test/fire/50229336772_7f5719786b_o.jpg,3000,2808,JPEG,RGB,2808
test,fire,flickr,50237377031,50237377031_208e2379f2_o.jpg,/kaggle/input/datasets/elmadafri/the-wildfire-dataset/the_wildfire_dataset_2n_version/test/fire/50237377031_208e2379f2_o.jpg,2500,1667,JPEG,RGB,1667
test,fire,flickr,50237932316,50237932316_549109d674_o.jpg,/kaggle/input/datasets/elmadafri/the-wildfire-dataset/the_wildfire_dataset_2n_version/test/fire/50237932316_549109d674_o.jpg,4032,3024,JPEG,RGB,3024
test,fire,flickr,50238074027,50238074027_f2473f2d8a_o.jpg,/kaggle/input/datasets/elmadafri/the-wildfire-dataset/the_wildfire_dataset_2n_version/test/fire/50238074027_f2473f2d8a_o.jpg,3024,4032,JPEG,RGB,3024
test,fire,flickr,50245620368,50245620368_2f03cf7055_o.jpg,/kaggle/input/datasets/elmadafri/the-wildfire-dataset/the_wildfire_dataset_2n_version/test/fire/50245620368_2f03cf7055_o.jpg,4032,3024,JPEG,RGB,3024
test,fire,flickr,50245909001,50245909001_e383b539af_o.jpg,/kaggle/input/datasets/elmadafri/the-wildfire-dataset/the_wildfire_dataset_2n_version/test/fire/50245909001_e383b539af_o.jpg,1280,960,JPEG,RGB,960
test,fire,flickr,50293973463,50293973463_065aaf4378_o.jpg,/kaggle/input/datasets/elmadafri/the-wildfire-dataset/the_wildfire_dataset_2n_version/test/fire/50293973463_065aaf4378_o.jpg,4032,3024,JPEG,RGB,3024
test,fire,flickr,50321123752,50321123752_d1ae13455a_o.jpg,/kaggle/input/datasets/elmadafri/the-wildfire-dataset/the_wildfire_dataset_2n_version/test/fire/50321123752_d1ae13455a_o.jpg,8256,5504,JPEG,RGB,5504
test,fire,flickr,50321143652,50321143652_b8f0cefa95_o.jpg,/kaggle/input/datasets/elmadafri/the-wildfire-dataset/the_wildfire_dataset_2n_version/test/fire/50321143652_b8f0cefa95_o.jpg,8256,5504,JPEG,RGB,5504
test,fire,flickr,50322960443,50322960443_27d53066ce_o.jpg,/kaggle/input/datasets/elmadafri/the-wildfire-dataset/the_wildfire_dataset_2n_version/test/fire/50322960443_27d53066ce_o.jpg,1200,900,JPEG,RGB,900
test,fire,flickr,50323624771,50323624771_c50229c6f9_o.jpg,/kaggle/input/datasets/elmadafri/the-wildfire-dataset/the_wildfire_dataset_2n_version/test/fire/50323624771_c50229c6f9_o.jpg,1440,960,JPEG,RGB,960
test,fire,flickr,50331586642,50331586642_e1f77b7c27_o.jpg,/kaggle/input/datasets/elmadafri/the-wildfire-dataset/the_wildfire_dataset_2n_version/test/fire/50331586642_e1f77b7c27_o.jpg,2560,1244,JPEG,RGB,1244
test,fire,flickr,50380652301,50380652301_a49c4c245b_o.jpg,/kaggle/input/datasets/elmadafri/the-wildfire-dataset/the_wildfire_dataset_2n_version/test/fire/50380652301_a49c4c245b_o.jpg,1536,1152,JPEG,RGB,1152
test,fire,flickr,50380846762,50380846762_05de20fe60_o.jpg,/kaggle/input/datasets/elmadafri/the-wildfire-dataset/the_wildfire_dataset_2n_version/test/fire/50380846762_05de20fe60_o.jpg,4032,3024,JPEG,RGB,3024
test,fire,flickr,50380847162,50380847162_24a484981b_o.jpg,/kaggle/input/datasets/elmadafri/the-wildfire-dataset/the_wildfire_dataset_2n_version/test/fire/50380847162_24a484981b_o.jpg,2250,3000,JPEG,RGB,2250
test,fire,flickr,50408559278,50408559278_10f041ed61_o.jpg,/kaggle/input/datasets/elmadafri/the-wildfire-dataset/the_wildfire_dataset_2n_version/test/fire/50408559278_10f041ed61_o.jpg,864,648,JPEG,RGB,648
test,fire,flickr,50517815722,50517815722_17ae2240d2_o.jpg,/kaggle/input/datasets/elmadafri/the-wildfire-dataset/the_wildfire_dataset_2n_version/test/fire/50517815722_17ae2240d2_o.jpg,2000,1500,JPEG,RGB,1500
test,fire,flickr,50517815882,50517815882_2959039cc0_o.jpg,/kaggle/input/datasets/elmadafri/the-wildfire-dataset/the_wildfire_dataset_2n_version/test/fire/50517815882_2959039cc0_o.jpg,4032,3024,JPEG,RGB,3024
test,fire,flickr,50575966873,50575966873_8cef16dcc6_o.jpg,/kaggle/input/datasets/elmadafri/the-wildfire-dataset/the_wildfire_dataset_2n_version/test/fire/50575966873_8cef16dcc6_o.jpg,960,1280,JPEG,RGB,960
test,fire,flickr,50622019883,50622019883_c988dcf6ba_o.jpg,/kaggle/input/datasets/elmadafri/the-wildfire-dataset/the_wildfire_dataset_2n_version/test/fire/50622019883_c988dcf6ba_o.jpg,1280,960,JPEG,RGB,960
test,fire,flickr,50622843556,50622843556_679c9aec75_o.jpg,/kaggle/input/datasets/elmadafri/the-wildfire-dataset/the_wildfire_dataset_2n_version/test/fire/50622843556_679c9aec75_o.jpg,4912,3264,JPEG,RGB,3264
test,fire,flickr,50622961901,50622961901_b344261876_o.jpg,/kaggle/input/datasets/elmadafri/the-wildfire-dataset/the_wildfire_dataset_2n_version/test/fire/50622961901_b344261876_o.jpg,10244,3315,JPEG,RGB,3315
test,fire,flickr,51233526390,51233526390_1d23dbc6b5_o.jpg,/kaggle/input/datasets/elmadafri/the-wildfire-dataset/the_wildfire_dataset_2n_version/test/fire/51233526390_1d23dbc6b5_o.jpg,2641,1981,JPEG,RGB,1981
test,fire,flickr,51236039150,51236039150_95c87d9260_o.jpg,/kaggle/input/datasets/elmadafri/the-wildfire-dataset/the_wildfire_dataset_2n_version/test/fire/51236039150_95c87d9260_o.jpg,4608,3456,JPEG,RGB,3456
test,fire,flickr,51284080730,51284080730_6ab71a3862_o.jpg,/kaggle/input/datasets/elmadafri/the-wildfire-dataset/the_wildfire_dataset_2n_version/test/fire/51284080730_6ab71a3862_o.jpg,3520,1980,JPEG,RGB,1980
test,fire,flickr,51306907748,51306907748_6e28024e7d_o.jpg,/kaggle/input/datasets/elmadafri/the-wildfire-dataset/the_wildfire_dataset_2n_version/test/fire/51306907748_6e28024e7d_o.jpg,1600,900,JPEG,RGB,900
test,fire,flickr,51339519791,51339519791_6c87189d8b_o.jpg,/kaggle/input/datasets/elmadafri/the-wildfire-dataset/the_wildfire_dataset_2n_version/test/fire/51339519791_6c87189d8b_o.jpg,4032,3024,JPEG,RGB,3024
test,fire,flickr,51341732084,51341732084_4bb62bfa4c_o.jpg,/kaggle/input/datasets/elmadafri/the-wildfire-dataset/the_wildfire_dataset_2n_version/test/fire/51341732084_4bb62bfa4c_o.jpg,4030,2536,MPO,RGB,2536
test,fire,flickr,51404893429,51404893429_95e004cb03_o.jpg,/kaggle/input/datasets/elmadafri/the-wildfire-dataset/the_wildfire_dataset_2n_version/test/fire/51404893429_95e004cb03_o.jpg,2420,1816,JPEG,RGB,1816
test,fire,flickr,51685793514,51685793514_6fa6a94347_o.jpg,/kaggle/input/datasets/elmadafri/the-wildfire-dataset/the_wildfire_dataset_2n_version/test/fire/51685793514_6fa6a94347_o.jpg,2800,2000,JPEG,RGB,2000
test,fire,flickr,51785682491,51785682491_8b035b8bbb_o.jpg,/kaggle/input/datasets/elmadafri/the-wildfire-dataset/the_wildfire_dataset_2n_version/test/fire/51785682491_8b035b8bbb_o.jpg,6000,4000,JPEG,RGB,4000
test,fire,flickr,51839424127,51839424127_49f8e61656_o.jpg,/kaggle/input/datasets/elmadafri/the-wildfire-dataset/the_wildfire_dataset_2n_version/test/fire/51839424127_49f8e61656_o.jpg,1000,1000,JPEG,RGB,1000
test,fire,flickr,51840740529,51840740529_300582b71b_o.jpg,/kaggle/input/datasets/elmadafri/the-wildfire-dataset/the_wildfire_dataset_2n_version/test/fire/51840740529_300582b71b_o.jpg,5472,3648,JPEG,RGB,3648
test,fire,flickr,51840740734,51840740734_ef14b3e4dd_o.jpg,/kaggle/input/datasets/elmadafri/the-wildfire-dataset/the_wildfire_dataset_2n_version/test/fire/51840740734_ef14b3e4dd_o.jpg,1280,960,JPEG,RGB,960
test,fire,flickr,51840740744,51840740744_6b8646f329_o.jpg,/kaggle/input/datasets/elmadafri/the-wildfire-dataset/the_wildfire_dataset_2n_version/test/fire/51840740744_6b8646f329_o.jpg,4032,3024,JPEG,RGB,3024
test,fire,flickr,51841108815,51841108815_6d296388af_o.jpg,/kaggle/input/datasets/elmadafri/the-wildfire-dataset/the_wildfire_dataset_2n_version/test/fire/51841108815_6d296388af_o.jpg,1632,1224,JPEG,RGB,1224
test,fire,flickr,52036933602,52036933602_3e5592af75_o.jpg,/kaggle/input/datasets/elmadafri/the-wildfire-dataset/the_wildfire_dataset_2n_version/test/fire/52036933602_3e5592af75_o.jpg,667,1000,JPEG,RGB,667
test,fire,flickr,52106050158,52106050158_5ef7a57835_o.jpg,/kaggle/input/datasets/elmadafri/the-wildfire-dataset/the_wildfire_dataset_2n_version/test/fire/52106050158_5ef7a57835_o.jpg,7360,4912,JPEG,RGB,4912
test,fire,flickr,52178171048,52178171048_d3745e41da_o.jpg,/kaggle/input/datasets/elmadafri/the-wildfire-dataset/the_wildfire_dataset_2n_version/test/fire/52178171048_d3745e41da_o.jpg,960,1280,JPEG,RGB,960
test,fire,flickr,52224743582,52224743582_c267792d90_o.jpg,/kaggle/input/datasets/elmadafri/the-wildfire-dataset/the_wildfire_dataset_2n_version/test/fire/52224743582_c267792d90_o.jpg,3024,4032,JPEG,RGB,3024
test,fire,flickr,52224745932,52224745932_9f43b81b98_o.jpg,/kaggle/input/datasets/elmadafri/the-wildfire-dataset/the_wildfire_dataset_2n_version/test/fire/52224745932_9f43b81b98_o.jpg,2448,3264,JPEG,RGB,2448
test,fire,flickr,52224774932,52224774932_ea3e1aca55_o.jpg,/kaggle/input/datasets/elmadafri/the-wildfire-dataset/the_wildfire_dataset_2n_version/test/fire/52224774932_ea3e1aca55_o.jpg,2048,1536,JPEG,RGB,1536
test,fire,flickr,52225751111,52225751111_53c7f3b819_o.jpg,/kaggle/input/datasets/elmadafri/the-wildfire-dataset/the_wildfire_dataset_2n_version/test/fire/52225751111_53c7f3b819_o.jpg,3264,2448,JPEG,RGB,2448
test,fire,flickr,52227794918,52227794918_250e3e0ba6_o.jpg,/kaggle/input/datasets/elmadafri/the-wildfire-dataset/the_wildfire_dataset_2n_version/test/fire/52227794918_250e3e0ba6_o.jpg,4608,3456,JPEG,RGB,3456
test,fire,flickr,52230132421,52230132421_efbcf13fe2_o.png,/kaggle/input/datasets/elmadafri/the-wildfire-dataset/the_wildfire_dataset_2n_version/test/fire/52230132421_efbcf13fe2_o.png,1280,960,PNG,RGB,960
test,fire,flickr,52230401409,52230401409_3653f5cf3b_o.png,/kaggle/input/datasets/elmadafri/the-wildfire-dataset/the_wildfire_dataset_2n_version/test/fire/52230401409_3653f5cf3b_o.png,960,1280,PNG,RGB,960
test,fire,flickr,52231247312,52231247312_2442b7ef01_o.jpg,/kaggle/input/datasets/elmadafri/the-wildfire-dataset/the_wildfire_dataset_2n_version/test/fire/52231247312_2442b7ef01_o.jpg,4608,3456,JPEG,RGB,3456
test,fire,flickr,52258839816,52258839816_bbb2d7b2ac_o.jpg,/kaggle/input/datasets/elmadafri/the-wildfire-dataset/the_wildfire_dataset_2n_version/test/fire/52258839816_bbb2d7b2ac_o.jpg,1280,960,JPEG,RGB,960
test,fire,flickr,52289825127,52289825127_2e4869a883_o.jpg,/kaggle/input/datasets/elmadafri/the-wildfire-dataset/the_wildfire_dataset_2n_version/test/fire/52289825127_2e4869a883_o.jpg,620,465,JPEG,RGB,465
test,fire,flickr,52290796314,52290796314_c886e9fd0e_o.jpg,/kaggle/input/datasets/elmadafri/the-wildfire-dataset/the_wildfire_dataset_2n_version/test/fire/52290796314_c886e9fd0e_o.jpg,180,240,JPEG,RGB,180
test,fire,flickr,52290801988,52290801988_c24208ebc2_o.jpg,/kaggle/input/datasets/elmadafri/the-wildfire-dataset/the_wildfire_dataset_2n_version/test/fire/52290801988_c24208ebc2_o.jpg,620,465,JPEG,RGB,465
test,fire,flickr,52291063924,52291063924_0a29bb857f_o.jpg,/kaggle/input/datasets/elmadafri/the-wildfire-dataset/the_wildfire_dataset_2n_version/test/fire/52291063924_0a29bb857f_o.jpg,620,279,JPEG,RGB,279
test,fire,flickr,52293015808,52293015808_1e4f9d5b0a_o.jpg,/kaggle/input/datasets/elmadafri/the-wildfire-dataset/the_wildfire_dataset_2n_version/test/fire/52293015808_1e4f9d5b0a_o.jpg,620,229,JPEG,RGB,229
test,fire,flickr,52293502090,52293502090_77032c6be0_o.jpg,/kaggle/input/datasets/elmadafri/the-wildfire-dataset/the_wildfire_dataset_2n_version/test/fire/52293502090_77032c6be0_o.jpg,620,294,JPEG,RGB,294
test,fire,flickr,52297292176,52297292176_94a7486256_o.jpg,/kaggle/input/datasets/elmadafri/the-wildfire-dataset/the_wildfire_dataset_2n_version/test/fire/52297292176_94a7486256_o.jpg,620,465,JPEG,RGB,465
test,fire,flickr,52304531978,52304531978_24c1bbebcf_o.png,/kaggle/input/datasets/elmadafri/the-wildfire-dataset/the_wildfire_dataset_2n_version/test/fire/52304531978_24c1bbebcf_o.png,2106,1404,PNG,RGB,1404
test,fire,flickr,52374364783,52374364783_31f068752b_o.jpg,/kaggle/input/datasets/elmadafri/the-wildfire-dataset/the_wildfire_dataset_2n_version/test/fire/52374364783_31f068752b_o.jpg,2000,1500,JPEG,RGB,1500
test,fire,flickr,52390588912,52390588912_3c6e5f2f67_o.jpg,/kaggle/input/datasets/elmadafri/the-wildfire-dataset/the_wildfire_dataset_2n_version/test/fire/52390588912_3c6e5f2f67_o.jpg,4005,3004,JPEG,RGB,3004
test,fire,flickr,52390706166,52390706166_2ef8a61765_o.jpg,/kaggle/input/datasets/elmadafri/the-wildfire-dataset/the_wildfire_dataset_2n_version/test/fire/52390706166_2ef8a61765_o.jpg,1512,2016,JPEG,RGB,1512
test,fire,flickr,52391937615,52391937615_5103401805_o.jpg,/kaggle/input/datasets/elmadafri/the-wildfire-dataset/the_wildfire_dataset_2n_version/test/fire/52391937615_5103401805_o.jpg,946,1261,JPEG,RGB,946
test,fire,flickr,52465192596,52465192596_bdd7f52f1c_o.png,/kaggle/input/datasets/elmadafri/the-wildfire-dataset/the_wildfire_dataset_2n_version/test/fire/52465192596_bdd7f52f1c_o.png,3024,4032,PNG,RGBA,3024
test,fire,flickr,52465911062,52465911062_9046fcbb0f_o.jpg,/kaggle/input/datasets/elmadafri/the-wildfire-dataset/the_wildfire_dataset_2n_version/test/fire/52465911062_9046fcbb0f_o.jpg,4032,3024,JPEG,RGB,3024
test,fire,flickr,52466691809,52466691809_7b709ba3af_o.jpg,/kaggle/input/datasets/elmadafri/the-wildfire-dataset/the_wildfire_dataset_2n_version/test/fire/52466691809_7b709ba3af_o.jpg,4032,3024,JPEG,RGB,3024
test,fire,flickr,52466779720,52466779720_f12b1c76f8_o.jpg,/kaggle/input/datasets/elmadafri/the-wildfire-dataset/the_wildfire_dataset_2n_version/test/fire/52466779720_f12b1c76f8_o.jpg,2048,1536,JPEG,RGB,1536
test,fire,flickr,52530147676,52530147676_f293f65c1d_o.jpg,/kaggle/input/datasets/elmadafri/the-wildfire-dataset/the_wildfire_dataset_2n_version/test/fire/52530147676_f293f65c1d_o.jpg,5184,3456,JPEG,RGB,3456
test,fire,flickr,52530238331,52530238331_60e6ced567_o.jpg,/kaggle/input/datasets/elmadafri/the-wildfire-dataset/the_wildfire_dataset_2n_version/test/fire/52530238331_60e6ced567_o.jpg,4032,2268,MPO,RGB,2268
test,fire,flickr,52561565423,52561565423_bbc7b2daf8_o.jpg,/kaggle/input/datasets/elmadafri/the-wildfire-dataset/the_wildfire_dataset_2n_version/test/fire/52561565423_bbc7b2daf8_o.jpg,4032,3024,JPEG,RGB,3024
test,fire,flickr,52573007327,52573007327_cc6dfd6afe_o.jpg,/kaggle/input/datasets/elmadafri/the-wildfire-dataset/the_wildfire_dataset_2n_version/test/fire/52573007327_cc6dfd6afe_o.jpg,4032,3024,JPEG,RGB,3024
test,fire,flickr,52573687964,52573687964_c448942429_o.jpg,/kaggle/input/datasets/elmadafri/the-wildfire-dataset/the_wildfire_dataset_2n_version/test/fire/52573687964_c448942429_o.jpg,4032,3024,JPEG,RGB,3024
test,fire,flickr,52871129020,52871129020_848fde461c_o.jpg,/kaggle/input/datasets/elmadafri/the-wildfire-dataset/the_wildfire_dataset_2n_version/test/fire/52871129020_848fde461c_o.jpg,2048,1536,JPEG,RGB,1536
test,fire,flickr,52871185823,52871185823_2561dcb25a_o.jpg,/kaggle/input/datasets/elmadafri/the-wildfire-dataset/the_wildfire_dataset_2n_version/test/fire/52871185823_2561dcb25a_o.jpg,2048,1536,JPEG,RGB,1536
test,fire,flickr,52925330921,52925330921_787d02fcd0_o.jpg,/kaggle/input/datasets/elmadafri/the-wildfire-dataset/the_wildfire_dataset_2n_version/test/fire/52925330921_787d02fcd0_o.jpg,1280,960,JPEG,RGB,960
test,fire,flickr,53080010483,53080010483_005d9f15a9_o.jpg,/kaggle/input/datasets/elmadafri/the-wildfire-dataset/the_wildfire_dataset_2n_version/test/fire/53080010483_005d9f15a9_o.jpg,4030,3023,JPEG,RGB,3023
test,fire,flickr,8468567365,8468567365_18760a6d8b_o.jpg,/kaggle/input/datasets/elmadafri/the-wildfire-dataset/the_wildfire_dataset_2n_version/test/fire/8468567365_18760a6d8b_o.jpg,3048,2096,JPEG,RGB,2096
test,fire,flickr,8468567451,8468567451_a6900fa875_o.jpg,/kaggle/input/datasets/elmadafri/the-wildfire-dataset/the_wildfire_dataset_2n_version/test/fire/8468567451_a6900fa875_o.jpg,2244,3384,JPEG,RGB,2244
test,fire,flickr,8469662828,8469662828_371dbcb70d_o.jpg,/kaggle/input/datasets/elmadafri/the-wildfire-dataset/the_wildfire_dataset_2n_version/test/fire/8469662828_371dbcb70d_o.jpg,3224,2040,JPEG,RGB,2040
test,fire,flickr,8469663002,8469663002_0ee1993038_o.jpg,/kaggle/input/datasets/elmadafri/the-wildfire-dataset/the_wildfire_dataset_2n_version/test/fire/8469663002_0ee1993038_o.jpg,3456,2304,JPEG,RGB,2304
test,fire,flickr,9570772331,9570772331_0822c9b670_o.jpg,/kaggle/input/datasets/elmadafri/the-wildfire-dataset/the_wildfire_dataset_2n_version/test/fire/9570772331_0822c9b670_o.jpg,4128,2322,JPEG,RGB,2322
test,fire,flickr,9573557452,9573557452_dfb9664b2f_o.jpg,/kaggle/input/datasets/elmadafri/the-wildfire-dataset/the_wildfire_dataset_2n_version/test/fire/9573557452_dfb9664b2f_o.jpg,4128,2322,JPEG,RGB,2322
test,fire,flickr,9573568070,9573568070_ec00ce554d_o.jpg,/kaggle/input/datasets/elmadafri/the-wildfire-dataset/the_wildfire_dataset_2n_version/test/fire/9573568070_ec00ce554d_o.jpg,4128,2322,JPEG,RGB,2322
test,fire,flickr,9598063779,9598063779_5a497ff60e_o.jpg,/kaggle/input/datasets/elmadafri/the-wildfire-dataset/the_wildfire_dataset_2n_version/test/fire/9598063779_5a497ff60e_o.jpg,4128,2322,JPEG,RGB,2322
test,fire,flickr,9600858470,9600858470_9d349a2271_o.jpg,/kaggle/input/datasets/elmadafri/the-wildfire-dataset/the_wildfire_dataset_2n_version/test/fire/9600858470_9d349a2271_o.jpg,2322,4128,JPEG,RGB,2322
test,fire,unsplash,malachi-brooks,malachi-brooks-44Kg_VToFzU-unsplash.jpg,/kaggle/input/datasets/elmadafri/the-wildfire-dataset/the_wildfire_dataset_2n_version/test/fire/malachi-brooks-44Kg_VToFzU-unsplash.jpg,4592,3064,JPEG,RGB,3064
test,fire,unsplash,malachi-brooks,malachi-brooks-QFa3PaR5aos-unsplash.jpg,/kaggle/input/datasets/elmadafri/the-wildfire-dataset/the_wildfire_dataset_2n_version/test/fire/malachi-brooks-QFa3PaR5aos-unsplash.jpg,4592,3064,JPEG,RGB,3064
test,fire,unsplash,malachi-brooks,malachi-brooks-lhZ61YqYhnA-unsplash.jpg,/kaggle/input/datasets/elmadafri/the-wildfire-dataset/the_wildfire_dataset_2n_version/test/fire/malachi-brooks-lhZ61YqYhnA-unsplash.jpg,4592,3448,JPEG,RGB,3448
test,fire,unsplash,matt-palmer,matt-palmer-kbTp7dBzHyY-unsplash.jpg,/kaggle/input/datasets/elmadafri/the-wildfire-dataset/the_wildfire_dataset_2n_version/test/fire/matt-palmer-kbTp7dBzHyY-unsplash.jpg,7952,5304,JPEG,RGB,5304
test,fire,unsplash,matt-palmer,matt-palmer-qmFU0516eAk-unsplash.jpg,/kaggle/input/datasets/elmadafri/the-wildfire-dataset/the_wildfire_dataset_2n_version/test/fire/matt-palmer-qmFU0516eAk-unsplash.jpg,7952,5304,JPEG,RGB,5304
test,fire,unsplash,michael-chacon,michael-chacon-wRw3L6hwB2E-unsplash.jpg,/kaggle/input/datasets/elmadafri/the-wildfire-dataset/the_wildfire_dataset_2n_version/test/fire/michael-chacon-wRw3L6hwB2E-unsplash.jpg,4288,2848,JPEG,RGB,2848
test,fire,unsplash,norman-meyer,norman-meyer-tai1cTT5eX0-unsplash.jpg,/kaggle/input/datasets/elmadafri/the-wildfire-dataset/the_wildfire_dataset_2n_version/test/fire/norman-meyer-tai1cTT5eX0-unsplash.jpg,7360,4912,JPEG,RGB,4912
test,nofire,flickr,23289748533,23289748533_1a14a0f249_o.jpg,/kaggle/input/datasets/elmadafri/the-wildfire-dataset/the_wildfire_dataset_2n_version/test/nofire/23289748533_1a14a0f249_o.jpg,4095,2719,JPEG,RGB,2719
test,nofire,flickr,24498907094,24498907094_491ca433dd_o.jpg,/kaggle/input/datasets/elmadafri/the-wildfire-dataset/the_wildfire_dataset_2n_version/test/nofire/24498907094_491ca433dd_o.jpg,1500,1125,JPEG,RGB,1125
test,nofire,flickr,33696343816,33696343816_811bd98925_o.jpg,/kaggle/input/datasets/elmadafri/the-wildfire-dataset/the_wildfire_dataset_2n_version/test/nofire/33696343816_811bd98925_o.jpg,4272,2848,JPEG,RGB,2848
test,nofire,flickr,35554264024,35554264024_b33afa21ac_o.jpg,/kaggle/input/datasets/elmadafri/the-wildfire-dataset/the_wildfire_dataset_2n_version/test/nofire/35554264024_b33afa21ac_o.jpg,16632,5810,JPEG,RGB,5810
test,nofire,flickr,35581707273,35581707273_fed23248e8_o.jpg,/kaggle/input/datasets/elmadafri/the-wildfire-dataset/the_wildfire_dataset_2n_version/test/nofire/35581707273_fed23248e8_o.jpg,15923,5934,JPEG,RGB,5934
test,nofire,flickr,36644001004,36644001004_f3e3a56edc_o.jpg,/kaggle/input/datasets/elmadafri/the-wildfire-dataset/the_wildfire_dataset_2n_version/test/nofire/36644001004_f3e3a56edc_o.jpg,12814,3660,JPEG,RGB,3660
test,nofire,flickr,39728540251,39728540251_888dc24afa_o.jpg,/kaggle/input/datasets/elmadafri/the-wildfire-dataset/the_wildfire_dataset_2n_version/test/nofire/39728540251_888dc24afa_o.jpg,4272,2848,JPEG,RGB,2848
test,nofire,flickr,41058079202,41058079202_08ce34a338_o.jpg,/kaggle/input/datasets/elmadafri/the-wildfire-dataset/the_wildfire_dataset_2n_version/test/nofire/41058079202_08ce34a338_o.jpg,518,291,JPEG,RGB,291
test,nofire,flickr,42376136734,42376136734_b4524237bf_o.jpg,/kaggle/input/datasets/elmadafri/the-wildfire-dataset/the_wildfire_dataset_2n_version/test/nofire/42376136734_b4524237bf_o.jpg,3008,2000,JPEG,RGB,2000
test,nofire,flickr,43078090081,43078090081_07d1f9ec0f_o.jpg,/kaggle/input/datasets/elmadafri/the-wildfire-dataset/the_wildfire_dataset_2n_version/test/nofire/43078090081_07d1f9ec0f_o.jpg,1126,2001,JPEG,RGB,1126
test,nofire,flickr,45636031272,45636031272_8408d32834_o.jpg,/kaggle/input/datasets/elmadafri/the-wildfire-dataset/the_wildfire_dataset_2n_version/test/nofire/45636031272_8408d32834_o.jpg,6720,4480,JPEG,RGB,4480
test,nofire,flickr,49200563427,49200563427_e5295b4455_o.jpg,/kaggle/input/datasets/elmadafri/the-wildfire-dataset/the_wildfire_dataset_2n_version/test/nofire/49200563427_e5295b4455_o.jpg,3456,2304,JPEG,RGB,2304
test,nofire,flickr,49422069676,49422069676_3e89abc052_o.jpg,/kaggle/input/datasets/elmadafri/the-wildfire-dataset/the_wildfire_dataset_2n_version/test/nofire/49422069676_3e89abc052_o.jpg,4032,3024,JPEG,RGB,3024
test,nofire,flickr,50010867961,50010867961_903b6432f7_o.jpg,/kaggle/input/datasets/elmadafri/the-wildfire-dataset/the_wildfire_dataset_2n_version/test/nofire/50010867961_903b6432f7_o.jpg,1024,767,JPEG,RGB,767
test,nofire,flickr,50380847112,50380847112_db217aea45_o.jpg,/kaggle/input/datasets/elmadafri/the-wildfire-dataset/the_wildfire_dataset_2n_version/test/nofire/50380847112_db217aea45_o.jpg,4032,3024,JPEG,RGB,3024
test,nofire,flickr,51099217941,51099217941_143488e656_o.jpg,/kaggle/input/datasets/elmadafri/the-wildfire-dataset/the_wildfire_dataset_2n_version/test/nofire/51099217941_143488e656_o.jpg,4032,3024,JPEG,RGB,3024
test,nofire,flickr,52357656897,52357656897_dde5e5a66a_o.jpg,/kaggle/input/datasets/elmadafri/the-wildfire-dataset/the_wildfire_dataset_2n_version/test/nofire/52357656897_dde5e5a66a_o.jpg,4000,2702,JPEG,RGB,2702
test,nofire,flickr,52358616216,52358616216_ec885ff145_o.jpg,/kaggle/input/datasets/elmadafri/the-wildfire-dataset/the_wildfire_dataset_2n_version/test/nofire/52358616216_ec885ff145_o.jpg,4000,2667,JPEG,RGB,2667
test,nofire,flickr,52358931719,52358931719_b6fbcc77f2_o.jpg,/kaggle/input/datasets/elmadafri/the-wildfire-dataset/the_wildfire_dataset_2n_version/test/nofire/52358931719_b6fbcc77f2_o.jpg,4000,2380,JPEG,RGB,2380
test,nofire,flickr,52359026765,52359026765_4a4ba189c8_o.jpg,/kaggle/input/datasets/elmadafri/the-wildfire-dataset/the_wildfire_dataset_2n_version/test/nofire/52359026765_4a4ba189c8_o.jpg,3840,2160,JPEG,RGB,2160
test,nofire,flickr,52359041065,52359041065_1566fd6ec1_o.jpg,/kaggle/input/datasets/elmadafri/the-wildfire-dataset/the_wildfire_dataset_2n_version/test/nofire/52359041065_1566fd6ec1_o.jpg,4000,1485,JPEG,RGB,1485
test,nofire,flickr,52452040025,52452040025_916ddf3f9d_o.jpg,/kaggle/input/datasets/elmadafri/the-wildfire-dataset/the_wildfire_dataset_2n_version/test/nofire/52452040025_916ddf3f9d_o.jpg,4000,2665,JPEG,RGB,2665
test,nofire,flickr,52452051055,52452051055_4e2a4e4de0_o.jpg,/kaggle/input/datasets/elmadafri/the-wildfire-dataset/the_wildfire_dataset_2n_version/test/nofire/52452051055_4e2a4e4de0_o.jpg,4000,2665,JPEG,RGB,2665
test,nofire,flickr,53078944067,53078944067_43c7e3552a_o.jpg,/kaggle/input/datasets/elmadafri/the-wildfire-dataset/the_wildfire_dataset_2n_version/test/nofire/53078944067_43c7e3552a_o.jpg,1440,1920,JPEG,RGB,1440
test,nofire,unsplash,adrian-mag,adrian-mag-l9p-7JBmVFE-unsplash.jpg,/kaggle/input/datasets/elmadafri/the-wildfire-dataset/the_wildfire_dataset_2n_version/test/nofire/adrian-mag-l9p-7JBmVFE-unsplash.jpg,4000,6000,JPEG,RGB,4000
test,nofire,unsplash,alan-hardman,alan-hardman-pLq3oZDUEWk-unsplash.jpg,/kaggle/input/datasets/elmadafri/the-wildfire-dataset/the_wildfire_dataset_2n_version/test/nofire/alan-hardman-pLq3oZDUEWk-unsplash.jpg,3968,2976,JPEG,RGB,2976
test,nofire,unsplash,ales-krivec,ales-krivec-7-Og8aZTRyM-unsplash.jpg,/kaggle/input/datasets/elmadafri/the-wildfire-dataset/the_wildfire_dataset_2n_version/test/nofire/ales-krivec-7-Og8aZTRyM-unsplash.jpg,7360,4300,JPEG,RGB,4300
test,nofire,unsplash,ales-krivec,ales-krivec-VfMgiZscSXE-unsplash.jpg,/kaggle/input/datasets/elmadafri/the-wildfire-dataset/the_wildfire_dataset_2n_version/test/nofire/ales-krivec-VfMgiZscSXE-unsplash.jpg,7331,4874,JPEG,RGB,4874
test,nofire,unsplash,ales-krivec,ales-krivec-sTEg_SLAyUs-unsplash.jpg,/kaggle/input/datasets/elmadafri/the-wildfire-dataset/the_wildfire_dataset_2n_version/test/nofire/ales-krivec-sTEg_SLAyUs-unsplash.jpg,7360,3920,JPEG,RGB,3920
test,nofire,unsplash,alina-fedorchenko,alina-fedorchenko-UyQU4SlZTaA-unsplash.jpg,/kaggle/input/datasets/elmadafri/the-wildfire-dataset/the_wildfire_dataset_2n_version/test/nofire/alina-fedorchenko-UyQU4SlZTaA-unsplash.jpg,6000,4000,JPEG,RGB,4000
test,nofire,unsplash,alina-fedorchenko,alina-fedorchenko-p2B1b56FjvQ-unsplash.jpg,/kaggle/input/datasets/elmadafri/the-wildfire-dataset/the_wildfire_dataset_2n_version/test/nofire/alina-fedorchenko-p2B1b56FjvQ-unsplash.jpg,6000,4000,JPEG,RGB,4000
test,nofire,unsplash,andrei-p,andrei-p-Sc_jhFDkqQc-unsplash.jpg,/kaggle/input/datasets/elmadafri/the-wildfire-dataset/the_wildfire_dataset_2n_version/test/nofire/andrei-p-Sc_jhFDkqQc-unsplash.jpg,5472,3648,JPEG,RGB,3648
test,nofire,unsplash,andrew-svk,andrew-svk-X4b2DK80F1k-unsplash.jpg,/kaggle/input/datasets/elmadafri/the-wildfire-dataset/the_wildfire_dataset_2n_version/test/nofire/andrew-svk-X4b2DK80F1k-unsplash.jpg,5441,8161,JPEG,RGB,5441
test,nofire,unsplash,andrew-svk,andrew-svk-ob1NS03tWSE-unsplash.jpg,/kaggle/input/datasets/elmadafri/the-wildfire-dataset/the_wildfire_dataset_2n_version/test/nofire/andrew-svk-ob1NS03tWSE-unsplash.jpg,16384,6217,JPEG,RGB,6217
test,nofire,unsplash,annie-spratt,annie-spratt-FdlsmCxwHGU-unsplash.jpg,/kaggle/input/datasets/elmadafri/the-wildfire-dataset/the_wildfire_dataset_2n_version/test/nofire/annie-spratt-FdlsmCxwHGU-unsplash.jpg,4000,3000,JPEG,RGB,3000
test,nofire,unsplash,anthony-intraversato,anthony-intraversato-YG5l5XIZ76w-unsplash.jpg,/kaggle/input/datasets/elmadafri/the-wildfire-dataset/the_wildfire_dataset_2n_version/test/nofire/anthony-intraversato-YG5l5XIZ76w-unsplash.jpg,4000,3000,JPEG,RGB,3000
test,nofire,unsplash,anton-repponen,anton-repponen-zNxlvCZhHNA-unsplash.jpg,/kaggle/input/datasets/elmadafri/the-wildfire-dataset/the_wildfire_dataset_2n_version/test/nofire/anton-repponen-zNxlvCZhHNA-unsplash.jpg,5760,3840,JPEG,RGB,3840
test,nofire,unsplash,arnold-dogelis,arnold-dogelis-04JZFPD5eBA-unsplash.jpg,/kaggle/input/datasets/elmadafri/the-wildfire-dataset/the_wildfire_dataset_2n_version/test/nofire/arnold-dogelis-04JZFPD5eBA-unsplash.jpg,3992,2242,JPEG,RGB,2242
test,nofire,unsplash,arnold-dogelis,arnold-dogelis-JN782tahBLI-unsplash.jpg,/kaggle/input/datasets/elmadafri/the-wildfire-dataset/the_wildfire_dataset_2n_version/test/nofire/arnold-dogelis-JN782tahBLI-unsplash.jpg,3855,2165,JPEG,RGB,2165
test,nofire,unsplash,arnold-dogelis,arnold-dogelis-lsjRjuJlg5M-unsplash.jpg,/kaggle/input/datasets/elmadafri/the-wildfire-dataset/the_wildfire_dataset_2n_version/test/nofire/arnold-dogelis-lsjRjuJlg5M-unsplash.jpg,3992,2242,JPEG,RGB,2242
test,nofire,unsplash,artem-sapegin,artem-sapegin-8c6eS43iq1o-unsplash.jpg,/kaggle/input/datasets/elmadafri/the-wildfire-dataset/the_wildfire_dataset_2n_version/test/nofire/artem-sapegin-8c6eS43iq1o-unsplash.jpg,5472,3648,JPEG,RGB,3648
test,nofire,unsplash,augustine-wong,augustine-wong-pdjFlhFqznc-unsplash.jpg,/kaggle/input/datasets/elmadafri/the-wildfire-dataset/the_wildfire_dataset_2n_version/test/nofire/augustine-wong-pdjFlhFqznc-unsplash.jpg,3930,5888,JPEG,RGB,3930
test,nofire,unsplash,austin-schmid,austin-schmid-zQ-y4Gj8194-unsplash.jpg,/kaggle/input/datasets/elmadafri/the-wildfire-dataset/the_wildfire_dataset_2n_version/test/nofire/austin-schmid-zQ-y4Gj8194-unsplash.jpg,5472,3648,JPEG,RGB,3648
test,nofire,unsplash,bahadir-L2G0g3mSliU,bahadir-L2G0g3mSliU-unsplash.jpg,/kaggle/input/datasets/elmadafri/the-wildfire-dataset/the_wildfire_dataset_2n_version/test/nofire/bahadir-L2G0g3mSliU-unsplash.jpg,3328,7936,JPEG,RGB,3328
test,nofire,unsplash,balazs-busznyak,balazs-busznyak-AhMSy4GpU0w-unsplash.jpg,/kaggle/input/datasets/elmadafri/the-wildfire-dataset/the_wildfire_dataset_2n_version/test/nofire/balazs-busznyak-AhMSy4GpU0w-unsplash.jpg,4096,2304,JPEG,RGB,2304
test,nofire,unsplash,ben-den,ben-den-engelsen-htcQ7uAWzAo-unsplash.jpg,/kaggle/input/datasets/elmadafri/the-wildfire-dataset/the_wildfire_dataset_2n_version/test/nofire/ben-den-engelsen-htcQ7uAWzAo-unsplash.jpg,2242,3992,JPEG,RGB,2242
test,nofire,unsplash,bernd-dittrich,bernd-dittrich-l8UiD8xY3IA-unsplash.jpg,/kaggle/input/datasets/elmadafri/the-wildfire-dataset/the_wildfire_dataset_2n_version/test/nofire/bernd-dittrich-l8UiD8xY3IA-unsplash.jpg,4036,2397,JPEG,RGB,2397
test,nofire,unsplash,brendan-beale,brendan-beale-h3qe4EZd4_4-unsplash.jpg,/kaggle/input/datasets/elmadafri/the-wildfire-dataset/the_wildfire_dataset_2n_version/test/nofire/brendan-beale-h3qe4EZd4_4-unsplash.jpg,7712,5784,JPEG,RGB,5784
test,nofire,unsplash,caleb-russell,caleb-russell-gYUK48mFopg-unsplash.jpg,/kaggle/input/datasets/elmadafri/the-wildfire-dataset/the_wildfire_dataset_2n_version/test/nofire/caleb-russell-gYUK48mFopg-unsplash.jpg,6000,4000,JPEG,RGB,4000
test,nofire,unsplash,calvin-craig,calvin-craig-MLf4-0_k-P8-unsplash.jpg,/kaggle/input/datasets/elmadafri/the-wildfire-dataset/the_wildfire_dataset_2n_version/test/nofire/calvin-craig-MLf4-0_k-P8-unsplash.jpg,5760,3840,JPEG,RGB,3840
test,nofire,unsplash,carles-rabada,carles-rabada-c9RYAY5f4Ac-unsplash.jpg,/kaggle/input/datasets/elmadafri/the-wildfire-dataset/the_wildfire_dataset_2n_version/test/nofire/carles-rabada-c9RYAY5f4Ac-unsplash.jpg,5472,3078,JPEG,RGB,3078
test,nofire,unsplash,carles-rabada,carles-rabada-f7UprkNqi08-unsplash.jpg,/kaggle/input/datasets/elmadafri/the-wildfire-dataset/the_wildfire_dataset_2n_version/test/nofire/carles-rabada-f7UprkNqi08-unsplash.jpg,3078,5472,JPEG,RGB,3078
test,nofire,unsplash,casey-horner,casey-horner--ulHK_2i1aY-unsplash.jpg,/kaggle/input/datasets/elmadafri/the-wildfire-dataset/the_wildfire_dataset_2n_version/test/nofire/casey-horner--ulHK_2i1aY-unsplash.jpg,3654,5473,JPEG,RGB,3654
test,nofire,unsplash,casey-horner,casey-horner-TI2iMeyOo-o-unsplash.jpg,/kaggle/input/datasets/elmadafri/the-wildfire-dataset/the_wildfire_dataset_2n_version/test/nofire/casey-horner-TI2iMeyOo-o-unsplash.jpg,4016,6016,JPEG,RGB,4016
test,nofire,unsplash,casey-horner,casey-horner-Tmev8bpBSvw-unsplash.jpg,/kaggle/input/datasets/elmadafri/the-wildfire-dataset/the_wildfire_dataset_2n_version/test/nofire/casey-horner-Tmev8bpBSvw-unsplash.jpg,4028,4964,JPEG,RGB,4028
test,nofire,unsplash,cathal-mac,cathal-mac-an-bheatha-6OrHxKx_tMc-unsplash.jpg,/kaggle/input/datasets/elmadafri/the-wildfire-dataset/the_wildfire_dataset_2n_version/test/nofire/cathal-mac-an-bheatha-6OrHxKx_tMc-unsplash.jpg,3504,2336,JPEG,RGB,2336
test,nofire,unsplash,chris-barbalis,chris-barbalis-SIbpq4Lvzdk-unsplash.jpg,/kaggle/input/datasets/elmadafri/the-wildfire-dataset/the_wildfire_dataset_2n_version/test/nofire/chris-barbalis-SIbpq4Lvzdk-unsplash.jpg,6000,4000,JPEG,RGB,4000
test,nofire,unsplash,chris-linnett,chris-linnett-FatkDF8j3pk-unsplash.jpg,/kaggle/input/datasets/elmadafri/the-wildfire-dataset/the_wildfire_dataset_2n_version/test/nofire/chris-linnett-FatkDF8j3pk-unsplash.jpg,4308,2873,JPEG,RGB,2873
test,nofire,unsplash,christine-kozak,christine-kozak-HuwH6i0_pwk-unsplash.jpg,/kaggle/input/datasets/elmadafri/the-wildfire-dataset/the_wildfire_dataset_2n_version/test/nofire/christine-kozak-HuwH6i0_pwk-unsplash.jpg,4000,6000,JPEG,RGB,4000
test,nofire,unsplash,christopher-burns,christopher-burns-9wgdqT2VNSE-unsplash.jpg,/kaggle/input/datasets/elmadafri/the-wildfire-dataset/the_wildfire_dataset_2n_version/test/nofire/christopher-burns-9wgdqT2VNSE-unsplash.jpg,5760,3840,JPEG,RGB,3840
test,nofire,unsplash,clay-banks,clay-banks-EBW1p0vGqDc-unsplash.jpg,/kaggle/input/datasets/elmadafri/the-wildfire-dataset/the_wildfire_dataset_2n_version/test/nofire/clay-banks-EBW1p0vGqDc-unsplash.jpg,5000,3333,JPEG,RGB,3333
test,nofire,unsplash,clay-banks,clay-banks-yBAgX-oGSeo-unsplash.jpg,/kaggle/input/datasets/elmadafri/the-wildfire-dataset/the_wildfire_dataset_2n_version/test/nofire/clay-banks-yBAgX-oGSeo-unsplash.jpg,3800,2134,JPEG,RGB,2134
test,nofire,unsplash,cole-freeman,cole-freeman-x2Gxd6ohasU-unsplash.jpg,/kaggle/input/datasets/elmadafri/the-wildfire-dataset/the_wildfire_dataset_2n_version/test/nofire/cole-freeman-x2Gxd6ohasU-unsplash.jpg,3968,2976,JPEG,RGB,2976
test,nofire,unsplash,corey-agopian,corey-agopian-XGOzlCNeP1I-unsplash.jpg,/kaggle/input/datasets/elmadafri/the-wildfire-dataset/the_wildfire_dataset_2n_version/test/nofire/corey-agopian-XGOzlCNeP1I-unsplash.jpg,4240,2832,JPEG,RGB,2832
test,nofire,unsplash,cosmic-timetraveler,cosmic-timetraveler-pIfF5Q8AYaE-unsplash.jpg,/kaggle/input/datasets/elmadafri/the-wildfire-dataset/the_wildfire_dataset_2n_version/test/nofire/cosmic-timetraveler-pIfF5Q8AYaE-unsplash.jpg,6016,4000,JPEG,RGB,4000
test,nofire,unsplash,cristian-vieriu,cristian-vieriu-lDC7L1cQCeY-unsplash.jpg,/kaggle/input/datasets/elmadafri/the-wildfire-dataset/the_wildfire_dataset_2n_version/test/nofire/cristian-vieriu-lDC7L1cQCeY-unsplash.jpg,4000,2250,JPEG,RGB,2250
test,nofire,unsplash,dan-rogers,dan-rogers-G807nWEuFIo-unsplash.jpg,/kaggle/input/datasets/elmadafri/the-wildfire-dataset/the_wildfire_dataset_2n_version/test/nofire/dan-rogers-G807nWEuFIo-unsplash.jpg,6000,4000,JPEG,RGB,4000
test,nofire,unsplash,daniel-mirlea,daniel-mirlea-sS7GkbDdpMY-unsplash.jpg,/kaggle/input/datasets/elmadafri/the-wildfire-dataset/the_wildfire_dataset_2n_version/test/nofire/daniel-mirlea-sS7GkbDdpMY-unsplash.jpg,4615,3079,JPEG,RGB,3079
test,nofire,unsplash,daniil-silantev,daniil-silantev-JfAzBxcRbv4-unsplash.jpg,/kaggle/input/datasets/elmadafri/the-wildfire-dataset/the_wildfire_dataset_2n_version/test/nofire/daniil-silantev-JfAzBxcRbv4-unsplash.jpg,3268,4895,JPEG,RGB,3268
test,nofire,unsplash,daniil-silantev,daniil-silantev-VggwSJxYlAw-unsplash.jpg,/kaggle/input/datasets/elmadafri/the-wildfire-dataset/the_wildfire_dataset_2n_version/test/nofire/daniil-silantev-VggwSJxYlAw-unsplash.jpg,2310,3461,JPEG,RGB,2310
test,nofire,unsplash,darpan-WwegI5jjJ4c,darpan-WwegI5jjJ4c-unsplash.jpg,/kaggle/input/datasets/elmadafri/the-wildfire-dataset/the_wildfire_dataset_2n_version/test/nofire/darpan-WwegI5jjJ4c-unsplash.jpg,4000,5000,JPEG,RGB,4000
test,nofire,unsplash,dave-hoefler,dave-hoefler-H2fNMhs7lVo-unsplash.jpg,/kaggle/input/datasets/elmadafri/the-wildfire-dataset/the_wildfire_dataset_2n_version/test/nofire/dave-hoefler-H2fNMhs7lVo-unsplash.jpg,3977,2841,JPEG,RGB,2841
test,nofire,unsplash,dave-hoefler,dave-hoefler-U-Dhokv9iXk-unsplash.jpg,/kaggle/input/datasets/elmadafri/the-wildfire-dataset/the_wildfire_dataset_2n_version/test/nofire/dave-hoefler-U-Dhokv9iXk-unsplash.jpg,5760,3240,JPEG,RGB,3240
test,nofire,unsplash,dave-hoefler,dave-hoefler-UFnHt94r91w-unsplash.jpg,/kaggle/input/datasets/elmadafri/the-wildfire-dataset/the_wildfire_dataset_2n_version/test/nofire/dave-hoefler-UFnHt94r91w-unsplash.jpg,2841,3977,JPEG,RGB,2841
test,nofire,unsplash,dave-hoefler,dave-hoefler-XfRglWxgJXk-unsplash.jpg,/kaggle/input/datasets/elmadafri/the-wildfire-dataset/the_wildfire_dataset_2n_version/test/nofire/dave-hoefler-XfRglWxgJXk-unsplash.jpg,3673,4591,JPEG,RGB,3673
test,nofire,unsplash,dave-hoefler,dave-hoefler-swH_IVJGLDA-unsplash.jpg,/kaggle/input/datasets/elmadafri/the-wildfire-dataset/the_wildfire_dataset_2n_version/test/nofire/dave-hoefler-swH_IVJGLDA-unsplash.jpg,3566,4992,JPEG,RGB,3566
test,nofire,unsplash,dawson-mccormick,dawson-mccormick-dZrXqr0IA8A-unsplash.jpg,/kaggle/input/datasets/elmadafri/the-wildfire-dataset/the_wildfire_dataset_2n_version/test/nofire/dawson-mccormick-dZrXqr0IA8A-unsplash.jpg,4480,6720,JPEG,RGB,4480
test,nofire,unsplash,dimitry-ljasuk,dimitry-ljasuk-7q3xrpcBwuM-unsplash.jpg,/kaggle/input/datasets/elmadafri/the-wildfire-dataset/the_wildfire_dataset_2n_version/test/nofire/dimitry-ljasuk-7q3xrpcBwuM-unsplash.jpg,3928,2946,JPEG,RGB,2946
test,nofire,unsplash,dominik-fischer,dominik-fischer-90HyQxrg7ZE-unsplash.jpg,/kaggle/input/datasets/elmadafri/the-wildfire-dataset/the_wildfire_dataset_2n_version/test/nofire/dominik-fischer-90HyQxrg7ZE-unsplash.jpg,3543,2362,JPEG,RGB,2362
test,nofire,unsplash,drew-dau,drew-dau-w8uYD-4zbEo-unsplash.jpg,/kaggle/input/datasets/elmadafri/the-wildfire-dataset/the_wildfire_dataset_2n_version/test/nofire/drew-dau-w8uYD-4zbEo-unsplash.jpg,3648,5472,JPEG,RGB,3648
test,nofire,unsplash,eberhard-grossgasteiger,eberhard-grossgasteiger--n-2Xhr3dOA-unsplash.jpg,/kaggle/input/datasets/elmadafri/the-wildfire-dataset/the_wildfire_dataset_2n_version/test/nofire/eberhard-grossgasteiger--n-2Xhr3dOA-unsplash.jpg,6000,4000,JPEG,RGB,4000
test,nofire,unsplash,eberhard-grossgasteiger,eberhard-grossgasteiger-HU_Ahk35FK8-unsplash.jpg,/kaggle/input/datasets/elmadafri/the-wildfire-dataset/the_wildfire_dataset_2n_version/test/nofire/eberhard-grossgasteiger-HU_Ahk35FK8-unsplash.jpg,3648,5472,JPEG,RGB,3648
test,nofire,unsplash,eberhard-grossgasteiger,eberhard-grossgasteiger-LmqySFs3TQQ-unsplash.jpg,/kaggle/input/datasets/elmadafri/the-wildfire-dataset/the_wildfire_dataset_2n_version/test/nofire/eberhard-grossgasteiger-LmqySFs3TQQ-unsplash.jpg,3635,5437,JPEG,RGB,3635
test,nofire,unsplash,eberhard-grossgasteiger,eberhard-grossgasteiger-NB3dTVw1T0o-unsplash.jpg,/kaggle/input/datasets/elmadafri/the-wildfire-dataset/the_wildfire_dataset_2n_version/test/nofire/eberhard-grossgasteiger-NB3dTVw1T0o-unsplash.jpg,4000,6000,JPEG,RGB,4000
test,nofire,unsplash,eberhard-grossgasteiger,eberhard-grossgasteiger-Np1l2KmC0WA-unsplash.jpg,/kaggle/input/datasets/elmadafri/the-wildfire-dataset/the_wildfire_dataset_2n_version/test/nofire/eberhard-grossgasteiger-Np1l2KmC0WA-unsplash.jpg,2432,3648,JPEG,RGB,2432
test,nofire,unsplash,eberhard-grossgasteiger,eberhard-grossgasteiger-QoXYAE2hFJQ-unsplash.jpg,/kaggle/input/datasets/elmadafri/the-wildfire-dataset/the_wildfire_dataset_2n_version/test/nofire/eberhard-grossgasteiger-QoXYAE2hFJQ-unsplash.jpg,5472,3648,JPEG,RGB,3648
test,nofire,unsplash,eberhard-grossgasteiger,eberhard-grossgasteiger-gptRZytFzFQ-unsplash.jpg,/kaggle/input/datasets/elmadafri/the-wildfire-dataset/the_wildfire_dataset_2n_version/test/nofire/eberhard-grossgasteiger-gptRZytFzFQ-unsplash.jpg,3812,5742,JPEG,RGB,3812
test,nofire,unsplash,eberhard-grossgasteiger,eberhard-grossgasteiger-l_oWTzCrgoA-unsplash.jpg,/kaggle/input/datasets/elmadafri/the-wildfire-dataset/the_wildfire_dataset_2n_version/test/nofire/eberhard-grossgasteiger-l_oWTzCrgoA-unsplash.jpg,3648,5472,JPEG,RGB,3648
test,nofire,unsplash,eberhard-grossgasteiger,eberhard-grossgasteiger-m9dWtVvoEww-unsplash.jpg,/kaggle/input/datasets/elmadafri/the-wildfire-dataset/the_wildfire_dataset_2n_version/test/nofire/eberhard-grossgasteiger-m9dWtVvoEww-unsplash.jpg,4000,6000,JPEG,RGB,4000
test,nofire,unsplash,eberhard-grossgasteiger,eberhard-grossgasteiger-wzuySoHrtX0-unsplash.jpg,/kaggle/input/datasets/elmadafri/the-wildfire-dataset/the_wildfire_dataset_2n_version/test/nofire/eberhard-grossgasteiger-wzuySoHrtX0-unsplash.jpg,4000,6000,JPEG,RGB,4000
test,nofire,unsplash,enrico-naletto,enrico-naletto-W0yZbLyshzc-unsplash.jpg,/kaggle/input/datasets/elmadafri/the-wildfire-dataset/the_wildfire_dataset_2n_version/test/nofire/enrico-naletto-W0yZbLyshzc-unsplash.jpg,4892,3270,JPEG,RGB,3270
test,nofire,unsplash,eric-muhr,eric-muhr-C6AY64q2l84-unsplash.jpg,/kaggle/input/datasets/elmadafri/the-wildfire-dataset/the_wildfire_dataset_2n_version/test/nofire/eric-muhr-C6AY64q2l84-unsplash.jpg,4272,2848,JPEG,RGB,2848
test,nofire,unsplash,erik-mclean,erik-mclean-0aYkdo3XfYo-unsplash.jpg,/kaggle/input/datasets/elmadafri/the-wildfire-dataset/the_wildfire_dataset_2n_version/test/nofire/erik-mclean-0aYkdo3XfYo-unsplash.jpg,4048,2699,JPEG,RGB,2699
test,nofire,unsplash,ethan-dow,ethan-dow-l7Wb6FXHIOQ-unsplash.jpg,/kaggle/input/datasets/elmadafri/the-wildfire-dataset/the_wildfire_dataset_2n_version/test/nofire/ethan-dow-l7Wb6FXHIOQ-unsplash.jpg,4928,3264,JPEG,RGB,3264
test,nofire,unsplash,evan-leith,evan-leith-7fuZmBjjXjE-unsplash.jpg,/kaggle/input/datasets/elmadafri/the-wildfire-dataset/the_wildfire_dataset_2n_version/test/nofire/evan-leith-7fuZmBjjXjE-unsplash.jpg,2242,2803,JPEG,RGB,2242
test,nofire,unsplash,federico-bottos,federico-bottos-JUFuI-kBtas-unsplash.jpg,/kaggle/input/datasets/elmadafri/the-wildfire-dataset/the_wildfire_dataset_2n_version/test/nofire/federico-bottos-JUFuI-kBtas-unsplash.jpg,4000,2667,JPEG,RGB,2667
test,nofire,unsplash,felix-besombes,felix-besombes-fAseBsd1r0U-unsplash.jpg,/kaggle/input/datasets/elmadafri/the-wildfire-dataset/the_wildfire_dataset_2n_version/test/nofire/felix-besombes-fAseBsd1r0U-unsplash.jpg,3648,5472,JPEG,RGB,3648
test,nofire,unsplash,filip-varga,filip-varga-AsgsGO6U78g-unsplash.jpg,/kaggle/input/datasets/elmadafri/the-wildfire-dataset/the_wildfire_dataset_2n_version/test/nofire/filip-varga-AsgsGO6U78g-unsplash.jpg,3906,2602,JPEG,RGB,2602
test,nofire,unsplash,florian-van,florian-van-duyn-grCP1PYmw60-unsplash.jpg,/kaggle/input/datasets/elmadafri/the-wildfire-dataset/the_wildfire_dataset_2n_version/test/nofire/florian-van-duyn-grCP1PYmw60-unsplash.jpg,5616,3744,JPEG,RGB,3744
test,nofire,unsplash,guy-tsror,guy-tsror-ibpr-RbpRG8-unsplash.jpg,/kaggle/input/datasets/elmadafri/the-wildfire-dataset/the_wildfire_dataset_2n_version/test/nofire/guy-tsror-ibpr-RbpRG8-unsplash.jpg,4000,2250,JPEG,RGB,2250
test,nofire,unsplash,gwyn-DlTcL3W6fOs,gwyn-DlTcL3W6fOs-unsplash.jpg,/kaggle/input/datasets/elmadafri/the-wildfire-dataset/the_wildfire_dataset_2n_version/test/nofire/gwyn-DlTcL3W6fOs-unsplash.jpg,5464,3640,JPEG,RGB,3640
test,nofire,unsplash,gwyn-jqdZhPMqsg4,gwyn-jqdZhPMqsg4-unsplash.jpg,/kaggle/input/datasets/elmadafri/the-wildfire-dataset/the_wildfire_dataset_2n_version/test/nofire/gwyn-jqdZhPMqsg4-unsplash.jpg,5464,3640,JPEG,RGB,3640
test,nofire,unsplash,hala-alghanim,hala-alghanim-yyE90v_E8dA-unsplash.jpg,/kaggle/input/datasets/elmadafri/the-wildfire-dataset/the_wildfire_dataset_2n_version/test/nofire/hala-alghanim-yyE90v_E8dA-unsplash.jpg,3456,5184,JPEG,RGB,3456
test,nofire,unsplash,hans-isaacson,hans-isaacson-Ke1haOmqjdM-unsplash.jpg,/kaggle/input/datasets/elmadafri/the-wildfire-dataset/the_wildfire_dataset_2n_version/test/nofire/hans-isaacson-Ke1haOmqjdM-unsplash.jpg,2250,3000,JPEG,RGB,2250
test,nofire,unsplash,harrison-steen,harrison-steen-lUDMZUWFUXE-unsplash.jpg,/kaggle/input/datasets/elmadafri/the-wildfire-dataset/the_wildfire_dataset_2n_version/test/nofire/harrison-steen-lUDMZUWFUXE-unsplash.jpg,6000,3375,JPEG,RGB,3375
test,nofire,unsplash,hunter-bryant,hunter-bryant-C0bPTsZnoH8-unsplash.jpg,/kaggle/input/datasets/elmadafri/the-wildfire-dataset/the_wildfire_dataset_2n_version/test/nofire/hunter-bryant-C0bPTsZnoH8-unsplash.jpg,3719,4649,JPEG,RGB,3719
test,nofire,unsplash,huper-by,huper-by-joshua-earle-Hm68X4fFf6s-unsplash.jpg,/kaggle/input/datasets/elmadafri/the-wildfire-dataset/the_wildfire_dataset_2n_version/test/nofire/huper-by-joshua-earle-Hm68X4fFf6s-unsplash.jpg,3000,2000,JPEG,RGB,2000
test,nofire,unsplash,iewek-gnos,iewek-gnos-W6y6xCk2s6c-unsplash.jpg,/kaggle/input/datasets/elmadafri/the-wildfire-dataset/the_wildfire_dataset_2n_version/test/nofire/iewek-gnos-W6y6xCk2s6c-unsplash.jpg,6000,4000,JPEG,RGB,4000
test,nofire,unsplash,inggrid-koe,inggrid-koe-kbKEuU-YEIw-unsplash.jpg,/kaggle/input/datasets/elmadafri/the-wildfire-dataset/the_wildfire_dataset_2n_version/test/nofire/inggrid-koe-kbKEuU-YEIw-unsplash.jpg,3152,2304,JPEG,RGB,2304
test,nofire,unsplash,ivars-utinans,ivars-utinans-r_LT_Ne3pVo-unsplash.jpg,/kaggle/input/datasets/elmadafri/the-wildfire-dataset/the_wildfire_dataset_2n_version/test/nofire/ivars-utinans-r_LT_Ne3pVo-unsplash.jpg,5464,3640,JPEG,RGB,3640
test,nofire,unsplash,j-brouwer,j-brouwer-43jy3ugj8pk-unsplash.jpg,/kaggle/input/datasets/elmadafri/the-wildfire-dataset/the_wildfire_dataset_2n_version/test/nofire/j-brouwer-43jy3ugj8pk-unsplash.jpg,4730,3153,JPEG,RGB,3153
test,nofire,unsplash,jakub-sejkora,jakub-sejkora-utqJcneoFjo-unsplash.jpg,/kaggle/input/datasets/elmadafri/the-wildfire-dataset/the_wildfire_dataset_2n_version/test/nofire/jakub-sejkora-utqJcneoFjo-unsplash.jpg,3000,2250,JPEG,RGB,2250
test,nofire,unsplash,jan-szwagrzyk,jan-szwagrzyk-TGOorJ1Fkfo-unsplash.jpg,/kaggle/input/datasets/elmadafri/the-wildfire-dataset/the_wildfire_dataset_2n_version/test/nofire/jan-szwagrzyk-TGOorJ1Fkfo-unsplash.jpg,4174,2783,JPEG,RGB,2783
test,nofire,unsplash,jean-wimmerlin,jean-wimmerlin-Dmsiauit2z0-unsplash.jpg,/kaggle/input/datasets/elmadafri/the-wildfire-dataset/the_wildfire_dataset_2n_version/test/nofire/jean-wimmerlin-Dmsiauit2z0-unsplash.jpg,3543,2656,JPEG,RGB,2656
test,nofire,unsplash,jeffrey-blum,jeffrey-blum-oFd4y82w9VY-unsplash.jpg,/kaggle/input/datasets/elmadafri/the-wildfire-dataset/the_wildfire_dataset_2n_version/test/nofire/jeffrey-blum-oFd4y82w9VY-unsplash.jpg,5472,3648,JPEG,RGB,3648
test,nofire,unsplash,jeremy-bishop,jeremy-bishop-1GJnLJjQ9sg-unsplash.jpg,/kaggle/input/datasets/elmadafri/the-wildfire-dataset/the_wildfire_dataset_2n_version/test/nofire/jeremy-bishop-1GJnLJjQ9sg-unsplash.jpg,5472,3648,JPEG,RGB,3648
test,nofire,unsplash,john-gibbons,john-gibbons-fB_aqZDhKFw-unsplash.jpg,/kaggle/input/datasets/elmadafri/the-wildfire-dataset/the_wildfire_dataset_2n_version/test/nofire/john-gibbons-fB_aqZDhKFw-unsplash.jpg,4896,3264,JPEG,RGB,3264
test,nofire,unsplash,john-o,john-o-nolan-uMWPrcRsrto-unsplash.jpg,/kaggle/input/datasets/elmadafri/the-wildfire-dataset/the_wildfire_dataset_2n_version/test/nofire/john-o-nolan-uMWPrcRsrto-unsplash.jpg,3777,2831,JPEG,RGB,2831
test,nofire,unsplash,john-towner,john-towner-89PFnHKg8HE-unsplash.jpg,/kaggle/input/datasets/elmadafri/the-wildfire-dataset/the_wildfire_dataset_2n_version/test/nofire/john-towner-89PFnHKg8HE-unsplash.jpg,7952,5304,JPEG,RGB,5304
test,nofire,unsplash,john-towner,john-towner-CakC6u4d95g-unsplash.jpg,/kaggle/input/datasets/elmadafri/the-wildfire-dataset/the_wildfire_dataset_2n_version/test/nofire/john-towner-CakC6u4d95g-unsplash.jpg,5415,4293,JPEG,RGB,4293
test,nofire,unsplash,john-vowles,john-vowles-lYbT6HBkimk-unsplash.jpg,/kaggle/input/datasets/elmadafri/the-wildfire-dataset/the_wildfire_dataset_2n_version/test/nofire/john-vowles-lYbT6HBkimk-unsplash.jpg,4000,2250,JPEG,RGB,2250
test,nofire,unsplash,jonathan-arbely,jonathan-arbely-5D9k7RnOgLQ-unsplash.jpg,/kaggle/input/datasets/elmadafri/the-wildfire-dataset/the_wildfire_dataset_2n_version/test/nofire/jonathan-arbely-5D9k7RnOgLQ-unsplash.jpg,8000,6000,JPEG,RGB,6000
test,nofire,unsplash,josh-sorenson,josh-sorenson-w_QAjcf1ipU-unsplash.jpg,/kaggle/input/datasets/elmadafri/the-wildfire-dataset/the_wildfire_dataset_2n_version/test/nofire/josh-sorenson-w_QAjcf1ipU-unsplash.jpg,5463,3073,JPEG,RGB,3073
test,nofire,unsplash,josh-withers,josh-withers-UN_W3z4D0pw-unsplash.jpg,/kaggle/input/datasets/elmadafri/the-wildfire-dataset/the_wildfire_dataset_2n_version/test/nofire/josh-withers-UN_W3z4D0pw-unsplash.jpg,3992,2992,JPEG,RGB,2992
test,nofire,unsplash,jp-valery,jp-valery-W9iWetsS4EE-unsplash.jpg,/kaggle/input/datasets/elmadafri/the-wildfire-dataset/the_wildfire_dataset_2n_version/test/nofire/jp-valery-W9iWetsS4EE-unsplash.jpg,5472,3648,JPEG,RGB,3648
test,nofire,unsplash,julien-lanoy,julien-lanoy-EGqaqmSNc2I-unsplash.jpg,/kaggle/input/datasets/elmadafri/the-wildfire-dataset/the_wildfire_dataset_2n_version/test/nofire/julien-lanoy-EGqaqmSNc2I-unsplash.jpg,4000,6000,JPEG,RGB,4000
test,nofire,unsplash,julien-lanoy,julien-lanoy-EjMMJPrfb5E-unsplash.jpg,/kaggle/input/datasets/elmadafri/the-wildfire-dataset/the_wildfire_dataset_2n_version/test/nofire/julien-lanoy-EjMMJPrfb5E-unsplash.jpg,6000,4000,JPEG,RGB,4000
test,nofire,unsplash,kirill-tonkikh,kirill-tonkikh-gZIl698xiGc-unsplash.jpg,/kaggle/input/datasets/elmadafri/the-wildfire-dataset/the_wildfire_dataset_2n_version/test/nofire/kirill-tonkikh-gZIl698xiGc-unsplash.jpg,6000,4000,JPEG,RGB,4000
test,nofire,unsplash,komang-gita,komang-gita-krishna-murti-bVeodNsZQZI-unsplash.jpg,/kaggle/input/datasets/elmadafri/the-wildfire-dataset/the_wildfire_dataset_2n_version/test/nofire/komang-gita-krishna-murti-bVeodNsZQZI-unsplash.jpg,3992,2992,JPEG,RGB,2992
test,nofire,unsplash,kristaps-ungurs,kristaps-ungurs-7aY6JOyFY8A-unsplash.jpg,/kaggle/input/datasets/elmadafri/the-wildfire-dataset/the_wildfire_dataset_2n_version/test/nofire/kristaps-ungurs-7aY6JOyFY8A-unsplash.jpg,3385,5077,JPEG,RGB,3385
test,nofire,unsplash,kristaps-ungurs,kristaps-ungurs-gnrKdXxeLrQ-unsplash.jpg,/kaggle/input/datasets/elmadafri/the-wildfire-dataset/the_wildfire_dataset_2n_version/test/nofire/kristaps-ungurs-gnrKdXxeLrQ-unsplash.jpg,3640,5464,JPEG,RGB,3640
test,nofire,unsplash,kristaps-ungurs,kristaps-ungurs-hBWPG68Cct4-unsplash.jpg,/kaggle/input/datasets/elmadafri/the-wildfire-dataset/the_wildfire_dataset_2n_version/test/nofire/kristaps-ungurs-hBWPG68Cct4-unsplash.jpg,3640,5464,JPEG,RGB,3640
test,nofire,unsplash,kristaps-ungurs,kristaps-ungurs-jywLBT6YHiM-unsplash.jpg,/kaggle/input/datasets/elmadafri/the-wildfire-dataset/the_wildfire_dataset_2n_version/test/nofire/kristaps-ungurs-jywLBT6YHiM-unsplash.jpg,5464,3640,JPEG,RGB,3640
test,nofire,unsplash,kristaps-ungurs,kristaps-ungurs-s-4CYrJJXCU-unsplash.jpg,/kaggle/input/datasets/elmadafri/the-wildfire-dataset/the_wildfire_dataset_2n_version/test/nofire/kristaps-ungurs-s-4CYrJJXCU-unsplash.jpg,3547,5324,JPEG,RGB,3547
test,nofire,unsplash,kyle-mesdag,kyle-mesdag-xrLn6YsmjI4-unsplash.jpg,/kaggle/input/datasets/elmadafri/the-wildfire-dataset/the_wildfire_dataset_2n_version/test/nofire/kyle-mesdag-xrLn6YsmjI4-unsplash.jpg,4000,3000,JPEG,RGB,3000
test,nofire,unsplash,kym-mackinnon,kym-mackinnon-4wlQBd2xXDI-unsplash.jpg,/kaggle/input/datasets/elmadafri/the-wildfire-dataset/the_wildfire_dataset_2n_version/test/nofire/kym-mackinnon-4wlQBd2xXDI-unsplash.jpg,4608,2592,JPEG,RGB,2592
test,nofire,unsplash,kym-mackinnon,kym-mackinnon-DDyw4XRzojA-unsplash.jpg,/kaggle/input/datasets/elmadafri/the-wildfire-dataset/the_wildfire_dataset_2n_version/test/nofire/kym-mackinnon-DDyw4XRzojA-unsplash.jpg,4608,2592,JPEG,RGB,2592
test,nofire,unsplash,kym-mackinnon,kym-mackinnon-GOAbTarWc0Q-unsplash.jpg,/kaggle/input/datasets/elmadafri/the-wildfire-dataset/the_wildfire_dataset_2n_version/test/nofire/kym-mackinnon-GOAbTarWc0Q-unsplash.jpg,4608,2592,JPEG,RGB,2592
test,nofire,unsplash,kym-mackinnon,kym-mackinnon-HCSWKjv_cys-unsplash.jpg,/kaggle/input/datasets/elmadafri/the-wildfire-dataset/the_wildfire_dataset_2n_version/test/nofire/kym-mackinnon-HCSWKjv_cys-unsplash.jpg,4608,2592,JPEG,RGB,2592
test,nofire,unsplash,kym-mackinnon,kym-mackinnon-SMb0XdJxxfI-unsplash.jpg,/kaggle/input/datasets/elmadafri/the-wildfire-dataset/the_wildfire_dataset_2n_version/test/nofire/kym-mackinnon-SMb0XdJxxfI-unsplash.jpg,4896,2752,JPEG,RGB,2752
test,nofire,unsplash,kym-mackinnon,kym-mackinnon-ZaannBOrvY8-unsplash.jpg,/kaggle/input/datasets/elmadafri/the-wildfire-dataset/the_wildfire_dataset_2n_version/test/nofire/kym-mackinnon-ZaannBOrvY8-unsplash.jpg,4608,2592,JPEG,RGB,2592
test,nofire,unsplash,kym-mackinnon,kym-mackinnon-bYMkg-r-E0A-unsplash.jpg,/kaggle/input/datasets/elmadafri/the-wildfire-dataset/the_wildfire_dataset_2n_version/test/nofire/kym-mackinnon-bYMkg-r-E0A-unsplash.jpg,4216,2372,JPEG,RGB,2372
test,nofire,unsplash,kym-mackinnon,kym-mackinnon-imEpwtWEPPQ-unsplash.jpg,/kaggle/input/datasets/elmadafri/the-wildfire-dataset/the_wildfire_dataset_2n_version/test/nofire/kym-mackinnon-imEpwtWEPPQ-unsplash.jpg,4608,2592,JPEG,RGB,2592
test,nofire,unsplash,kym-mackinnon,kym-mackinnon-mT8BWsYyeU0-unsplash.jpg,/kaggle/input/datasets/elmadafri/the-wildfire-dataset/the_wildfire_dataset_2n_version/test/nofire/kym-mackinnon-mT8BWsYyeU0-unsplash.jpg,4608,2592,JPEG,RGB,2592
test,nofire,unsplash,kym-mackinnon,kym-mackinnon-y70s9rNiuvY-unsplash.jpg,/kaggle/input/datasets/elmadafri/the-wildfire-dataset/the_wildfire_dataset_2n_version/test/nofire/kym-mackinnon-y70s9rNiuvY-unsplash.jpg,4216,2372,JPEG,RGB,2372
test,nofire,unsplash,kym-mackinnon,kym-mackinnon-zzlvHbtI1F8-unsplash.jpg,/kaggle/input/datasets/elmadafri/the-wildfire-dataset/the_wildfire_dataset_2n_version/test/nofire/kym-mackinnon-zzlvHbtI1F8-unsplash.jpg,4608,2592,JPEG,RGB,2592
test,nofire,unsplash,kyson-dana,kyson-dana-uTRC5HzYyXE-unsplash.jpg,/kaggle/input/datasets/elmadafri/the-wildfire-dataset/the_wildfire_dataset_2n_version/test/nofire/kyson-dana-uTRC5HzYyXE-unsplash.jpg,1948,2762,JPEG,RGB,1948
test,nofire,unsplash,lasma-artmane,lasma-artmane-II0WWqBorw0-unsplash.jpg,/kaggle/input/datasets/elmadafri/the-wildfire-dataset/the_wildfire_dataset_2n_version/test/nofire/lasma-artmane-II0WWqBorw0-unsplash.jpg,5184,3456,JPEG,RGB,3456
test,nofire,unsplash,leslie-cross,leslie-cross-v7nyWOBSnLw-unsplash.jpg,/kaggle/input/datasets/elmadafri/the-wildfire-dataset/the_wildfire_dataset_2n_version/test/nofire/leslie-cross-v7nyWOBSnLw-unsplash.jpg,5184,3456,JPEG,RGB,3456
test,nofire,unsplash,levi-bare,levi-bare-5__JKMn5H_c-unsplash.jpg,/kaggle/input/datasets/elmadafri/the-wildfire-dataset/the_wildfire_dataset_2n_version/test/nofire/levi-bare-5__JKMn5H_c-unsplash.jpg,6000,4000,JPEG,RGB,4000
test,nofire,unsplash,levi-bare,levi-bare-tI1Kc3LuRMI-unsplash.jpg,/kaggle/input/datasets/elmadafri/the-wildfire-dataset/the_wildfire_dataset_2n_version/test/nofire/levi-bare-tI1Kc3LuRMI-unsplash.jpg,5043,3360,JPEG,RGB,3360
test,nofire,unsplash,linford-miles,linford-miles-ECYv-bIJ3s4-unsplash.jpg,/kaggle/input/datasets/elmadafri/the-wildfire-dataset/the_wildfire_dataset_2n_version/test/nofire/linford-miles-ECYv-bIJ3s4-unsplash.jpg,3992,2992,JPEG,RGB,2992
test,nofire,unsplash,lukas-mann,lukas-mann-d-CvnGwwJts-unsplash.jpg,/kaggle/input/datasets/elmadafri/the-wildfire-dataset/the_wildfire_dataset_2n_version/test/nofire/lukas-mann-d-CvnGwwJts-unsplash.jpg,3333,5000,JPEG,RGB,3333
test,nofire,unsplash,mael-seigneurie,mael-seigneurie-UAFp3u8Rcvk-unsplash.jpg,/kaggle/input/datasets/elmadafri/the-wildfire-dataset/the_wildfire_dataset_2n_version/test/nofire/mael-seigneurie-UAFp3u8Rcvk-unsplash.jpg,3390,5085,JPEG,RGB,3390
test,nofire,unsplash,malik-skydsgaard,malik-skydsgaard-GDDe4yAW5W4-unsplash.jpg,/kaggle/input/datasets/elmadafri/the-wildfire-dataset/the_wildfire_dataset_2n_version/test/nofire/malik-skydsgaard-GDDe4yAW5W4-unsplash.jpg,5270,4679,JPEG,RGB,4679
test,nofire,unsplash,malik-skydsgaard,malik-skydsgaard-GxEOyQLP7xY-unsplash.jpg,/kaggle/input/datasets/elmadafri/the-wildfire-dataset/the_wildfire_dataset_2n_version/test/nofire/malik-skydsgaard-GxEOyQLP7xY-unsplash.jpg,5269,8366,JPEG,RGB,5269
test,nofire,unsplash,malik-skydsgaard,malik-skydsgaard-OSQyEh1siCo-unsplash.jpg,/kaggle/input/datasets/elmadafri/the-wildfire-dataset/the_wildfire_dataset_2n_version/test/nofire/malik-skydsgaard-OSQyEh1siCo-unsplash.jpg,5272,8974,JPEG,RGB,5272
test,nofire,unsplash,marek-piwnicki,marek-piwnicki-2W7GMDQGuzI-unsplash.jpg,/kaggle/input/datasets/elmadafri/the-wildfire-dataset/the_wildfire_dataset_2n_version/test/nofire/marek-piwnicki-2W7GMDQGuzI-unsplash.jpg,5412,3044,JPEG,RGB,3044
test,nofire,unsplash,marek-piwnicki,marek-piwnicki-C8pKTvqtug0-unsplash.jpg,/kaggle/input/datasets/elmadafri/the-wildfire-dataset/the_wildfire_dataset_2n_version/test/nofire/marek-piwnicki-C8pKTvqtug0-unsplash.jpg,3418,5127,JPEG,RGB,3418
test,nofire,unsplash,marek-piwnicki,marek-piwnicki-DCGABYDIdT0-unsplash.jpg,/kaggle/input/datasets/elmadafri/the-wildfire-dataset/the_wildfire_dataset_2n_version/test/nofire/marek-piwnicki-DCGABYDIdT0-unsplash.jpg,9160,5153,JPEG,RGB,5153
test,nofire,unsplash,marek-piwnicki,marek-piwnicki-H7oXHL19SlU-unsplash.jpg,/kaggle/input/datasets/elmadafri/the-wildfire-dataset/the_wildfire_dataset_2n_version/test/nofire/marek-piwnicki-H7oXHL19SlU-unsplash.jpg,13421,5616,JPEG,RGB,5616
test,nofire,unsplash,marek-piwnicki,marek-piwnicki-U22rbeq3m5E-unsplash.jpg,/kaggle/input/datasets/elmadafri/the-wildfire-dataset/the_wildfire_dataset_2n_version/test/nofire/marek-piwnicki-U22rbeq3m5E-unsplash.jpg,5420,3388,JPEG,RGB,3388
test,nofire,unsplash,marek-piwnicki,marek-piwnicki-Yg7PWiIFqWM-unsplash.jpg,/kaggle/input/datasets/elmadafri/the-wildfire-dataset/the_wildfire_dataset_2n_version/test/nofire/marek-piwnicki-Yg7PWiIFqWM-unsplash.jpg,5123,2882,JPEG,RGB,2882
test,nofire,unsplash,marek-piwnicki,marek-piwnicki-Z45VspLrGYk-unsplash.jpg,/kaggle/input/datasets/elmadafri/the-wildfire-dataset/the_wildfire_dataset_2n_version/test/nofire/marek-piwnicki-Z45VspLrGYk-unsplash.jpg,5227,3267,JPEG,RGB,3267
test,nofire,unsplash,marek-piwnicki,marek-piwnicki-bxsFTaNFFRY-unsplash.jpg,/kaggle/input/datasets/elmadafri/the-wildfire-dataset/the_wildfire_dataset_2n_version/test/nofire/marek-piwnicki-bxsFTaNFFRY-unsplash.jpg,3520,5280,JPEG,RGB,3520
test,nofire,unsplash,marek-piwnicki,marek-piwnicki-mTmKpI53NcY-unsplash.jpg,/kaggle/input/datasets/elmadafri/the-wildfire-dataset/the_wildfire_dataset_2n_version/test/nofire/marek-piwnicki-mTmKpI53NcY-unsplash.jpg,5057,3161,JPEG,RGB,3161
test,nofire,unsplash,marek-piwnicki,marek-piwnicki-z14zNu59bLo-unsplash.jpg,/kaggle/input/datasets/elmadafri/the-wildfire-dataset/the_wildfire_dataset_2n_version/test/nofire/marek-piwnicki-z14zNu59bLo-unsplash.jpg,5202,3251,JPEG,RGB,3251
test,nofire,unsplash,mariusz-slonski,mariusz-slonski-MxkcVyolp-4-unsplash.jpg,/kaggle/input/datasets/elmadafri/the-wildfire-dataset/the_wildfire_dataset_2n_version/test/nofire/mariusz-slonski-MxkcVyolp-4-unsplash.jpg,2381,3572,JPEG,RGB,2381
test,nofire,unsplash,mark-basarab,mark-basarab-okYSDKshIes-unsplash.jpg,/kaggle/input/datasets/elmadafri/the-wildfire-dataset/the_wildfire_dataset_2n_version/test/nofire/mark-basarab-okYSDKshIes-unsplash.jpg,3616,2712,JPEG,RGB,2712
test,nofire,unsplash,mark-boss,mark-boss-KG8N1Rqf02w-unsplash.jpg,/kaggle/input/datasets/elmadafri/the-wildfire-dataset/the_wildfire_dataset_2n_version/test/nofire/mark-boss-KG8N1Rqf02w-unsplash.jpg,4000,2250,JPEG,RGB,2250
test,nofire,unsplash,martin-sanchez,martin-sanchez-ML6kHR--Uys-unsplash.jpg,/kaggle/input/datasets/elmadafri/the-wildfire-dataset/the_wildfire_dataset_2n_version/test/nofire/martin-sanchez-ML6kHR--Uys-unsplash.jpg,3640,5464,JPEG,RGB,3640
test,nofire,unsplash,mathilda-khoo,mathilda-khoo-00qUCwYToAY-unsplash.jpg,/kaggle/input/datasets/elmadafri/the-wildfire-dataset/the_wildfire_dataset_2n_version/test/nofire/mathilda-khoo-00qUCwYToAY-unsplash.jpg,5242,3495,JPEG,RGB,3495
test,nofire,unsplash,matthew-brodeur,matthew-brodeur-aIxDXa4T-u8-unsplash.jpg,/kaggle/input/datasets/elmadafri/the-wildfire-dataset/the_wildfire_dataset_2n_version/test/nofire/matthew-brodeur-aIxDXa4T-u8-unsplash.jpg,2177,2817,JPEG,RGB,2177
test,nofire,unsplash,matthias-heil,matthias-heil-T7lMR-syZAg-unsplash.jpg,/kaggle/input/datasets/elmadafri/the-wildfire-dataset/the_wildfire_dataset_2n_version/test/nofire/matthias-heil-T7lMR-syZAg-unsplash.jpg,3000,1994,JPEG,RGB,1994
test,nofire,unsplash,max-voxberg,max-voxberg-hY5OUxg_Zgc-unsplash.jpg,/kaggle/input/datasets/elmadafri/the-wildfire-dataset/the_wildfire_dataset_2n_version/test/nofire/max-voxberg-hY5OUxg_Zgc-unsplash.jpg,2992,3992,JPEG,RGB,2992
test,nofire,unsplash,mj-lDXV1dVQrTA,mj-lDXV1dVQrTA-unsplash.jpg,/kaggle/input/datasets/elmadafri/the-wildfire-dataset/the_wildfire_dataset_2n_version/test/nofire/mj-lDXV1dVQrTA-unsplash.jpg,2426,3032,JPEG,RGB,2426
test,nofire,unsplash,nathan-anderson,nathan-anderson-EZ9kyweogsI-unsplash.jpg,/kaggle/input/datasets/elmadafri/the-wildfire-dataset/the_wildfire_dataset_2n_version/test/nofire/nathan-anderson-EZ9kyweogsI-unsplash.jpg,3992,2992,JPEG,RGB,2992
test,nofire,unsplash,nathan-anderson,nathan-anderson-MEIBNPI1RC8-unsplash.jpg,/kaggle/input/datasets/elmadafri/the-wildfire-dataset/the_wildfire_dataset_2n_version/test/nofire/nathan-anderson-MEIBNPI1RC8-unsplash.jpg,5275,3428,JPEG,RGB,3428
test,nofire,unsplash,nathan-anderson,nathan-anderson-PpZiXBY7_Nw-unsplash.jpg,/kaggle/input/datasets/elmadafri/the-wildfire-dataset/the_wildfire_dataset_2n_version/test/nofire/nathan-anderson-PpZiXBY7_Nw-unsplash.jpg,6016,4016,JPEG,RGB,4016
test,nofire,unsplash,nathan-anderson,nathan-anderson-YWWMGwXX2JY-unsplash.jpg,/kaggle/input/datasets/elmadafri/the-wildfire-dataset/the_wildfire_dataset_2n_version/test/nofire/nathan-anderson-YWWMGwXX2JY-unsplash.jpg,3992,2992,JPEG,RGB,2992
test,nofire,unsplash,nathan-anderson,nathan-anderson-ajFuxNTkRiE-unsplash.jpg,/kaggle/input/datasets/elmadafri/the-wildfire-dataset/the_wildfire_dataset_2n_version/test/nofire/nathan-anderson-ajFuxNTkRiE-unsplash.jpg,3992,2992,JPEG,RGB,2992
test,nofire,unsplash,nathan-anderson,nathan-anderson-d1gPSEN9dOE-unsplash.jpg,/kaggle/input/datasets/elmadafri/the-wildfire-dataset/the_wildfire_dataset_2n_version/test/nofire/nathan-anderson-d1gPSEN9dOE-unsplash.jpg,5464,3640,JPEG,RGB,3640
test,nofire,unsplash,nathan-anderson,nathan-anderson-eelpgSLWrqo-unsplash.jpg,/kaggle/input/datasets/elmadafri/the-wildfire-dataset/the_wildfire_dataset_2n_version/test/nofire/nathan-anderson-eelpgSLWrqo-unsplash.jpg,5464,3640,JPEG,RGB,3640
test,nofire,unsplash,nathan-anderson,nathan-anderson-n5RPHzjxUWM-unsplash.jpg,/kaggle/input/datasets/elmadafri/the-wildfire-dataset/the_wildfire_dataset_2n_version/test/nofire/nathan-anderson-n5RPHzjxUWM-unsplash.jpg,5464,3640,JPEG,RGB,3640
test,nofire,unsplash,nathan-queloz,nathan-queloz-1e_HHIbqk7s-unsplash.jpg,/kaggle/input/datasets/elmadafri/the-wildfire-dataset/the_wildfire_dataset_2n_version/test/nofire/nathan-queloz-1e_HHIbqk7s-unsplash.jpg,4000,3000,JPEG,RGB,3000
test,nofire,unsplash,nathan-queloz,nathan-queloz-gce72ixcGyU-unsplash.jpg,/kaggle/input/datasets/elmadafri/the-wildfire-dataset/the_wildfire_dataset_2n_version/test/nofire/nathan-queloz-gce72ixcGyU-unsplash.jpg,4000,3000,JPEG,RGB,3000
test,nofire,unsplash,nathan-queloz,nathan-queloz-gkMuexmFMR4-unsplash.jpg,/kaggle/input/datasets/elmadafri/the-wildfire-dataset/the_wildfire_dataset_2n_version/test/nofire/nathan-queloz-gkMuexmFMR4-unsplash.jpg,4000,3000,JPEG,RGB,3000
test,nofire,unsplash,nathan-queloz,nathan-queloz-rj0KbZGsOP4-unsplash.jpg,/kaggle/input/datasets/elmadafri/the-wildfire-dataset/the_wildfire_dataset_2n_version/test/nofire/nathan-queloz-rj0KbZGsOP4-unsplash.jpg,3968,2976,JPEG,RGB,2976
test,nofire,unsplash,neven-krcmarek,neven-krcmarek-50HS3AzJsvQ-unsplash.jpg,/kaggle/input/datasets/elmadafri/the-wildfire-dataset/the_wildfire_dataset_2n_version/test/nofire/neven-krcmarek-50HS3AzJsvQ-unsplash.jpg,3000,4500,JPEG,RGB,3000
test,nofire,unsplash,neven-krcmarek,neven-krcmarek-ZM7PgZ1zU2k-unsplash.jpg,/kaggle/input/datasets/elmadafri/the-wildfire-dataset/the_wildfire_dataset_2n_version/test/nofire/neven-krcmarek-ZM7PgZ1zU2k-unsplash.jpg,4000,2544,JPEG,RGB,2544
test,nofire,unsplash,nick-scheerbart,nick-scheerbart-xFjAftU8lMY-unsplash.jpg,/kaggle/input/datasets/elmadafri/the-wildfire-dataset/the_wildfire_dataset_2n_version/test/nofire/nick-scheerbart-xFjAftU8lMY-unsplash.jpg,4902,3268,JPEG,RGB,3268
test,nofire,unsplash,nicolas-cool,nicolas-cool-kG2uTD1KxYI-unsplash.jpg,/kaggle/input/datasets/elmadafri/the-wildfire-dataset/the_wildfire_dataset_2n_version/test/nofire/nicolas-cool-kG2uTD1KxYI-unsplash.jpg,4000,3000,JPEG,RGB,3000
test,nofire,unsplash,nigel-tadyanehondo,nigel-tadyanehondo-RonhCA39VRw-unsplash.jpg,/kaggle/input/datasets/elmadafri/the-wildfire-dataset/the_wildfire_dataset_2n_version/test/nofire/nigel-tadyanehondo-RonhCA39VRw-unsplash.jpg,3992,2242,JPEG,RGB,2242
test,nofire,unsplash,nikola-knezevic,nikola-knezevic-lPzO6ZGRGYI-unsplash.jpg,/kaggle/input/datasets/elmadafri/the-wildfire-dataset/the_wildfire_dataset_2n_version/test/nofire/nikola-knezevic-lPzO6ZGRGYI-unsplash.jpg,5616,3744,JPEG,RGB,3744
test,nofire,unsplash,nitish-meena,nitish-meena-ANo5_iE9dcU-unsplash.jpg,/kaggle/input/datasets/elmadafri/the-wildfire-dataset/the_wildfire_dataset_2n_version/test/nofire/nitish-meena-ANo5_iE9dcU-unsplash.jpg,3300,2200,JPEG,RGB,2200
test,nofire,unsplash,olena-sergienko,olena-sergienko-3BlVILvh9hM-unsplash.jpg,/kaggle/input/datasets/elmadafri/the-wildfire-dataset/the_wildfire_dataset_2n_version/test/nofire/olena-sergienko-3BlVILvh9hM-unsplash.jpg,2250,4000,JPEG,RGB,2250
test,nofire,unsplash,olena-sergienko,olena-sergienko-ZYZeA_rwW9I-unsplash.jpg,/kaggle/input/datasets/elmadafri/the-wildfire-dataset/the_wildfire_dataset_2n_version/test/nofire/olena-sergienko-ZYZeA_rwW9I-unsplash.jpg,2250,4000,JPEG,RGB,2250
test,nofire,unsplash,olivier-mesnage,olivier-mesnage-lO6DOAIxDE0-unsplash.jpg,/kaggle/input/datasets/elmadafri/the-wildfire-dataset/the_wildfire_dataset_2n_version/test/nofire/olivier-mesnage-lO6DOAIxDE0-unsplash.jpg,3992,2992,JPEG,RGB,2992
test,nofire,unsplash,ozark-drones,ozark-drones-XfnxPrd0-2g-unsplash.jpg,/kaggle/input/datasets/elmadafri/the-wildfire-dataset/the_wildfire_dataset_2n_version/test/nofire/ozark-drones-XfnxPrd0-2g-unsplash.jpg,4608,3456,JPEG,RGB,3456
test,nofire,unsplash,ozark-drones,ozark-drones-iWMksWAU0so-unsplash.jpg,/kaggle/input/datasets/elmadafri/the-wildfire-dataset/the_wildfire_dataset_2n_version/test/nofire/ozark-drones-iWMksWAU0so-unsplash.jpg,3992,2992,JPEG,RGB,2992
test,nofire,unsplash,pat-whelen,pat-whelen-5PGbTcaX9rs-unsplash.jpg,/kaggle/input/datasets/elmadafri/the-wildfire-dataset/the_wildfire_dataset_2n_version/test/nofire/pat-whelen-5PGbTcaX9rs-unsplash.jpg,6720,4480,JPEG,RGB,4480
test,nofire,unsplash,pat-whelen,pat-whelen-H5RYQLQMR38-unsplash.jpg,/kaggle/input/datasets/elmadafri/the-wildfire-dataset/the_wildfire_dataset_2n_version/test/nofire/pat-whelen-H5RYQLQMR38-unsplash.jpg,5250,6561,JPEG,RGB,5250
test,nofire,unsplash,patrick-langwallner,patrick-langwallner-zzRNMpEjppI-unsplash.jpg,/kaggle/input/datasets/elmadafri/the-wildfire-dataset/the_wildfire_dataset_2n_version/test/nofire/patrick-langwallner-zzRNMpEjppI-unsplash.jpg,3640,5464,JPEG,RGB,3640
test,nofire,unsplash,paul-pastourmatzis,paul-pastourmatzis-KT3WlrL_bsg-unsplash.jpg,/kaggle/input/datasets/elmadafri/the-wildfire-dataset/the_wildfire_dataset_2n_version/test/nofire/paul-pastourmatzis-KT3WlrL_bsg-unsplash.jpg,5472,3078,JPEG,RGB,3078
test,nofire,unsplash,peter-robbins,peter-robbins-g1HdaJxDFrk-unsplash.jpg,/kaggle/input/datasets/elmadafri/the-wildfire-dataset/the_wildfire_dataset_2n_version/test/nofire/peter-robbins-g1HdaJxDFrk-unsplash.jpg,5152,3864,JPEG,RGB,3864
test,nofire,unsplash,raphael-biscaldi,raphael-biscaldi-Ux_6dqF8WiQ-unsplash.jpg,/kaggle/input/datasets/elmadafri/the-wildfire-dataset/the_wildfire_dataset_2n_version/test/nofire/raphael-biscaldi-Ux_6dqF8WiQ-unsplash.jpg,4000,2250,JPEG,RGB,2250
test,nofire,unsplash,rc-victorino,rc-victorino--o3x_dhZijU-unsplash.jpg,/kaggle/input/datasets/elmadafri/the-wildfire-dataset/the_wildfire_dataset_2n_version/test/nofire/rc-victorino--o3x_dhZijU-unsplash.jpg,4032,3024,JPEG,RGB,3024
test,nofire,unsplash,rhema-kallianpur,rhema-kallianpur-t0GpJ2cdJuo-unsplash.jpg,/kaggle/input/datasets/elmadafri/the-wildfire-dataset/the_wildfire_dataset_2n_version/test/nofire/rhema-kallianpur-t0GpJ2cdJuo-unsplash.jpg,3264,2448,JPEG,RGB,2448
test,nofire,unsplash,ryan-searle,ryan-searle-bMQEHzEm09w-unsplash.jpg,/kaggle/input/datasets/elmadafri/the-wildfire-dataset/the_wildfire_dataset_2n_version/test/nofire/ryan-searle-bMQEHzEm09w-unsplash.jpg,2992,3992,JPEG,RGB,2992
test,nofire,unsplash,ryo-yoshitake,ryo-yoshitake-c_rWbq-Bcb4-unsplash.jpg,/kaggle/input/datasets/elmadafri/the-wildfire-dataset/the_wildfire_dataset_2n_version/test/nofire/ryo-yoshitake-c_rWbq-Bcb4-unsplash.jpg,3992,2992,JPEG,RGB,2992
test,nofire,unsplash,saketh-garuda,saketh-garuda-9nkoCtI1HnI-unsplash.jpg,/kaggle/input/datasets/elmadafri/the-wildfire-dataset/the_wildfire_dataset_2n_version/test/nofire/saketh-garuda-9nkoCtI1HnI-unsplash.jpg,4000,3000,JPEG,RGB,3000
test,nofire,unsplash,sander-lenaerts,sander-lenaerts-X4yQIgcSYcQ-unsplash.jpg,/kaggle/input/datasets/elmadafri/the-wildfire-dataset/the_wildfire_dataset_2n_version/test/nofire/sander-lenaerts-X4yQIgcSYcQ-unsplash.jpg,5472,3072,JPEG,RGB,3072
test,nofire,unsplash,sander-weeteling,sander-weeteling-rLvCmdZrS4Y-unsplash.jpg,/kaggle/input/datasets/elmadafri/the-wildfire-dataset/the_wildfire_dataset_2n_version/test/nofire/sander-weeteling-rLvCmdZrS4Y-unsplash.jpg,3992,2242,JPEG,RGB,2242
test,nofire,unsplash,scott-taylor,scott-taylor-rOrGGkyllm4-unsplash.jpg,/kaggle/input/datasets/elmadafri/the-wildfire-dataset/the_wildfire_dataset_2n_version/test/nofire/scott-taylor-rOrGGkyllm4-unsplash.jpg,2447,3059,JPEG,RGB,2447
test,nofire,unsplash,sergio-melo,sergio-melo-YYXh3QHhk40-unsplash.jpg,/kaggle/input/datasets/elmadafri/the-wildfire-dataset/the_wildfire_dataset_2n_version/test/nofire/sergio-melo-YYXh3QHhk40-unsplash.jpg,4032,3024,JPEG,RGB,3024
test,nofire,unsplash,silas-baisch,silas-baisch-IRk4gKJQLBI-unsplash.jpg,/kaggle/input/datasets/elmadafri/the-wildfire-dataset/the_wildfire_dataset_2n_version/test/nofire/silas-baisch-IRk4gKJQLBI-unsplash.jpg,3992,2992,JPEG,RGB,2992
test,nofire,unsplash,single-earth,single-earth-FP5tOXT6aMs-unsplash.jpg,/kaggle/input/datasets/elmadafri/the-wildfire-dataset/the_wildfire_dataset_2n_version/test/nofire/single-earth-FP5tOXT6aMs-unsplash.jpg,7008,3872,JPEG,RGB,3872
test,nofire,unsplash,single-earth,single-earth-pfXTECJcppk-unsplash.jpg,/kaggle/input/datasets/elmadafri/the-wildfire-dataset/the_wildfire_dataset_2n_version/test/nofire/single-earth-pfXTECJcppk-unsplash.jpg,11654,3973,JPEG,RGB,3973
test,nofire,unsplash,smaran-alva,smaran-alva-yOj9j2Ho-kE-unsplash.jpg,/kaggle/input/datasets/elmadafri/the-wildfire-dataset/the_wildfire_dataset_2n_version/test/nofire/smaran-alva-yOj9j2Ho-kE-unsplash.jpg,4048,3032,JPEG,RGB,3032
test,nofire,unsplash,spencer-watson,spencer-watson-G5QSfcEUQ-M-unsplash.jpg,/kaggle/input/datasets/elmadafri/the-wildfire-dataset/the_wildfire_dataset_2n_version/test/nofire/spencer-watson-G5QSfcEUQ-M-unsplash.jpg,2500,1667,JPEG,RGB,1667
test,nofire,unsplash,spencer-watson,spencer-watson-bYLHitxMHmU-unsplash.jpg,/kaggle/input/datasets/elmadafri/the-wildfire-dataset/the_wildfire_dataset_2n_version/test/nofire/spencer-watson-bYLHitxMHmU-unsplash.jpg,2500,1874,JPEG,RGB,1874
test,nofire,unsplash,steven-van,steven-van-elk-Vu23WPzGBr8-unsplash.jpg,/kaggle/input/datasets/elmadafri/the-wildfire-dataset/the_wildfire_dataset_2n_version/test/nofire/steven-van-elk-Vu23WPzGBr8-unsplash.jpg,3992,2992,JPEG,RGB,2992
test,nofire,unsplash,stories-tNhGCix_HvA,stories-tNhGCix_HvA-unsplash.jpg,/kaggle/input/datasets/elmadafri/the-wildfire-dataset/the_wildfire_dataset_2n_version/test/nofire/stories-tNhGCix_HvA-unsplash.jpg,4056,3040,JPEG,RGB,3040
test,nofire,unsplash,sunnie-KJ_G43MHDf0,sunnie-KJ_G43MHDf0-unsplash.jpg,/kaggle/input/datasets/elmadafri/the-wildfire-dataset/the_wildfire_dataset_2n_version/test/nofire/sunnie-KJ_G43MHDf0-unsplash.jpg,6000,4000,JPEG,RGB,4000
test,nofire,unsplash,t-selin,t-selin-erkan--2xRZIGu3EU-unsplash.jpg,/kaggle/input/datasets/elmadafri/the-wildfire-dataset/the_wildfire_dataset_2n_version/test/nofire/t-selin-erkan--2xRZIGu3EU-unsplash.jpg,3456,5184,JPEG,RGB,3456
test,nofire,unsplash,taras-chuiko,taras-chuiko-QiWzwOet4dQ-unsplash.jpg,/kaggle/input/datasets/elmadafri/the-wildfire-dataset/the_wildfire_dataset_2n_version/test/nofire/taras-chuiko-QiWzwOet4dQ-unsplash.jpg,4000,6000,JPEG,RGB,4000
test,nofire,unsplash,thought-catalog,thought-catalog-bGiMXk8sMHw-unsplash.jpg,/kaggle/input/datasets/elmadafri/the-wildfire-dataset/the_wildfire_dataset_2n_version/test/nofire/thought-catalog-bGiMXk8sMHw-unsplash.jpg,3000,2249,JPEG,RGB,2249
test,nofire,unsplash,tobias-reich,tobias-reich-SfhLrF4yxXI-unsplash.jpg,/kaggle/input/datasets/elmadafri/the-wildfire-dataset/the_wildfire_dataset_2n_version/test/nofire/tobias-reich-SfhLrF4yxXI-unsplash.jpg,2774,3699,JPEG,RGB,2774
test,nofire,unsplash,tobias-reich,tobias-reich-zwoFKAgEvT0-unsplash.jpg,/kaggle/input/datasets/elmadafri/the-wildfire-dataset/the_wildfire_dataset_2n_version/test/nofire/tobias-reich-zwoFKAgEvT0-unsplash.jpg,3987,2990,JPEG,RGB,2990
test,nofire,unsplash,toby-elliott,toby-elliott-zeuK1e-c0wI-unsplash.jpg,/kaggle/input/datasets/elmadafri/the-wildfire-dataset/the_wildfire_dataset_2n_version/test/nofire/toby-elliott-zeuK1e-c0wI-unsplash.jpg,6000,4000,JPEG,RGB,4000
test,nofire,unsplash,tolga-ahmetler,tolga-ahmetler-_b_80WiUkzY-unsplash.jpg,/kaggle/input/datasets/elmadafri/the-wildfire-dataset/the_wildfire_dataset_2n_version/test/nofire/tolga-ahmetler-_b_80WiUkzY-unsplash.jpg,2509,3763,JPEG,RGB,2509
test,nofire,unsplash,tom-allport,tom-allport-Yh8_B8NlcFU-unsplash.jpg,/kaggle/input/datasets/elmadafri/the-wildfire-dataset/the_wildfire_dataset_2n_version/test/nofire/tom-allport-Yh8_B8NlcFU-unsplash.jpg,5902,3935,JPEG,RGB,3935
test,nofire,unsplash,tom-podmore,tom-podmore-BdFn6XZzPOY-unsplash.jpg,/kaggle/input/datasets/elmadafri/the-wildfire-dataset/the_wildfire_dataset_2n_version/test/nofire/tom-podmore-BdFn6XZzPOY-unsplash.jpg,6000,4000,JPEG,RGB,4000
test,nofire,unsplash,tom-podmore,tom-podmore-eNWJIJeLnbk-unsplash.jpg,/kaggle/input/datasets/elmadafri/the-wildfire-dataset/the_wildfire_dataset_2n_version/test/nofire/tom-podmore-eNWJIJeLnbk-unsplash.jpg,4000,6000,JPEG,RGB,4000
test,nofire,unsplash,tomasz-smal,tomasz-smal-v3N-gJf62nE-unsplash.jpg,/kaggle/input/datasets/elmadafri/the-wildfire-dataset/the_wildfire_dataset_2n_version/test/nofire/tomasz-smal-v3N-gJf62nE-unsplash.jpg,7888,5916,JPEG,RGB,5916
test,nofire,unsplash,trey-gibson,trey-gibson-MGtUhF7oN70-unsplash.jpg,/kaggle/input/datasets/elmadafri/the-wildfire-dataset/the_wildfire_dataset_2n_version/test/nofire/trey-gibson-MGtUhF7oN70-unsplash.jpg,6000,4000,JPEG,RGB,4000
test,nofire,unsplash,tristan-mckenzie,tristan-mckenzie-JZ7D9NsEO5I-unsplash.jpg,/kaggle/input/datasets/elmadafri/the-wildfire-dataset/the_wildfire_dataset_2n_version/test/nofire/tristan-mckenzie-JZ7D9NsEO5I-unsplash.jpg,2943,3679,JPEG,RGB,2943
test,nofire,unsplash,troy-williams,troy-williams-7M6ZmfnKI6g-unsplash.jpg,/kaggle/input/datasets/elmadafri/the-wildfire-dataset/the_wildfire_dataset_2n_version/test/nofire/troy-williams-7M6ZmfnKI6g-unsplash.jpg,5568,3712,JPEG,RGB,3712
test,nofire,unsplash,venti-views,venti-views-Clwh1mksdAM-unsplash.jpg,/kaggle/input/datasets/elmadafri/the-wildfire-dataset/the_wildfire_dataset_2n_version/test/nofire/venti-views-Clwh1mksdAM-unsplash.jpg,5471,3076,JPEG,RGB,3076
test,nofire,unsplash,victor-rodriguez,victor-rodriguez-e5g9otcYzkU-unsplash.jpg,/kaggle/input/datasets/elmadafri/the-wildfire-dataset/the_wildfire_dataset_2n_version/test/nofire/victor-rodriguez-e5g9otcYzkU-unsplash.jpg,3216,2136,JPEG,RGB,2136
test,nofire,unsplash,waranont-joe,waranont-joe-CJ1oBPZJFPg-unsplash.jpg,/kaggle/input/datasets/elmadafri/the-wildfire-dataset/the_wildfire_dataset_2n_version/test/nofire/waranont-joe-CJ1oBPZJFPg-unsplash.jpg,2976,3184,JPEG,RGB,2976
test,nofire,unsplash,wil-stewart,wil-stewart-WxXMapKQujw-unsplash.jpg,/kaggle/input/datasets/elmadafri/the-wildfire-dataset/the_wildfire_dataset_2n_version/test/nofire/wil-stewart-WxXMapKQujw-unsplash.jpg,4000,3000,JPEG,RGB,3000
test,nofire,unsplash,will-suddreth,will-suddreth-hneAIGb01xQ-unsplash.jpg,/kaggle/input/datasets/elmadafri/the-wildfire-dataset/the_wildfire_dataset_2n_version/test/nofire/will-suddreth-hneAIGb01xQ-unsplash.jpg,3992,2992,JPEG,RGB,2992
test,nofire,unsplash,wolfgang-hasselmann,wolfgang-hasselmann-6yQbmbaucqg-unsplash.jpg,/kaggle/input/datasets/elmadafri/the-wildfire-dataset/the_wildfire_dataset_2n_version/test/nofire/wolfgang-hasselmann-6yQbmbaucqg-unsplash.jpg,6000,4000,JPEG,RGB,4000
test,nofire,unsplash,yann-allegre,yann-allegre-ZDwp-QdzoH8-unsplash.jpg,/kaggle/input/datasets/elmadafri/the-wildfire-dataset/the_wildfire_dataset_2n_version/test/nofire/yann-allegre-ZDwp-QdzoH8-unsplash.jpg,3382,4228,JPEG,RGB,3382
test,nofire,unsplash,yevhenii-dubrovskyi,yevhenii-dubrovskyi-7Ya_HBl5dpk-unsplash.jpg,/kaggle/input/datasets/elmadafri/the-wildfire-dataset/the_wildfire_dataset_2n_version/test/nofire/yevhenii-dubrovskyi-7Ya_HBl5dpk-unsplash.jpg,4672,7008,JPEG,RGB,4672
test,nofire,unsplash,yulian-alexeyev,yulian-alexeyev-R2BuLIE-i3M-unsplash.jpg,/kaggle/input/datasets/elmadafri/the-wildfire-dataset/the_wildfire_dataset_2n_version/test/nofire/yulian-alexeyev-R2BuLIE-i3M-unsplash.jpg,3992,2992,JPEG,RGB,2992
test,nofire,unsplash,zetong-li,zetong-li-79sabz_JrXg-unsplash.jpg,/kaggle/input/datasets/elmadafri/the-wildfire-dataset/the_wildfire_dataset_2n_version/test/nofire/zetong-li-79sabz_JrXg-unsplash.jpg,6048,4024,JPEG,RGB,4024
test,nofire,unsplash,zetong-li,zetong-li-UVv2vL3ih7o-unsplash.jpg,/kaggle/input/datasets/elmadafri/the-wildfire-dataset/the_wildfire_dataset_2n_version/test/nofire/zetong-li-UVv2vL3ih7o-unsplash.jpg,6048,4024,JPEG,RGB,4024
test,nofire,unsplash,zhu-yunxiao,zhu-yunxiao-m6ao043bsrI-unsplash.jpg,/kaggle/input/datasets/elmadafri/the-wildfire-dataset/the_wildfire_dataset_2n_version/test/nofire/zhu-yunxiao-m6ao043bsrI-unsplash.jpg,3696,5536,JPEG,RGB,3696
test,nofire,unsplash,zongnan-bao,zongnan-bao-deagK9-Dmt0-unsplash.jpg,/kaggle/input/datasets/elmadafri/the-wildfire-dataset/the_wildfire_dataset_2n_version/test/nofire/zongnan-bao-deagK9-Dmt0-unsplash.jpg,7542,5031,JPEG,RGB,5031
